{
  "training_timestamp": "2025-06-13T15:53:01.161510",
  "training_duration_seconds": 3.776959,
  "training_data_path": "./test",
  "use_synthetic_data": true,
  "results": {
    "accuracy": 0.8378378378378378,
    "cv_mean_accuracy": 0.8152668566001899,
    "cv_std_accuracy": 0.0154946664716372,
    "classification_report": {
      "FALL_SEMESTER": {
        "precision": 1.0,
        "recall": 1.0,
        "f1-score": 1.0,
        "support": 51.0
      },
      "OTHER": {
        "precision": 1.0,
        "recall": 1.0,
        "f1-score": 1.0,
        "support": 57.0
      },
      "SEMESTER_1": {
        "precision": 0.41509433962264153,
        "recall": 0.5,
        "f1-score": 0.4536082474226804,
        "support": 44.0
      },
      "SEMESTER_2": {
        "precision": 1.0,
        "recall": 0.68,
        "f1-score": 0.8095238095238095,
        "support": 50.0
      },
      "SEMESTER_3": {
        "precision": 0.5070422535211268,
        "recall": 0.6923076923076923,
        "f1-score": 0.5853658536585366,
        "support": 52.0
      },
      "SEMESTER_4": {
        "precision": 1.0,
        "recall": 0.7777777777777778,
        "f1-score": 0.875,
        "support": 54.0
      },
      "SPRING_SEMESTER": {
        "precision": 1.0,
        "recall": 1.0,
        "f1-score": 1.0,
        "support": 53.0
      },
      "SUMMER_SEMESTER": {
        "precision": 1.0,
        "recall": 1.0,
        "f1-score": 1.0,
        "support": 46.0
      },
      "accuracy": 0.8378378378378378,
      "macro avg": {
        "precision": 0.8652670741429711,
        "recall": 0.8312606837606837,
        "f1-score": 0.8404372388256283,
        "support": 407.0
      },
      "weighted avg": {
        "precision": 0.8737846391314369,
        "recall": 0.8378378378378378,
        "f1-score": 0.8479704613096617,
        "support": 407.0
      }
    },
    "confusion_matrix": [
      [
        51,
        0,
        0,
        0,
        0,
        0,
        0,
        0
      ],
      [
        0,
        57,
        0,
        0,
        0,
        0,
        0,
        0
      ],
      [
        0,
        0,
        22,
        0,
        22,
        0,
        0,
        0
      ],
      [
        0,
        0,
        7,
        34,
        9,
        0,
        0,
        0
      ],
      [
        0,
        0,
        16,
        0,
        36,
        0,
        0,
        0
      ],
      [
        0,
        0,
        8,
        0,
        4,
        42,
        0,
        0
      ],
      [
        0,
        0,
        0,
        0,
        0,
        0,
        53,
        0
      ],
      [
        0,
        0,
        0,
        0,
        0,
        0,
        0,
        46
      ]
    ],
    "feature_importance_indices": [
      4052,
      4185,
      2246,
      3865,
      4063,
      1587,
      1588,
      4053,
      2305,
      3821,
      2820,
      1241,
      2304,
      2256,
      1240,
      3895,
      3875,
      2615,
      3885,
      2266
    ],
    "training_samples": 2031,
    "validation_samples": 407,
    "n_features": 4606,
    "n_classes": 8,
    "class_names": [
      "FALL_SEMESTER",
      "OTHER",
      "SEMESTER_1",
      "SEMESTER_2",
      "SEMESTER_3",
      "SEMESTER_4",
      "SPRING_SEMESTER",
      "SUMMER_SEMESTER"
    ],
    "model_path": "D:\\projects\\ai-ml\\models\\semester_ner_model.pkl"
  }
}