date,open,high,low,close,volume,Symbol,Market_Type
2019-01-01,0.0409840010106563,0.0425469987094402,0.0403079986572265,0.0425469987094402,14962902,ADA,Crypto
2019-01-01,150.89578247070312,168.7682647705078,150.2381591796875,164.85459899902344,267838686,BCH,Crypto
2019-01-01,6.191431999206543,6.191928863525391,5.885121822357178,6.075273036956787,23891162,BNB,Crypto
2019-01-01,3746.71337890625,3850.913818359375,3707.231201171875,3843.52001953125,4324200990,BTC,Crypto
2019-01-01,0.0023459999356418,0.0023920000530779,0.0023219999857246,0.0023920000530779,17364744,DOGE,Crypto
2019-01-01,133.41815185546875,141.3975067138672,132.6507110595703,140.8194122314453,2258709868,ETH,Crypto
2019-01-01,0.2894580066204071,0.3019799888134002,0.2894070148468017,0.2993710041046142,1522529,LINK,Crypto
2019-01-01,30.458393096923828,32.09758377075195,30.264280319213867,31.979930877685547,379429124,LTC,Crypto
2019-01-01,0.352512001991272,0.3647710084915161,0.3504019975662231,0.3647710084915161,449347622,XRP,Crypto
2019-01-02,36.896080457482114,37.839386848487095,36.73886211985297,37.61785125732422,148158800,AAPL,Stock
2019-01-02,68.40715437514122,68.42215257095926,66.29286065551923,66.90016174316406,6908400,ABBV,Stock
2019-01-02,62.83778050720856,63.34662432057855,61.65940500199233,62.043270111083984,8737200,ABT,Stock
2019-01-02,0.0425679981708526,0.0455630011856555,0.0419819988310337,0.0452580004930496,24151526,ADA,Crypto
2019-01-02,219.91000366210935,226.1699981689453,219.0,224.57000732421875,2784100,ADBE,Stock
2019-01-02,89.76412133940204,89.81466688586308,89.69672299248056,89.78096771240234,11200700,AGG,ETF
2019-01-02,73.26000213623047,77.66799926757812,73.04650115966797,76.95649719238281,159662000,AMZN,Stock
2019-01-02,20.69214058294513,21.17857350179049,20.495904039018747,21.07962417602539,30346000,AVGO,Stock
2019-01-02,20.540084475707687,21.444257176855714,20.48037518793698,21.29071807861328,71836300,BAC,Stock
2019-01-02,165.62203979492188,174.23353576660156,162.24879455566406,171.82737731933594,270357561,BCH,Crypto
2019-01-02,6.091464996337891,6.2078728675842285,5.949006080627441,6.188612937927246,30308610,BNB,Crypto
2019-01-02,66.14883377005899,66.23226947318393,66.12380369569512,66.22393035888672,4142500,BND,ETF
2019-01-02,201.72999572753903,204.3999938964844,201.1499938964844,202.8000030517578,4802100,BRK-B,Stock
2019-01-02,3849.21630859375,3947.981201171875,3817.409423828125,3943.409423828125,5244856836,BTC,Crypto
2019-01-02,182.0347240671187,186.21108736767,181.4445920990796,185.9023895263672,2143100,COST,Stock
2019-01-02,132.24121030741958,135.6414233612793,131.89425967008242,134.37254333496094,4783900,CRM,Stock
2019-01-02,105.04369390831538,106.05429094233084,104.68415964017456,105.88909912109376,9723500,DIS,Stock
2019-01-02,0.0023880000226199,0.0024580000899732,0.002371999900788,0.0024069999344646,18015392,DOGE,Crypto
2019-01-02,141.51951599121094,156.92913818359375,140.6509552001953,155.0476837158203,3328240369,ETH,Crypto
2019-01-02,121.3499984741211,121.75,120.87999725341795,121.33000183105467,12776200,GLD,ETF
2019-01-02,51.05381496390382,52.72330310283759,50.958386606132336,52.41962432861328,31868000,GOOGL,Stock
2019-01-02,144.63459337613048,147.5918733759392,144.07210821014442,146.93565368652344,4242900,HD,Stock
2019-01-02,121.66816247060498,124.42979137632118,121.08821590556587,123.96031951904295,27295100,IWM,ETF
2019-01-02,106.7007507489021,106.90893920336772,105.16015110313054,106.3843002319336,7631700,JNJ,Stock
2019-01-02,79.62041722645006,82.79859704370568,79.61212366908102,82.40858459472656,15670900,JPM,Stock
2019-01-02,38.40732787784541,38.63643209064487,38.09640585970115,38.399147033691406,11603700,KO,Stock
2019-01-02,0.3007700145244598,0.3182690143585205,0.2974640130996704,0.3164890110492706,1637715,LINK,Crypto
2019-01-02,32.0212287902832,33.7933235168457,31.765974044799805,33.43368148803711,414331918,LTC,Crypto
2019-01-02,179.1570213726134,183.9678404652216,178.655689964137,182.92662048339844,4294000,MA,Stock
2019-01-02,128.28621190400312,136.75971426450664,127.85855017312883,134.939697265625,28146200,META,Stock
2019-01-02,58.90517563397404,59.45283904251072,58.36533169887674,59.13988494873047,15120125,MRK,Stock
2019-01-02,93.47139199538393,95.53705518809,92.89863856073109,94.94552612304688,35329300,MSFT,Stock
2019-01-02,3.2391894175155715,3.4335803141832706,3.2245604965754184,3.3775441646575928,508752000,NVDA,Stock
2019-01-02,90.01887122696253,90.73637903573356,89.26012458892704,90.12608337402344,4835400,PEP,Stock
2019-01-02,30.739862056369983,31.010760310867,30.39767282636906,30.832538604736328,26430315,PFE,Stock
2019-01-02,77.30348299814099,77.60919871202455,76.3693545296966,77.51578521728516,9843900,PG,Stock
2019-01-02,144.85852854585576,149.42522683753725,144.7529948947864,148.59056091308594,58576700,QQQ,ETF
2019-01-02,14.460000038146973,14.65999984741211,14.449999809265137,14.5600004196167,12310400,SLV,ETF
2019-01-02,222.4869335602844,227.2174365566485,222.45979990497813,226.28579711914065,126925200,SPY,ETF
2019-01-02,216.25777505219256,217.6643384723094,212.5397084487112,215.82498168945312,2725100,TMO,Stock
2019-01-02,20.406667709350582,21.0086669921875,19.920000076293945,20.67466735839844,174879000,TSLA,Stock
2019-01-02,221.33118941158253,222.55077494874172,218.14221460161025,219.96707153320312,4063600,UNH,Stock
2019-01-02,75.36000061035156,80.63999938964844,74.87999725341797,78.80000305175781,4137850,USO,ETF
2019-01-02,124.27254537199612,127.84777615923264,123.890174143924,127.06389617919922,8788000,V,Stock
2019-01-02,30.146289864757904,30.508310644255552,30.113378314145717,30.483625411987305,16891700,VEA,ETF
2019-01-02,203.7156924868296,207.92187804771348,203.57159420480787,207.1472930908203,4891300,VOO,ETF
2019-01-02,113.59895583677934,115.77608426285045,113.22857024707852,115.38763427734376,5093200,VTI,ETF
2019-01-02,31.159869844632453,31.58886498327918,31.09386914003135,31.572364807128903,17856900,VWO,ETF
2019-01-02,39.54482325648012,39.54482325648012,38.92517427502211,39.44624328613281,13969700,VZ,Stock
2019-01-02,27.634518570505108,28.2406445838793,27.634518570505108,28.14716148376465,24458100,WMT,Stock
2019-01-02,41.74319650820069,43.54043220490635,41.528713760835245,43.25198745727539,24892600,XLE,ETF
2019-01-02,20.699208663432994,21.22837498032822,20.637472901527,21.18427848815918,62945000,XLF,ETF
2019-01-02,57.06819174420625,58.64741396446515,56.99299256440905,58.29961013793945,15442900,XLK,ETF
2019-01-02,76.23382015350026,76.81555411975786,75.41939123511885,76.25171661376953,14179900,XLV,ETF
2019-01-02,0.3656750023365021,0.3780210018157959,0.3595739901065826,0.3752430081367492,543216669,XRP,Crypto
2019-01-03,34.297229415515666,34.71171315877286,33.825578007512746,33.8708381652832,365248800,AAPL,Stock
2019-01-03,66.45779487638985,66.57775754142997,64.53843799682573,64.69588470458984,7653200,ABBV,Stock
2019-01-03,61.36481614769573,61.48979486566998,58.47244082898866,59.11519241333008,10570700,ABT,Stock
2019-01-03,0.0451060011982917,0.0452589988708496,0.0425349995493888,0.0426819995045661,21126963,ADA,Crypto
2019-01-03,220.8800048828125,223.6300048828125,215.1499938964844,215.6999969482422,3663500,ADBE,Stock
2019-01-03,89.7809726036892,90.21062905439624,89.7809726036892,90.1516571044922,6497000,AGG,ETF
2019-01-03,76.00050354003906,76.9000015258789,74.85549926757812,75.01399993896484,139512000,AMZN,Stock
2019-01-03,20.335420150581275,20.50005919056873,19.152182022749543,19.204566955566406,68580000,AVGO,Stock
2019-01-03,21.273650807937173,21.35895045310528,20.855684336264407,20.949512481689453,66599600,BAC,Stock
2019-01-03,173.2724609375,175.46414184570312,160.3275909423828,162.0499267578125,231676176,BCH,Crypto
2019-01-03,6.1719069480896,6.175116062164307,5.901558876037598,5.903534889221191,22821639,BNB,Crypto
2019-01-03,66.24061410032303,66.54098772029421,66.22392950620731,66.48258209228516,4908400,BND,ETF
2019-01-03,199.97000122070312,200.22000122070312,191.0399932861328,191.66000366210935,8540600,BRK-B,Stock
2019-01-03,3931.048583984375,3935.68505859375,3826.222900390625,3836.7412109375,4530215219,BTC,Crypto
2019-01-03,184.940051855488,186.9737619108082,181.617119714091,181.96212768554688,2877700,COST,Stock
2019-01-03,132.32052031129376,133.60923087258257,128.969891003435,129.26727294921875,6365700,CRM,Stock
2019-01-03,105.41295272002976,105.57814453779328,102.94476514506871,103.32373809814452,10594700,DIS,Stock
2019-01-03,0.0024039999116212,0.0024139999877661,0.0023560000117868,0.0023600000422447,17619234,DOGE,Crypto
2019-01-03,155.196044921875,155.86305236816406,147.1983642578125,149.135009765625,2676164880,ETH,Crypto
2019-01-03,121.77999877929688,122.45999908447266,121.7300033569336,122.43000030517578,15440800,GLD,ETF
2019-01-03,52.2203173605121,52.9951693589422,50.81375210348746,50.96782684326172,41960000,GOOGL,Stock
2019-01-03,146.44990899049387,146.44990899049387,143.35626570951194,143.69715881347656,4810500,HD,Stock
2019-01-03,123.26994933540244,123.94194197141088,121.18951261157808,121.7418441772461,29294600,IWM,ETF
2019-01-03,106.7090877475332,106.81734982427524,104.3940328459332,104.6938247680664,8654500,JNJ,Stock
2019-01-03,82.51738686293871,82.72652460465994,80.88611503046405,81.23746490478516,16286400,JPM,Stock
2019-01-03,38.30914158244597,38.75916291478526,38.07185652895623,38.16186141967773,14714400,KO,Stock
2019-01-03,0.3165299892425537,0.3722490072250366,0.3155249953269958,0.3659740090370178,10890273,LINK,Crypto
2019-01-03,33.353572845458984,33.42070388793945,31.592479705810547,32.02669906616211,345068249,LTC,Crypto
2019-01-03,180.76707379230865,180.7767094070005,174.48119596059604,174.67401123046875,5070900,MA,Stock
2019-01-03,133.95511098219197,136.42157543312533,130.40458222241264,131.02120971679688,22717900,META,Stock
2019-01-03,59.11639911651746,59.4371726028837,57.77853759288771,57.927188873291016,13910628,MRK,Stock
2019-01-03,93.98777634794294,94.07228456848812,91.26485228223012,91.45264434814452,42579100,MSFT,Stock
2019-01-03,3.3172935540780744,3.351262423586648,3.166045480759093,3.1734838485717773,705552000,NVDA,Stock
2019-01-03,89.82093198321844,90.8435906925738,89.1116669595245,89.28485870361328,5975900,PEP,Stock
2019-01-03,30.825402068294157,30.89669015895427,29.905771080578223,29.96993064880371,28503533,PFE,Stock
2019-01-03,77.22705528694425,78.55181902645087,76.75149392282826,76.9722900390625,9820200,PG,Stock
2019-01-03,146.403129802812,147.03631698508582,143.41942203850653,143.73602294921875,74820200,QQQ,ETF
2019-01-03,14.6899995803833,14.789999961853027,14.630000114440918,14.75,12933200,SLV,ETF
2019-01-03,224.52200302901,224.8295407402196,220.3975224936817,220.88595581054688,144140700,SPY,ETF
2019-01-03,215.17581189065345,215.41188511311907,206.62820220747344,208.69378662109372,3125000,TMO,Stock
2019-01-03,20.46666717529297,20.62666702270508,19.82533264160156,20.02400016784668,104478000,TSLA,Stock
2019-01-03,219.95800407498976,219.95800407498976,213.31807740937316,213.9685211181641,4623200,UNH,Stock
2019-01-03,79.91999816894531,80.08000183105469,77.19999694824219,79.5999984741211,4027375,USO,ETF
2019-01-03,125.4292213252392,125.49612971497,122.24592376973592,122.48491668701172,9428300,V,Stock
2019-01-03,30.38488276619868,30.44247638935945,30.129823050331638,30.23678398132324,17809700,VEA,ETF
2019-01-03,205.44504333231268,205.7332536873723,201.72523180487667,202.2025909423828,3329600,VOO,ETF
2019-01-03,114.64688258189416,114.64688258189416,112.53298964723808,112.71366119384766,5252900,VTI,ETF
2019-01-03,31.26712206555372,31.291870758332863,30.95362498630725,31.07737159729004,15615100,VWO,ETF
2019-01-03,39.64340072196882,40.129262953842506,39.47440726522346,39.58707046508789,19245400,VZ,Stock
2019-01-03,28.10795530639746,28.56028803221786,27.95416211059803,28.002410888671875,24831900,WMT,Stock
2019-01-03,43.37771167182719,43.53302760534141,42.334871684664094,42.8230094909668,18024100,XLE,ETF
2019-01-03,21.0255269909042,21.07844311433277,20.65511076255776,20.708026885986328,65729700,XLF,ETF
2019-01-03,56.81438407837384,56.85198545874933,55.28216547965503,55.357364654541016,24946700,XLK,ETF
2019-01-03,76.35912178804625,76.52021725539231,74.50652732761883,74.70342254638672,17668000,XLV,ETF
2019-01-03,0.3745050132274627,0.3745050132274627,0.3576749861240387,0.3602240085601806,438873803,XRP,Crypto
2019-01-04,34.42824508143415,35.38584345886196,34.25435404131525,35.3167610168457,234428400,AAPL,Stock
2019-01-04,65.79053540927329,66.83268702253294,64.68090334932819,66.78020477294922,8910600,ABBV,Stock
2019-01-04,59.91864892495935,61.222003647747016,59.802592360403125,60.80242919921875,8299100,ABT,Stock
2019-01-04,0.0426289997994899,0.0440919995307922,0.0424770005047321,0.0438119992613792,16024029,ADA,Crypto
2019-01-04,219.83999633789065,227.6499938964844,217.47999572753903,226.19000244140625,4043400,ADBE,Stock
2019-01-04,89.85682255521895,89.90736811860917,89.76415140402868,89.88209533691406,8149000,AGG,ETF
2019-01-04,76.5,79.69999694824219,75.91549682617188,78.76950073242188,183652000,AMZN,Stock
2019-01-04,19.48145711648481,19.661063026034487,19.26360053736165,19.3933162689209,54248000,AVGO,Stock
2019-01-04,21.4101359820213,21.879281730089403,21.350426700662364,21.81957244873047,83829100,BAC,Stock
2019-01-04,161.71157836914062,165.37069702148438,155.6101531982422,161.3956298828125,207663255,BCH,Crypto
2019-01-04,5.895051956176758,6.065897941589356,5.863714218139648,6.06513786315918,29311136,BNB,Crypto
2019-01-04,66.30735581512474,66.31570129386839,66.19888368866268,66.2823257446289,4583600,BND,ETF
2019-01-04,194.8500061035156,196.69000244140625,193.8800048828125,195.1999969482422,6611200,BRK-B,Stock
2019-01-04,3832.0400390625,3865.9345703125,3783.853759765625,3857.717529296875,4847965467,BTC,Crypto
2019-01-04,184.37709925348756,188.78042422538988,182.89721167542848,187.2460784912109,2761600,COST,Stock
2019-01-04,132.34036200579405,138.10981426170028,131.07148184235493,136.76162719726562,6650600,CRM,Stock
2019-01-04,104.8882116941208,107.61876211212488,104.21771771129023,106.51099395751952,10122800,DIS,Stock
2019-01-04,0.0023640000727027,0.0023970000911504,0.0022740000858902,0.0023149999324232,19530100,DOGE,Crypto
2019-01-04,148.9128875732422,156.8789825439453,147.9071044921875,154.58193969726562,3126192535,ETH,Crypto
2019-01-04,121.31999969482422,121.5999984741211,120.69000244140624,121.44000244140624,13334000,GLD,ETF
2019-01-04,51.81723304953154,53.67807460737884,51.53393225189304,53.582149505615234,46022000,GOOGL,Stock
2019-01-04,145.03517621132448,148.92142777413312,144.47270389675955,147.96690368652344,4762600,HD,Stock
2019-01-04,123.27908216870428,126.6666867591334,123.08577605909215,126.2892608642578,35355300,IWM,ETF
2019-01-04,105.85968084161576,107.13378697219883,105.53490732033988,106.45093536376952,8831700,JNJ,Stock
2019-01-04,82.91053302549416,84.4330549090058,82.21619447437833,84.23228454589844,16935200,JPM,Stock
2019-01-04,38.25186799479398,38.92280960083008,38.16186310010917,38.92280960083008,13013700,KO,Stock
2019-01-04,0.3687329888343811,0.4500379860401153,0.3670639991760254,0.4371750056743622,24652793,LINK,Crypto
2019-01-04,32.01652526855469,33.02334976196289,31.437557220458984,32.40416717529297,391010579,LTC,Crypto
2019-01-04,178.2122169767025,184.3823931372115,177.81693615884762,182.9458923339844,4452900,MA,Stock
2019-01-04,133.27882130347805,137.24705688978864,133.02024535513934,137.19732666015625,29002100,META,Stock
2019-01-04,58.47486919818622,59.85185350306911,58.39663067164323,59.671905517578125,14753115,MRK,Stock
2019-01-04,93.6309853829668,96.25062569325964,92.88922281508876,95.70603942871094,44060600,MSFT,Stock
2019-01-04,3.246628513316436,3.414985047733313,3.215883085863132,3.3768012523651123,585620000,NVDA,Stock
2019-01-04,90.34051609826996,91.2147239283403,89.26836943364019,91.11576080322266,6293900,PEP,Stock
2019-01-04,30.25509473421288,30.90382479997066,30.1267727060419,30.654312133789062,27145348,PFE,Stock
2019-01-04,77.14211640013089,78.5433120727539,76.74299374722827,78.5433120727539,10565700,PG,Stock
2019-01-04,146.153694654406,150.6244624678023,145.57806854948535,149.88572692871094,74709300,QQQ,ETF
2019-01-04,14.729999542236328,14.789999961853027,14.630000114440918,14.729999542236328,17854300,SLV,ETF
2019-01-04,223.94311985810432,228.93591842302675,223.5632349609781,228.28468322753903,142628800,SPY,ETF
2019-01-04,212.47087161117236,220.8414527801132,212.10693851992727,218.1266632080078,2865400,TMO,Stock
2019-01-04,20.399999618530277,21.200000762939453,20.18199920654297,21.179332733154297,110911500,TSLA,Stock
2019-01-04,216.63356511432625,219.9399855962439,215.73017244394515,216.470947265625,5367600,UNH,Stock
2019-01-04,81.36000061035156,83.12000274658203,80.4800033569336,81.44000244140625,4864513,USO,ETF
2019-01-04,124.69312148164391,128.66027636815855,124.3967816893313,127.76168823242188,11065800,V,Stock
2019-01-04,30.69754817086879,31.22412044023149,30.656407162197457,31.166526794433597,12485600,VEA,ETF
2019-01-04,204.94065305288825,209.5161075816973,204.58938851934195,208.8766326904297,5100100,VOO,ETF
2019-01-04,114.25842212249955,116.8691581258959,114.11387938466576,116.44457244873048,4776900,VTI,ETF
2019-01-04,31.49811533782439,32.18285533364486,31.465114985785945,32.05910873413086,21471400,VWO,ETF
2019-01-04,39.77719720683005,40.05885391363128,39.3969578322402,39.6856575012207,17035800,VZ,Stock
2019-01-04,28.10795605951599,28.24365553579553,27.95114838933073,28.17731475830078,24087300,WMT,Stock
2019-01-04,43.56262758875614,44.41316953650324,43.31116239956088,44.2800407409668,21351500,XLE,ETF
2019-01-04,21.06080520033052,21.440041087334592,21.00788907349864,21.395944595336918,64638400,XLF,ETF
2019-01-04,56.37257620397145,58.05519661280005,56.19397145344467,57.810794830322266,20767800,XLK,ETF
2019-01-04,75.58048100486148,77.3525308747981,75.54468808701525,76.93189239501953,16262600,XLV,ETF
2019-01-04,0.3597530126571655,0.3646419942378998,0.3527849912643432,0.3567470014095306,450633876,XRP,Crypto
2019-01-05,0.0436590015888214,0.0455700010061264,0.0433499999344348,0.0447009988129138,25100965,ADA,Crypto
2019-01-05,161.1407928466797,166.359130859375,158.33197021484375,160.40121459960938,230320255,BCH,Crypto
2019-01-05,6.055661201477051,6.204376220703125,6.03407096862793,6.065543174743652,30340637,BNB,Crypto
2019-01-05,3851.973876953125,3904.903076171875,3836.900146484375,3845.194580078125,5137609824,BTC,Crypto
2019-01-05,0.0023199999704957,0.0023499999660998,0.0022799998987466,0.0023189999628812,17148586,DOGE,Crypto
2019-01-05,154.33741760253906,160.82489013671875,154.33741760253906,155.6385955810547,3338211928,ETH,Crypto
2019-01-05,0.4397059977054596,0.4435549974441528,0.3876360058784485,0.3959479928016662,13064911,LINK,Crypto
2019-01-05,32.34554672241211,36.14344024658203,32.34479522705078,34.936866760253906,640607603,LTC,Crypto
2019-01-05,0.356346994638443,0.361068993806839,0.3539870083332062,0.3552750051021576,452090239,XRP,Crypto
2019-01-06,0.0447090007364749,0.0496370010077953,0.0447090007364749,0.0492610000073909,51366407,ADA,Crypto
2019-01-06,160.18698120117188,170.75271606445312,159.15122985839844,166.8411865234375,226834845,BCH,Crypto
2019-01-06,6.068152904510498,6.502734184265137,6.034090042114258,6.395978927612305,41574183,BNB,Crypto
2019-01-06,3836.51904296875,4093.29736328125,3826.51318359375,4076.632568359375,5597027440,BTC,Crypto
2019-01-06,0.0023129999171942,0.0023709998931735,0.002290999982506,0.0023280000314116,18175111,DOGE,Crypto
2019-01-06,155.80422973632812,159.37144470214844,152.08592224121094,157.74620056152344,3231294371,ETH,Crypto
2019-01-06,0.3962509930133819,0.4029049873352051,0.3738459944725036,0.3970099985599518,7628848,LINK,Crypto
2019-01-06,34.84721755981445,39.95914077758789,34.784061431884766,39.29885482788086,809493170,LTC,Crypto
2019-01-06,0.3547500073909759,0.3696599900722503,0.3525890111923218,0.3683950006961822,492558794,XRP,Crypto
2019-01-07,35.42156912174751,35.452537360060994,34.7545852369162,35.2381477355957,219111200,AAPL,Stock
2019-01-07,67.5299480091692,68.04727707714122,66.87766378086255,67.75487518310547,7281500,ABBV,Stock
2019-01-07,60.8738401932759,62.36466286551137,60.864911194585694,61.712982177734375,9503000,ABT,Stock
2019-01-07,0.0492659993469715,0.0507440008223056,0.047579001635313,0.0479959994554519,45688431,ADA,Crypto
2019-01-07,229.9499969482422,232.6000061035156,227.2899932861328,229.25999450683597,3638500,ADBE,Stock
2019-01-07,89.90735410417294,89.9663260614233,89.68831265118823,89.73043823242188,7433700,AGG,ETF
2019-01-07,80.1155014038086,81.72799682617188,79.45950317382812,81.47550201416016,159864000,AMZN,Stock
2019-01-07,19.42824545571311,19.976211284451537,19.18793925436026,19.78829002380371,53433000,AVGO,Stock
2019-01-07,21.802509307861328,21.99016888385279,21.57220234262149,21.802509307861328,57016300,BAC,Stock
2019-01-07,166.8470001220703,168.32928466796875,160.80352783203125,161.2439727783203,204578538,BCH,Crypto
2019-01-07,6.429357051849365,6.429487228393555,6.231934070587158,6.29141092300415,37914513,BNB,Crypto
2019-01-07,66.30738486141871,66.34076042527852,66.15719800691852,66.1822280883789,4121700,BND,ETF
2019-01-07,196.38999938964844,198.27999877929688,195.3699951171875,196.91000366210935,5423000,BRK-B,Stock
2019-01-07,4078.5849609375,4092.613525390625,4020.89404296875,4025.248291015625,5228625637,BTC,Crypto
2019-01-07,186.59237207842827,189.86081708238825,184.7947127800637,187.93606567382807,2226600,COST,Stock
2019-01-07,139.79504586495543,142.14445421887118,137.58440568151892,140.984619140625,9064800,CRM,Stock
2019-01-07,106.80251881390964,108.25038997736765,106.20976474701092,107.43413543701172,6714700,DIS,Stock
2019-01-07,0.0023280000314116,0.0023350000847131,0.0022750000935047,0.002284999936819,15899004,DOGE,Crypto
2019-01-07,157.8094940185547,158.45042419433594,151.15072631835938,151.69921875,2712108388,ETH,Crypto
2019-01-07,122.16000366210938,122.22000122070312,121.56999969482422,121.86000061035156,7473600,GLD,ETF
2019-01-07,53.72628554146417,53.81226813556225,52.815249239588354,53.47529220581055,47446000,GOOGL,Stock
2019-01-07,148.14586007729437,151.8531207816157,148.14586007729437,150.88156127929688,4928800,HD,Stock
2019-01-07,126.3537142751513,129.21660327589606,125.87504207721209,128.4985809326172,30477900,IWM,ETF
2019-01-07,106.2843927178952,106.88398297904824,105.59321171357638,105.7680892944336,8404700,JNJ,Stock
2019-01-07,84.0147845238715,84.88479799153207,83.41246701684685,84.29084777832031,15430700,JPM,Stock
2019-01-07,38.9228086999438,39.07008886578855,38.37460162139701,38.41551208496094,13135500,KO,Stock
2019-01-07,0.3970719873905182,0.409974992275238,0.3714019954204559,0.376473993062973,5182374,LINK,Crypto
2019-01-07,39.27975082397461,39.647560119628906,37.61374282836914,37.8062744140625,586891613,LTC,Crypto
2019-01-07,183.78465972733915,186.08883647456796,182.8976978320524,184.3534698486328,4219200,MA,Stock
2019-01-07,136.8094514907593,138.11230152438995,135.1684601855292,137.29678344726562,20089300,META,Stock
2019-01-07,59.57802823720965,59.82838904701689,58.999068082582944,59.01471328735352,15795142,MRK,Stock
2019-01-07,95.43377228594711,96.96424048393544,94.81407618722643,95.828125,35656100,MSFT,Stock
2019-01-07,3.4340764977626783,3.592515097909352,3.382751130928704,3.5555708408355717,709160000,NVDA,Stock
2019-01-07,90.72813914119992,91.03328383551766,89.60651090547557,90.33226776123048,5220300,PEP,Stock
2019-01-07,30.704215242705587,31.096306992101567,30.554510506504155,30.81827735900879,20995469,PFE,Stock
2019-01-07,78.05078527354442,78.5518153643512,77.6176869639163,78.22911834716797,9012500,PG,Stock
2019-01-07,150.2598747605147,152.40891674339727,149.7705904218938,151.67018127441406,52059300,QQQ,ETF
2019-01-07,14.760000228881836,14.779999732971191,14.65999984741211,14.670000076293944,7432300,SLV,ETF
2019-01-07,228.55607738778912,231.5047162321808,227.65158542063745,230.0846710205078,103139100,SPY,ETF
2019-01-07,218.36265365379936,224.71681675587772,218.36265365379936,221.06759643554688,2931400,TMO,Stock
2019-01-07,21.447999954223636,22.44933319091797,21.183332443237305,22.33066749572754,113268000,TSLA,Stock
2019-01-07,217.17559888079705,218.60296099645424,215.21523838214472,216.8865203857422,4133000,UNH,Stock
2019-01-07,82.16000366210938,84.16000366210938,81.83999633789062,82.31999969482422,4031138,USO,ETF
2019-01-07,128.52648354178072,131.12664865938132,128.13454356315466,130.0655517578125,12928000,V,Stock
2019-01-07,31.19120175506089,31.429805740863426,31.10892603377196,31.26525115966797,15899600,VEA,ETF
2019-01-07,209.21889213447903,211.86689278643135,208.34524542474892,210.44381713867188,3706000,VOO,ETF
2019-01-07,116.70655733689745,118.3777862130695,116.36327178224028,117.61895751953124,4485100,VTI,ETF
2019-01-07,32.05086139765808,32.21586003302916,31.89411442495353,32.1251106262207,17582800,VWO,ETF
2019-01-07,39.96730410311158,40.31937691217603,39.81943416796908,39.93914031982422,16349000,VZ,Stock
2019-01-07,28.231590271722112,28.69900047242612,28.09890528418756,28.50901985168457,23369100,WMT,Stock
2019-01-07,44.612865246753145,45.26371685927715,44.02118324507784,44.938289642333984,18056700,XLE,ETF
2019-01-07,21.351844356372123,21.61642832929208,21.219553210998733,21.422401428222656,48167000,XLF,ETF
2019-01-07,57.81080570649208,58.72261956186003,57.67920444610195,58.32781219482422,11908600,XLK,ETF
2019-01-07,76.95872400489884,77.95214455077034,76.72603594824746,77.22721862792969,12387200,XLV,ETF
2019-01-07,0.3688539862632751,0.3779099881649017,0.3633869886398315,0.3643470108509063,499028522,XRP,Crypto
2019-01-08,35.62643221113831,36.16478528700009,35.378697182298566,35.9099006652832,164101200,AAPL,Stock
2019-01-08,68.37715752847407,69.20188661991315,67.77736131304178,68.06976318359375,7478300,ABBV,Stock
2019-01-08,62.08793248654337,62.168273051688,59.81152112247489,60.9720458984375,8905100,ABT,Stock
2019-01-08,0.048140000551939,0.0500210002064704,0.0467489995062351,0.0485250018537044,34626383,ADA,Crypto
2019-01-08,232.6499938964844,233.7700042724609,228.3300018310547,232.67999267578125,3685900,ADBE,Stock
2019-01-08,89.63776738329604,89.74728489640917,89.62091457976399,89.66304016113281,4395600,AGG,ETF
2019-01-08,83.2344970703125,83.83049774169922,80.83049774169922,82.8290023803711,177628000,AMZN,Stock
2019-01-08,19.965398605903196,20.11423969783721,19.40496069932316,19.62946891784668,36795000,AVGO,Stock
2019-01-08,21.938994587754223,21.99870550580261,21.40160934096801,21.75986671447754,67339400,BAC,Stock
2019-01-08,161.40292358398438,164.85931396484375,158.65904235839844,161.91262817382812,167967145,BCH,Crypto
2019-01-08,6.295865058898926,6.911028861999512,6.23575496673584,6.640054225921631,65660517,BNB,Crypto
2019-01-08,66.12383074378216,66.18223639643419,66.08210969228556,66.09880065917969,1745400,BND,ETF
2019-01-08,198.9900054931641,199.0800018310547,194.66000366210935,196.30999755859372,4476800,BRK-B,Stock
2019-01-08,4028.47216796875,4109.02099609375,3996.955322265625,4030.847900390625,5306593305,BTC,Crypto
2019-01-08,189.43415061172,189.82455650783533,185.37581891151703,189.34336853027344,2366500,COST,Stock
2019-01-08,143.4728176919037,145.18780116577673,141.64880423973085,144.4542236328125,9057300,CRM,Stock
2019-01-08,108.63908217382068,109.37758936010025,108.02688941563184,108.2698211669922,8730700,DIS,Stock
2019-01-08,0.0022980000358074,0.0023209999781101,0.0022609999869018,0.0022760001011192,20994417,DOGE,Crypto
2019-01-08,151.96754455566406,153.6257781982422,148.66954040527344,150.35963439941406,2459808140,ETH,Crypto
2019-01-08,121.1500015258789,121.70999908447266,121.05999755859376,121.52999877929688,7643100,GLD,ETF
2019-01-08,53.97628698527436,54.34159641838768,53.09904835799021,53.94497680664063,35414000,GOOGL,Stock
2019-01-08,152.18552138892755,153.05480264272063,149.66286838680995,151.60598754882812,4722400,HD,Stock
2019-01-08,129.61245341307463,130.52378196670512,128.3144844499615,130.4685516357422,27320900,IWM,ETF
2019-01-08,106.74237226631293,108.67436711428203,106.367641964137,108.22468566894533,9351600,JNJ,Stock
2019-01-08,85.01863089217639,85.17757754051931,83.27861058254419,84.13188934326172,13578800,JPM,Stock
2019-01-08,38.66096865673405,38.9227993058719,38.48914287847499,38.849159240722656,15420700,KO,Stock
2019-01-08,0.3777360022068023,0.4245960116386413,0.3653950095176697,0.4241980016231537,6481963,LINK,Crypto
2019-01-08,37.91899108886719,40.95065689086914,37.91899108886719,39.47971725463867,643946959,LTC,Crypto
2019-01-08,183.3973390460147,185.89866211181905,182.0452844723013,185.6958465576172,5069700,MA,Stock
2019-01-08,139.12673942166552,142.35900695396398,138.7786430018194,141.75233459472656,26263800,META,Stock
2019-01-08,59.358952725125405,59.62496497237471,58.90517927005963,59.45284271240234,11896686,MRK,Stock
2019-01-08,96.74826967138767,97.62148317604768,95.49947915633513,96.5229263305664,31514400,MSFT,Stock
2019-01-08,3.6371460416093,3.639377764666584,3.3944051330701552,3.4670538902282715,786016000,NVDA,Stock
2019-01-08,90.83534537837544,91.37966770387868,90.241541493158,91.19822692871094,6407700,PEP,Stock
2019-01-08,31.05353585163476,31.15334092920187,30.761249143571828,30.96085929870605,19677231,PFE,Stock
2019-01-08,78.7216458032401,79.05283668593803,77.97434446157908,78.51783752441406,9551300,PG,Stock
2019-01-08,153.0613068055769,153.60816696356372,150.81633430670357,153.04212951660156,49388700,QQQ,ETF
2019-01-08,14.649999618530272,14.729999542236328,14.640000343322754,14.6899995803833,6776400,SLV,ETF
2019-01-08,232.2916095636164,232.73480174867743,229.7409358557966,232.24636840820312,102512600,SPY,ETF
2019-01-08,222.9562390258737,227.27431270632783,221.9431157370029,226.2120056152344,2876600,TMO,Stock
2019-01-08,22.797332763671875,22.93400001525879,21.801332473754883,22.356666564941406,105127500,TSLA,Stock
2019-01-08,218.91909738978435,221.14143513114144,216.5522135459085,219.78634643554688,3618600,UNH,Stock
2019-01-08,83.44000244140625,84.4000015258789,82.87999725341797,84.0,3644150,USO,ETF
2019-01-08,131.89140029857657,132.1017088352817,129.96996094398114,130.77294921875,9243000,V,Stock
2019-01-08,31.561462843980493,31.577918623295584,31.372226089785407,31.48741340637207,11334300,VEA,ETF
2019-01-08,212.60546557240053,212.97474758189932,210.2456751949911,212.4883728027344,3546600,VOO,ETF
2019-01-08,118.74817527993744,119.00111818517922,117.48346075372844,118.82947540283205,3949400,VTI,ETF
2019-01-08,32.16635191565344,32.36434769438353,31.993101675406905,32.30659866333008,17090900,VWO,ETF
2019-01-08,40.32641873855077,41.32630419884678,40.17150584736597,41.1080207824707,21424600,VZ,Stock
2019-01-08,28.665835472223357,28.876924329929928,28.319047127566154,28.708053588867188,21602700,WMT,Stock
2019-01-08,45.566946261970045,45.67049024186975,45.04182875170049,45.28589630126953,18692300,XLE,ETF
2019-01-08,21.61642991661135,21.65170677295385,21.19309754746145,21.440040588378903,90114700,XLF,ETF
2019-01-08,58.89181882331778,59.09861925524986,58.121008411720005,58.81661605834961,13002600,XLK,ETF
2019-01-08,77.84477706821426,78.08641684376613,76.9677002700732,77.82687377929688,13371000,XLV,ETF
2019-01-08,0.3644199967384338,0.3709920048713684,0.3607339859008789,0.3653149902820587,499493490,XRP,Crypto
2019-01-09,36.03852503674899,36.81032108583574,35.64310209875845,36.51970672607422,180396400,AAPL,Stock
2019-01-09,68.13720970237517,68.51958342107253,65.57306864315653,65.83547973632812,9971900,ABBV,Stock
2019-01-09,61.53443586261254,62.355726564339626,61.41838613655207,61.98971939086914,6091000,ABT,Stock
2019-01-09,0.0485670007765293,0.0527400001883506,0.0485330000519752,0.0521689988672733,55364234,ADA,Crypto
2019-01-09,234.00999450683597,238.58999633789065,232.0,235.42999267578125,3594200,ADBE,Stock
2019-01-09,89.65458585734828,89.78095613466489,89.6377394865204,89.73883056640625,5458100,AGG,ETF
2019-01-09,82.64900207519531,83.38999938964844,82.06999969482422,82.97100067138672,126976000,AMZN,Stock
2019-01-09,19.82486927643002,20.511697013496963,19.777473845534423,20.47843742370605,52971000,AVGO,Stock
2019-01-09,21.896344464118677,22.04988356322508,21.65750568473582,21.973114013671875,69707200,BAC,Stock
2019-01-09,162.11941528320312,162.53659057617188,158.4420166015625,160.08474731445312,163008542,BCH,Crypto
2019-01-09,6.659678936004639,6.965077877044678,6.473887920379639,6.641550064086914,74676974,BNB,Crypto
2019-01-09,66.11545517244139,66.21558183102427,66.107116058528,66.1905517578125,1989600,BND,ETF
2019-01-09,197.3000030517578,197.67999267578125,194.9499969482422,196.3699951171875,3607500,BRK-B,Stock
2019-01-09,4031.552001953125,4068.403564453125,4022.662841796875,4035.29638671875,5115905225,BTC,Crypto
2019-01-09,189.88811801349763,191.76748596253327,188.77139996098535,190.5690460205078,1862900,COST,Stock
2019-01-09,145.61403888928118,146.2187407271687,143.27453843259673,144.72186279296875,5445900,CRM,Stock
2019-01-09,108.63907647649064,109.610803430972,108.40585666955954,109.4844741821289,5931900,DIS,Stock
2019-01-09,0.0022780001163482,0.0023070001043379,0.0022549999412149,0.0022660000249743,17010797,DOGE,Crypto
2019-01-09,150.5546875,153.62225341796875,150.2883758544922,150.80311584472656,2369241197,ETH,Crypto
2019-01-09,121.4499969482422,122.33999633789062,121.44000244140624,122.30999755859376,10555900,GLD,ETF
2019-01-09,54.07519375256941,54.25660469889554,53.398250052624014,53.76008224487305,26998000,GOOGL,Stock
2019-01-09,151.58895559977344,154.48659910922538,150.9327356997902,153.17413330078125,4922000,HD,Stock
2019-01-09,130.91960037172558,131.99663378052344,130.36726906376165,131.54556274414062,25764600,IWM,ETF
2019-01-09,108.11646783085854,108.45790006624176,106.86733666349306,107.36698150634766,7403500,JNJ,Stock
2019-01-09,84.33267516077379,84.90152989973244,83.5965128325113,83.98969268798828,14230300,JPM,Stock
2019-01-09,38.521890118222494,38.685532007868375,37.99004461306647,38.10459518432617,18032500,KO,Stock
2019-01-09,0.428384006023407,0.435930997133255,0.4010649919509887,0.4018050134181976,8182734,LINK,Crypto
2019-01-09,39.44645309448242,40.27861404418945,38.90272521972656,38.98553466796875,504601883,LTC,Crypto
2019-01-09,187.6467259787701,189.81968082602123,186.6616489885208,189.0663909912109,5471500,MA,Stock
2019-01-09,142.17003929446577,143.91049101938185,140.499212922803,143.44305419921875,22205900,META,Stock
2019-01-09,59.37459124088591,59.70319048577506,58.928637356957,58.99905014038086,11916284,MRK,Stock
2019-01-09,97.51821405374864,98.47592876959796,96.93606924150345,97.9031753540039,32280800,MSFT,Stock
2019-01-09,3.518379287261534,3.5825979624091406,3.46779805366671,3.5352399349212646,617260000,NVDA,Stock
2019-01-09,90.99203629430986,91.43738916378469,88.64981079101562,88.64981079101562,8521300,PEP,Stock
2019-01-09,30.982255584744134,31.13196037269069,30.796902431948723,30.89670753479004,20107580,PFE,Stock
2019-01-09,78.71315481013995,78.94243830354948,77.1166383414066,77.23552703857422,15015600,PG,Stock
2019-01-09,153.63697376046542,154.9609388833458,152.99418313042833,154.28936767578125,46491700,QQQ,ETF
2019-01-09,14.68000030517578,14.8100004196167,14.65999984741211,14.779999732971191,11011300,SLV,ETF
2019-01-09,232.9609573357772,234.1820270564841,231.7218077121144,233.3318023681641,95006600,SPY,ETF
2019-01-09,227.37261592758747,234.19891150055747,227.37261592758747,232.5169219970703,2989000,TMO,Stock
2019-01-09,22.36666679382324,22.899999618530277,22.097999572753903,22.568666458129883,81493500,TSLA,Stock
2019-01-09,221.1143801964334,222.80373382662157,218.6752227967704,220.1025848388672,3425400,UNH,Stock
2019-01-09,86.4800033569336,88.80000305175781,85.5199966430664,88.4000015258789,6148538,USO,ETF
2019-01-09,132.2068422082281,133.33484728452223,131.55679376482755,132.31199645996094,9987600,V,Stock
2019-01-09,31.78360026757525,31.96460750078926,31.709550855336552,31.87410545349121,19657300,VEA,ETF
2019-01-09,213.19991509497663,214.3077473675493,212.07406537882645,213.47010803222656,4565000,VOO,ETF
2019-01-09,119.26310831535658,119.85029427181776,118.66687982198194,119.38957977294922,6405100,VTI,ETF
2019-01-09,32.50461037910124,32.933602450845505,32.496358715940346,32.77685546875,21629700,VWO,ETF
2019-01-09,41.03901312725687,41.06747356568863,40.44847124341357,40.59077072143555,18136000,VZ,Stock
2019-01-09,28.861846926586225,28.99151402207206,28.578384892903888,28.61457061767578,18816900,WMT,Stock
2019-01-09,45.89237718004802,46.15863477873359,45.41903159187911,46.00331878662109,18756800,XLE,ETF
2019-01-09,21.492959421192324,21.62525058258922,21.343028989696275,21.545875549316406,61037100,XLF,ETF
2019-01-09,59.13622612673225,59.8882359168892,59.07042549421011,59.578033447265625,14022400,XLK,ETF
2019-01-09,78.16695930546068,78.63234921281617,77.94321599602928,78.17591094970703,11259700,XLV,ETF
2019-01-09,0.3658860027790069,0.373522013425827,0.3647559881210327,0.3708899915218353,455908708,XRP,Crypto
2019-01-10,36.326761169795496,36.676927617426905,35.93609975244225,36.63643264770508,143122800,AAPL,Stock
2019-01-10,65.88799477827186,66.63774440091093,65.31818918356386,66.12791442871094,6527700,ABBV,Stock
2019-01-10,61.311265194647184,61.98972606121496,61.10593909170668,61.66835021972656,8051200,ABT,Stock
2019-01-10,0.0520489998161792,0.054636001586914,0.0427559986710548,0.0445289984345436,91162431,ADA,Crypto
2019-01-10,233.7700042724609,238.0399932861328,231.7100067138672,237.7700042724609,2704600,ADBE,Stock
2019-01-10,89.7388550845564,89.77255426287864,89.57879202185214,89.63776397705078,3532500,AGG,ETF
2019-01-10,82.05049896240234,83.1624984741211,81.08100128173828,82.81099700927734,130154000,AMZN,Stock
2019-01-10,20.41940525600938,20.835160558281185,20.31879381777117,20.747852325439453,29594000,AVGO,Stock
2019-01-10,21.80251415201513,21.990173769701425,21.683095578546435,21.94752311706543,65235800,BAC,Stock
2019-01-10,160.28477478027344,164.39772033691406,133.33888244628906,134.966796875,349267379,BCH,Crypto
2019-01-10,6.61093807220459,6.683948040008545,5.800487041473389,5.915918827056885,75844882,BNB,Crypto
2019-01-10,66.14050359352395,66.20725471776312,66.03203779093845,66.05706787109375,2579900,BND,ETF
2019-01-10,195.50999450683597,197.8999938964844,194.9600067138672,196.5800018310547,3627700,BRK-B,Stock
2019-01-10,4034.411376953125,4064.066650390625,3659.174560546875,3678.924560546875,6874143796,BTC,Crypto
2019-01-10,188.98018956594453,191.47692526878004,187.0282017396787,191.24087524414065,2340700,COST,Stock
2019-01-10,142.52115659670952,145.9312777073384,142.51123378018494,145.7627410888672,5116900,CRM,Stock
2019-01-10,108.8237054094011,109.7176998900088,108.3475612519295,109.61080932617188,6160100,DIS,Stock
2019-01-10,0.0022630000021308,0.002295000012964,0.0020850000437349,0.0021319999359548,21174109,DOGE,Crypto
2019-01-10,150.843505859375,152.1482696533203,126.52937316894533,128.62518310546875,3397734456,ETH,Crypto
2019-01-10,121.9800033569336,122.18000030517578,121.56999969482422,121.58999633789062,6672000,GLD,ETF
2019-01-10,53.42658220424713,53.66863030598773,52.91664003226324,53.61992263793945,26598000,GOOGL,Stock
2019-01-10,151.7253220026994,152.756545164783,150.28502448898888,152.60313415527344,3605300,HD,Stock
2019-01-10,130.772346897556,132.3004517721393,130.11876918072207,132.226806640625,22896800,IWM,ETF
2019-01-10,106.3343511459552,108.16640724699384,106.3343511459552,108.01651763916016,6224400,JNJ,Stock
2019-01-10,83.67181999311825,84.26577676126936,83.04440680474569,83.9813461303711,14376100,JPM,Stock
2019-01-10,38.178220213102136,38.53005575524504,37.91638954749826,38.51369094848633,15976600,KO,Stock
2019-01-10,0.4009679853916168,0.406695008277893,0.346560001373291,0.3546040058135986,5524822,LINK,Crypto
2019-01-10,38.98713684082031,39.52403259277344,33.0317497253418,33.86600875854492,701124437,LTC,Crypto
2019-01-10,186.420209931618,190.48605638230356,184.7687724967485,190.2059783935547,3693600,MA,Stock
2019-01-10,142.29933898644884,143.77125966744137,140.0715552506083,143.41322326660156,16125000,META,Stock
2019-01-10,59.2103075985717,59.2103075985717,57.481259088281234,58.27145767211914,19134070,MRK,Stock
2019-01-10,96.91729173161804,97.41492829142284,96.12857918956897,97.27408599853516,30067600,MSFT,Stock
2019-01-10,3.515900218682704,3.609624323975966,3.455400841822728,3.6009461879730225,523156000,NVDA,Stock
2019-01-10,88.5838646937796,89.35085419707363,88.54262585735684,89.19416046142578,7905000,PEP,Stock
2019-01-10,30.81115233171972,30.818280856508363,29.962812020834644,30.16242218017578,39731162,PFE,Stock
2019-01-10,77.18457825240179,77.73656520338966,76.94680085294812,77.42235565185547,11102300,PG,Stock
2019-01-10,153.1189114462559,154.81702410716326,152.25545018762818,154.73068237304688,38943400,QQQ,ETF
2019-01-10,14.68000030517578,14.720000267028809,14.59000015258789,14.600000381469728,8700300,SLV,ETF
2019-01-10,231.7850820454075,234.40810279625572,231.09765943100183,234.15484619140625,96823900,SPY,ETF
2019-01-10,230.56936985578187,235.5759703841764,230.56936985578187,234.9464569091797,1885700,TMO,Stock
2019-01-10,22.293333053588867,23.025999069213867,22.119333267211918,22.99799919128418,90846000,TSLA,Stock
2019-01-10,218.6932405330104,221.45761915598723,218.08796926066427,221.2136993408203,3374100,UNH,Stock
2019-01-10,87.12000274658203,89.12000274658203,86.80000305175781,88.80000305175781,2647250,USO,ETF
2019-01-10,130.78250826681634,132.70396227953677,130.35233700262697,132.56056213378906,12514900,V,Stock
2019-01-10,31.74246642848455,32.022205200622544,31.734236971293257,32.00575256347656,16334500,VEA,ETF
2019-01-10,212.24515270940304,214.51486926145083,211.5246199884945,214.36175537109372,2813500,VOO,ETF
2019-01-10,118.7391086270784,120.04899406490784,118.34162310732876,119.97672271728516,2685700,VTI,ETF
2019-01-10,32.61185420615492,33.0408493905566,32.60360569074344,33.024349212646484,18736700,VWO,ETF
2019-01-10,40.76152080763102,41.05323344586358,40.46269170443837,40.98208236694336,14259900,VZ,Stock
2019-01-10,28.31000099485625,28.64171181901617,28.08082013169063,28.63568115234375,28188900,WMT,Stock
2019-01-10,45.65568960336188,46.195599416387786,45.39682970032252,46.13643264770508,19167600,XLE,ETF
2019-01-10,21.422402072692677,21.62524861384584,21.351844998719507,21.5546932220459,48630500,XLF,ETF
2019-01-10,59.10801571177949,59.869423911629845,58.83541109377301,59.84122467041016,10934100,XLK,ETF
2019-01-10,77.82688865839998,78.38177464315338,77.4330981641811,78.32807159423828,10396800,XLV,ETF
2019-01-10,0.3714640140533447,0.3819490075111389,0.3271589875221252,0.3326520025730133,839535352,XRP,Crypto
2019-01-11,36.417282860183526,36.61261175890216,36.09093504627831,36.276737213134766,108092800,AAPL,Stock
2019-01-11,65.63306835796391,66.21037292480469,65.63306835796391,66.21037292480469,5318100,ABBV,Stock
2019-01-11,61.239840836032805,61.918301636223006,61.10593311337518,61.89152145385742,6583000,ABT,Stock
2019-01-11,0.0443219989538192,0.0451570004224777,0.042748998850584,0.0441469997167587,35963011,ADA,Crypto
2019-01-11,235.7100067138672,239.32000732421875,235.22999572753903,237.5500030517578,3179500,ADBE,Stock
2019-01-11,89.78942530886671,89.85682367920492,89.72202693852849,89.76415252685547,5759000,AGG,ETF
2019-01-11,82.02749633789062,83.0145034790039,81.81099700927734,82.02799987792969,93724000,AMZN,Stock
2019-01-11,20.740364620750288,21.03056093908093,20.731216686791026,20.835155487060547,20158000,AVGO,Stock
2019-01-11,21.776922032765416,22.211948860902627,21.717211128273185,22.203418731689453,63476000,BAC,Stock
2019-01-11,133.90774536132812,134.7850341796875,129.4267120361328,131.6685791015625,221067019,BCH,Crypto
2019-01-11,5.965033054351807,6.237287998199463,5.842599868774414,6.075342178344727,50239804,BNB,Crypto
2019-01-11,66.19889087172588,66.24895738388523,66.16552168460073,66.1905517578125,3097100,BND,ETF
2019-01-11,195.66000366210935,196.6499938964844,194.5,196.2899932861328,3535200,BRK-B,Stock
2019-01-11,3674.015380859375,3713.8818359375,3653.06982421875,3687.365478515625,5538712865,BTC,Crypto
2019-01-11,190.69614778634767,191.79471770877075,190.0333817532496,191.12286376953125,1861100,COST,Stock
2019-01-11,145.28690473242415,146.74413679346767,144.34515992883152,146.268310546875,5185200,CRM,Stock
2019-01-11,109.00832926276088,109.72740512804955,108.57105510187856,109.4650421142578,4819100,DIS,Stock
2019-01-11,0.0021289999131113,0.0021490000654011,0.0021049999631941,0.0021289999131113,17187243,DOGE,Crypto
2019-01-11,127.81396484375,130.1659393310547,125.24494171142578,127.54832458496094,2667585234,ETH,Crypto
2019-01-11,121.73999786376952,122.0500030517578,121.66000366210938,121.8000030517578,8622400,GLD,ETF
2019-01-11,53.17608529611614,53.34855102616008,52.50660034597815,52.90620422363281,30864000,GOOGL,Stock
2019-01-11,151.64009502508836,153.62582937912487,150.94977798011968,152.90142822265625,3285100,HD,Stock
2019-01-11,131.64681834320544,132.5489603839515,131.34303753924416,132.26358032226562,22428400,IWM,ETF
2019-01-11,107.42525451307353,108.12476474863902,106.85065228142462,108.04981994628906,5300400,JNJ,Stock
2019-01-11,83.56306124680204,83.79729445619616,82.77670143037066,83.57979583740234,15439900,JPM,Stock
2019-01-11,38.69370105459431,38.75097631813848,38.43187038660157,38.73461151123047,11088600,KO,Stock
2019-01-11,0.354977011680603,0.4638499915599823,0.3533909916877746,0.4441930055618286,14491941,LINK,Crypto
2019-01-11,33.683475494384766,34.09872817993164,32.046043395996094,32.32762908935547,628980637,LTC,Crypto
2019-01-11,189.35608627954483,189.96450350372817,188.04265544721912,189.19189453125,2500100,MA,Stock
2019-01-11,142.36894875687406,144.5668973842867,141.79212666740705,143.01541137695312,12908000,META,Stock
2019-01-11,58.44357101616997,58.63134472610442,58.01326225916656,58.60004806518555,9878029,MRK,Stock
2019-01-11,96.88911194572684,97.12384668178022,95.43375371678158,96.5229263305664,28314200,MSFT,Stock
2019-01-11,3.5786305425002416,3.71301844272241,3.5508605096458714,3.690207242965698,874764000,NVDA,Stock
2019-01-11,88.95497219081494,89.48279647772536,88.77353141240914,89.202392578125,5939000,PEP,Stock
2019-01-11,30.176670149647578,30.568761825561523,30.048351009433414,30.568761825561523,21064506,PFE,Stock
2019-01-11,77.84697280681053,78.1102319528925,77.37141792968066,77.93189239501953,7166600,PG,Stock
2019-01-11,153.81927598853656,154.32775242822476,153.30119626260336,154.16465759277344,30176600,QQQ,ETF
2019-01-11,14.619999885559082,14.699999809265137,14.600000381469728,14.640000343322754,4941900,SLV,ETF
2019-01-11,233.0695202821585,234.272510246098,232.48160593123504,234.2453765869141,73858100,SPY,ETF
2019-01-11,233.84482846860288,236.08747131849813,232.6448159776677,236.0677947998047,1369200,TMO,Stock
2019-01-11,22.80599975585937,23.227333068847656,22.584667205810547,23.15066719055176,75586500,TSLA,Stock
2019-01-11,219.93093753552773,223.82455764528228,219.76833347543192,223.7432556152344,3967100,UNH,Stock
2019-01-11,87.83999633789062,88.4000015258789,86.4800033569336,87.19999694824219,3576688,USO,ETF
2019-01-11,131.68110760507963,132.49366473888736,131.35609058616777,131.97744750976562,5860100,V,Stock
2019-01-11,31.791827078240345,31.874105947902883,31.717777664853035,31.80828285217285,33654600,VEA,ETF
2019-01-11,213.32600965475424,214.36178589601437,212.7765944436928,214.26271057128903,2551000,VOO,ETF
2019-01-11,119.36245928419122,120.02191650121996,119.10951641233493,120.00384521484376,3033800,VTI,ETF
2019-01-11,32.70260188340413,32.859351991725426,32.653104499375914,32.81809997558594,22542300,VWO,ETF
2019-01-11,41.15284126705783,41.45166764903336,40.85401217094624,41.28091049194336,15801500,VZ,Stock
2019-01-11,28.64472351876045,28.735188681184365,28.51203851971893,28.599489212036133,16183800,WMT,Stock
2019-01-11,45.89977538566095,46.15863537586386,45.45601177499017,45.86279296875,14105900,XLE,ETF
2019-01-11,21.44886442712135,21.651711016826567,21.32539288246141,21.607614517211918,44961600,XLF,ETF
2019-01-11,59.4934170336269,59.7660216340065,59.36181580195802,59.72842025756836,7725600,XLK,ETF
2019-01-11,77.96110701266639,78.61443354962773,77.81790803968136,78.58758544921875,7187900,XLV,ETF
2019-01-11,0.3312839865684509,0.3377259969711303,0.3279139995574951,0.3329040110111236,501054509,XRP,Crypto
2019-01-12,0.0441539995372295,0.0446299985051155,0.0430990010499954,0.0437039993703365,18224445,ADA,Crypto
2019-01-12,131.49559020996094,138.55088806152344,131.49559020996094,134.38116455078125,212095966,BCH,Crypto
2019-01-12,6.086732864379883,6.087327003479004,5.929253101348877,5.976964950561523,32654874,BNB,Crypto
2019-01-12,3686.97314453125,3698.978271484375,3653.810791015625,3661.301025390625,4778170883,BTC,Crypto
2019-01-12,0.0021299999207258,0.0021579999011009,0.002115000039339,0.0021480000577867,14167258,DOGE,Crypto
2019-01-12,127.52808380126952,128.66612243652344,125.4467544555664,125.9665298461914,2212109224,ETH,Crypto
2019-01-12,0.4448029994964599,0.4690020084381103,0.4075610041618347,0.4122439920902252,15375000,LINK,Crypto
2019-01-12,32.456207275390625,32.938995361328125,32.0305061340332,32.38442611694336,491524393,LTC,Crypto
2019-01-12,0.3330039978027344,0.3363809883594513,0.3280330002307892,0.3287999927997589,376386863,XRP,Crypto
2019-01-13,0.0438119992613792,0.0438119992613792,0.0398069992661476,0.0402409993112087,21758341,ADA,Crypto
2019-01-13,134.49673461914062,135.79608154296875,123.8711166381836,126.34981536865234,182166624,BCH,Crypto
2019-01-13,5.974922180175781,6.000758171081543,5.493421077728272,5.568757057189941,26590183,BNB,Crypto
2019-01-13,3658.8681640625,3674.760009765625,3544.92724609375,3552.953125,4681302466,BTC,Crypto
2019-01-13,0.0021369999740272,0.0021710000000894,0.0020830000285059,0.0020940001122653,18059306,DOGE,Crypto
2019-01-13,125.9072265625,126.26787567138672,116.08596801757812,116.8978042602539,2268263944,ETH,Crypto
2019-01-13,0.4105530083179474,0.4519169926643371,0.3813570141792297,0.4442610144615173,9558626,LINK,Crypto
2019-01-13,32.39582443237305,33.13856506347656,30.12771224975586,30.332897186279297,564244096,LTC,Crypto
2019-01-13,0.3286620080471039,0.3335959911346435,0.3170979917049408,0.3178629875183105,452358902,XRP,Crypto
2019-01-14,35.933729304504425,36.03377637046816,35.54544854975383,35.73125076293945,129756800,AAPL,Stock
2019-01-14,66.0054539523395,66.0054539523395,64.12326762279899,64.32818603515625,6368500,ABBV,Stock
2019-01-14,61.353409323615104,61.70317969210164,61.10228599535844,61.22784423828125,5122900,ABT,Stock
2019-01-14,0.0402490012347698,0.0444840006530284,0.0402039997279644,0.0440590009093284,30269131,ADA,Crypto
2019-01-14,235.3300018310547,236.25999450683597,231.9600067138672,234.55999755859372,2606800,ADBE,Stock
2019-01-14,89.78098066432446,89.81467984264668,89.63776397705078,89.63776397705078,7544300,AGG,ETF
2019-01-14,80.75,82.41000366210938,79.75749969482422,80.8604965209961,120118000,AMZN,Stock
2019-01-14,20.63060748552912,20.919141727523336,20.44684310868012,20.86010360717773,25498000,AVGO,Stock
2019-01-14,21.981646036640782,22.58727072752103,21.84516718723238,22.49344253540039,76715400,BAC,Stock
2019-01-14,126.48271942138672,136.9587860107422,124.89478302001952,133.97984313964844,214446102,BCH,Crypto
2019-01-14,5.577669143676758,6.159282207489014,5.574418067932129,6.159282207489014,43109288,BNB,Crypto
2019-01-14,66.20726951750522,66.22396048516484,66.12383377642409,66.1321792602539,2395700,BND,ETF
2019-01-14,194.77999877929688,196.44000244140625,194.4600067138672,195.77999877929688,3954300,BRK-B,Stock
2019-01-14,3557.31103515625,3727.836181640625,3552.28515625,3706.05224609375,5651384490,BTC,Crypto
2019-01-14,190.17865385868893,191.24997393953788,188.98930182355417,189.7519378662109,1523100,COST,Stock
2019-01-14,144.48394447368045,145.4554274807624,143.44306226011358,144.78134155273438,5815500,CRM,Stock
2019-01-14,108.49332768638986,109.51363665074992,108.27954654708896,109.2415542602539,6980600,DIS,Stock
2019-01-14,0.0021019999403506,0.00219799997285,0.0020969999022781,0.0021830000914633,18534843,DOGE,Crypto
2019-01-14,116.97909545898438,130.8567352294922,116.96755981445312,129.0687255859375,2798085735,ETH,Crypto
2019-01-14,122.1500015258789,122.23999786376952,121.87000274658205,122.08999633789062,6477100,GLD,ETF
2019-01-14,52.35301973280183,52.60699733031274,52.11494938874068,52.26206588745117,28490000,GOOGL,Stock
2019-01-14,151.35025895110053,152.74794090065515,150.7622075386492,152.38999938964844,3871400,HD,Stock
2019-01-14,131.4719666529951,132.0426988557099,130.79996010539023,130.94725036621094,29185000,IWM,ETF
2019-01-14,107.20874837334068,107.39195525935747,106.25107370428611,106.82567596435548,7374400,JNJ,Stock
2019-01-14,82.7097694560073,84.79277889807437,82.5340945760619,84.4414291381836,21258500,JPM,Stock
2019-01-14,38.66097971373995,38.78371423117983,38.44824342094838,38.57915878295898,11514300,KO,Stock
2019-01-14,0.4415889978408813,0.4980739951133728,0.4247150123119354,0.4856599867343902,17594771,LINK,Crypto
2019-01-14,30.378097534179688,32.73394775390625,30.310152053833008,32.35824203491211,593098938,LTC,Crypto
2019-01-14,187.72391216191372,190.2541916191041,187.3569196655137,188.73794555664065,3336500,MA,Stock
2019-01-14,141.22523742220395,145.77031044603496,140.49922460573282,144.59674072265625,20520300,META,Stock
2019-01-14,58.12278925891781,58.24014390136253,57.1917590806485,57.40300369262695,15669486,MRK,Stock
2019-01-14,95.677906161048,96.58867833357802,95.07698564457128,95.8187484741211,28437100,MSFT,Stock
2019-01-14,3.637890102118774,3.7554173535643542,3.614334994925471,3.730126619338989,730168000,NVDA,Stock
2019-01-14,88.94672457111321,89.03744496174856,88.21271871390856,88.5096206665039,5804600,PEP,Stock
2019-01-14,30.33351747567951,30.39054854425479,30.06261918336819,30.205198287963867,17605173,PFE,Stock
2019-01-14,77.70260967976381,78.05078841773275,77.15062263215047,77.40538787841797,7952000,PG,Stock
2019-01-14,152.85985301919615,153.46427436283116,152.14989802253206,152.8022918701172,30710200,QQQ,ETF
2019-01-14,14.670000076293944,14.699999809265137,14.619999885559082,14.65999984741211,4370100,SLV,ETF
2019-01-14,232.327789761176,233.6302603815208,231.92078494413312,232.81622314453125,70908200,SPY,ETF
2019-01-14,234.05135114764516,234.75955564730805,230.95296771820816,231.18902587890625,1613800,TMO,Stock
2019-01-14,22.82533264160156,22.833332061767575,22.26666641235352,22.293333053588867,78709500,TSLA,Stock
2019-01-14,222.76754723649407,225.77584583422237,222.33392270794124,224.0955352783203,4955500,UNH,Stock
2019-01-14,86.4800033569336,87.44000244140625,85.04000091552734,85.5199966430664,3882538,USO,ETF
2019-01-14,130.9546143813153,132.04438863111483,130.6295827312466,131.0597686767578,8666700,V,Stock
2019-01-14,31.536779938083487,31.75069878647291,31.536779938083487,31.64373779296875,18893100,VEA,ETF
2019-01-14,212.650471803658,213.8123425102577,212.2811898471359,213.08279418945312,2653400,VOO,ETF
2019-01-14,119.055296339809,119.68766727079957,118.84752480256032,119.24501037597656,2479400,VTI,ETF
2019-01-14,32.45509892557689,32.73559558404539,32.38909823083779,32.58709716796875,15067200,VWO,ETF
2019-01-14,41.14573957852409,41.373417664146665,41.03901428845363,41.28803634643555,11342300,VZ,Stock
2019-01-14,28.490933575770995,28.783442465731337,28.430621735098605,28.63266372680664,21255300,WMT,Stock
2019-01-14,45.42641915734743,45.936747080782006,45.3598575896248,45.75184631347656,13191700,XLE,ETF
2019-01-14,21.39594315613274,21.82809514089987,21.36948425340989,21.757539749145508,50610600,XLF,ETF
2019-01-14,59.20201973880938,59.38062092220934,58.9670164831365,59.17382049560547,7241900,XLK,ETF
2019-01-14,78.11326521274309,78.14906496259461,77.71052997609567,77.71947479248047,5449000,XLV,ETF
2019-01-14,0.3183540105819702,0.3379420042037964,0.3183540105819702,0.3337660133838653,545540174,XRP,Crypto
2019-01-15,35.79556331559936,36.53877207041612,35.74315719727045,36.462547302246094,114843600,AAPL,Stock
2019-01-15,64.45721774056352,65.02642665533702,64.09292148737977,64.88981628417969,7295500,ABBV,Stock
2019-01-15,61.35341052891503,63.245754610830176,61.30856536595687,63.2009162902832,6306900,ABT,Stock
2019-01-15,0.0441569983959198,0.0443850010633468,0.0420450009405612,0.0428100004792213,24504027,ADA,Crypto
2019-01-15,237.8999938964844,243.92999267578125,237.25999450683597,242.3600006103516,3656500,ADBE,Stock
2019-01-15,89.75568430039128,89.7641106996227,89.5787684812874,89.65458679199219,3690200,AGG,ETF
2019-01-15,81.5999984741211,83.75800323486328,81.30049896240234,83.72799682617188,119970000,AMZN,Stock
2019-01-15,21.017257340527586,21.80386710095089,20.954895008424277,21.327411651611328,39247000,AVGO,Stock
2019-01-15,22.35695667175141,22.868753047185084,22.22047785522988,22.646974563598636,80625500,BAC,Stock
2019-01-15,133.9701690673828,134.6835479736328,126.99542236328124,128.48001098632812,182316505,BCH,Crypto
2019-01-15,6.163675785064697,6.163675785064697,5.817485809326172,5.919047832489014,25427436,BNB,Crypto
2019-01-15,66.21559953513726,66.24897509692187,66.09878825175987,66.1405029296875,1742900,BND,ETF
2019-01-15,195.7899932861328,197.25,195.1999969482422,196.94000244140625,3206700,BRK-B,Stock
2019-01-15,3704.21630859375,3720.1533203125,3619.94921875,3630.67529296875,5537192302,BTC,Crypto
2019-01-15,190.69612561232333,191.8764034316846,189.82454564205096,191.59495544433597,1681900,COST,Stock
2019-01-15,145.07874658624405,148.55825176109303,144.53352109912524,147.89407348632812,5350400,CRM,Stock
2019-01-15,109.12495323549112,109.9800703905845,107.4827321101602,108.6002197265625,9800900,DIS,Stock
2019-01-15,0.0021780000533908,0.0021879998967051,0.0020979999098926,0.002111000008881,15986348,DOGE,Crypto
2019-01-15,129.1726837158203,130.74356079101562,120.3115234375,122.03271484375,2735449164,ETH,Crypto
2019-01-15,122.27999877929688,122.37999725341795,121.62000274658205,121.87999725341795,7512500,GLD,ETF
2019-01-15,52.58513246690964,54.08911313281935,52.40769548049451,54.00163650512695,37518000,GOOGL,Stock
2019-01-15,150.0633919809251,151.54630385992525,149.31341176567426,150.39576721191406,5016100,HD,Stock
2019-01-15,131.3154730803614,132.23601621880454,130.79997117025303,132.05191040039062,25678900,IWM,ETF
2019-01-15,107.02552644921757,107.8332986858419,106.301028325425,107.72503662109376,5194400,JNJ,Stock
2019-01-15,82.72649349525555,85.72134636225587,82.48389304020385,85.06047058105469,26504900,JPM,Stock
2019-01-15,38.3664185439316,38.947355255282886,38.30096242496798,38.92280960083008,11342900,KO,Stock
2019-01-15,0.4873610138893127,0.5571110248565674,0.4655489921569824,0.5187950134277344,26829916,LINK,Crypto
2019-01-15,32.38420486450195,32.70694732666016,31.079927444458008,31.507068634033203,527294088,LTC,Crypto
2019-01-15,188.53519215562648,190.59226047527815,186.4877908428068,189.79067993164065,3783000,MA,Stock
2019-01-15,145.21333733240022,149.85785513913842,145.1934573824346,148.13729858398438,24069000,META,Stock
2019-01-15,57.19176353844678,58.59221865123105,57.19176353844678,58.28709030151367,13102096,MRK,Stock
2019-01-15,96.2506368635274,98.63554273279615,95.65910072135416,98.59798431396484,31587600,MSFT,Stock
2019-01-15,3.762855087947234,3.8022788798523584,3.697644942961295,3.7159931659698486,617012000,NVDA,Stock
2019-01-15,88.62509441217148,89.95290436295976,88.02304768943911,89.88692474365234,4508000,PEP,Stock
2019-01-15,30.369149803335365,30.825401020466973,30.24795919343857,30.46182632446289,25865371,PFE,Stock
2019-01-15,77.4053839491789,78.64522802824861,77.39689004701465,78.13570404052734,7834500,PG,Stock
2019-01-15,153.50266911338525,155.9970933421399,153.41632737540624,155.78602600097656,40874200,QQQ,ETF
2019-01-15,14.710000038146973,14.739999771118164,14.59000015258789,14.600000381469728,15520800,SLV,ETF
2019-01-15,233.19608808922084,235.8010289521119,233.18703433807613,235.4844512939453,85208300,SPY,ETF
2019-01-15,231.1496379998603,232.9103031067189,230.04799346411767,231.6119384765625,2375800,TMO,Stock
2019-01-15,22.333332061767575,23.253332138061523,22.299999237060547,22.96199989318848,90849000,TSLA,Stock
2019-01-15,225.8481111582637,232.09959900563825,223.13793382436447,232.05441284179688,5325600,UNH,Stock
2019-01-15,86.80000305175781,88.31999969482422,86.80000305175781,88.0,2989488,USO,ETF
2019-01-15,130.9258905645953,131.6524016098202,129.29122247968328,131.2891387939453,7594900,V,Stock
2019-01-15,31.75891528380828,31.882332018034944,31.64372800579296,31.84119415283203,11882000,VEA,ETF
2019-01-15,213.43409071684349,215.79386736637252,213.43409071684349,215.5777130126953,5103700,VOO,ETF
2019-01-15,119.41668403184948,120.65429860944867,119.29021256979084,120.5458984375,4542100,VTI,ETF
2019-01-15,32.74384855300303,32.92534734114688,32.66959933486116,32.801597595214844,17548300,VWO,ETF
2019-01-15,41.08170143044247,41.47302293697299,40.96786239737656,41.33783721923828,10058000,VZ,Stock
2019-01-15,28.789473384208087,29.13023105948478,28.762332796841,29.02468490600586,21174600,WMT,Stock
2019-01-15,46.00330616403634,46.35091764795248,45.68527665524224,45.91455459594727,9821200,XLE,ETF
2019-01-15,21.66934324580549,21.98684332278151,21.60760749354306,21.95156478881836,59156500,XLF,ETF
2019-01-15,59.36181996018697,60.18902878458343,59.2584179606712,60.06682968139648,14327000,XLK,ETF
2019-01-15,77.82686752912691,79.13352756289167,77.80897106975087,79.11563110351562,10540600,XLV,ETF
2019-01-15,0.3339119851589203,0.3364999890327453,0.3240109980106354,0.3271790146827698,429283720,XRP,Crypto
2019-01-16,36.46492197956527,37.13190585468684,36.445864882016686,36.907989501953125,122278800,AAPL,Stock
2019-01-16,65.01124932872274,65.56527608827257,64.8518657395067,64.92776489257812,4927000,ABBV,Stock
2019-01-16,63.22781143244342,63.46099392948757,62.54620474084293,62.61795425415039,6357300,ABT,Stock
2019-01-16,0.0427680015563964,0.0452469997107982,0.0425140000879764,0.0447769984602928,35481507,ADA,Crypto
2019-01-16,243.6000061035156,244.0,239.67999267578125,241.9499969482422,2885200,ADBE,Stock
2019-01-16,89.5787951384265,89.73885820669959,89.56194233494853,89.73043823242188,4007800,AGG,ETF
2019-01-16,84.21099853515625,85.25,83.79399871826172,84.18900299072266,127338000,AMZN,Stock
2019-01-16,21.386447296480544,21.398921031168403,20.900845518773316,20.92911720275879,24484000,AVGO,Stock
2019-01-16,23.99470657485026,24.497972872853147,23.764399565034225,24.26766586303711,163131700,BAC,Stock
2019-01-16,128.6878662109375,131.1820068359375,128.1846160888672,129.16934204101562,161105128,BCH,Crypto
2019-01-16,5.916178226470947,6.249328136444092,5.900547027587891,6.186014175415039,35059223,BNB,Crypto
2019-01-16,66.10711409002191,66.18220430742122,66.0737385381548,66.16551971435547,1697700,BND,ETF
2019-01-16,197.63999938964844,199.57000732421875,197.2400054931641,198.41000366210935,5069600,BRK-B,Stock
2019-01-16,3631.509765625,3685.777099609375,3624.67333984375,3655.0068359375,5394457145,BTC,Crypto
2019-01-16,191.98534126475408,191.98534126475408,190.2058437432574,190.82321166992188,1455000,COST,Stock
2019-01-16,147.85439664040794,148.48883665032423,146.51613254395983,147.24969482421875,3936800,CRM,Stock
2019-01-16,108.29897227706785,108.84314444386584,107.67706758388904,107.77424621582033,5899900,DIS,Stock
2019-01-16,0.0021079999860376,0.0021410000044852,0.0020840000361204,0.0021379999816417,13656181,DOGE,Crypto
2019-01-16,121.80924224853516,127.11824798583984,121.44141387939452,123.54706573486328,2746469340,ETH,Crypto
2019-01-16,122.04000091552734,122.44000244140624,122.0199966430664,122.2699966430664,6878100,GLD,ETF
2019-01-16,54.17509349336592,54.789409262763954,54.07618791506149,54.15073776245117,38280000,GOOGL,Stock
2019-01-16,150.92417616183224,151.6400593731753,149.8759176734916,150.88156127929688,4075400,HD,Stock
2019-01-16,132.26358334493636,133.7088422895658,132.25438297358843,133.03684997558594,20827300,IWM,ETF
2019-01-16,107.76669796345637,107.76669796345637,106.50923764714103,106.62581634521484,6264200,JNJ,Stock
2019-01-16,85.53732986450194,86.54118839553557,85.16088451095857,85.74646759033203,18533000,JPM,Stock
2019-01-16,38.78370985635732,38.840985125697,38.3418693889357,38.390960693359375,16907800,KO,Stock
2019-01-16,0.5200650095939636,0.5413219928741455,0.4825139939785003,0.4973739981651306,18011677,LINK,Crypto
2019-01-16,31.438589096069336,32.24639129638672,31.26805877685547,31.82341766357422,539347966,LTC,Crypto
2019-01-16,190.74678786724985,191.61597859275304,189.7713779472427,190.99789428710935,3546300,MA,Stock
2019-01-16,148.1870413843737,148.83348885040002,146.1979535805566,146.73500061035156,18025700,META,Stock
2019-01-16,58.474863134925165,59.280712993622494,58.26361850960515,58.37315368652344,15272504,MRK,Stock
2019-01-16,98.83270545770355,99.77164430866227,98.55102093700198,98.94537353515624,29853900,MSFT,Stock
2019-01-16,3.743267672473239,3.776244583511169,3.68500002918189,3.6904547214508057,470104000,NVDA,Stock
2019-01-16,89.88691102126889,89.93639887427591,88.82301341796499,89.35083770751953,4953500,PEP,Stock
2019-01-16,30.362033320287704,30.50460955329573,29.962812988709604,30.01984405517578,30169380,PFE,Stock
2019-01-16,77.90641962588658,78.25459837116927,77.26951297578854,77.59221649169922,7964500,PG,Stock
2019-01-16,156.0450231487253,157.12914023887947,155.69964161977416,155.75721740722656,33812200,QQQ,ETF
2019-01-16,14.649999618530272,14.6899995803833,14.609999656677246,14.630000114440918,6583500,SLV,ETF
2019-01-16,235.9186406629688,236.94977481180536,235.710625164906,236.0543365478516,77636700,SPY,ETF
2019-01-16,233.11693110984976,235.0841625960088,230.62838448056132,230.7857666015625,1671800,TMO,Stock
2019-01-16,22.985332489013672,23.46666717529297,22.899999618530277,23.06999969482422,70375500,TSLA,Stock
2019-01-16,233.7348053552921,236.86053640674868,233.22890764416707,236.2010498046875,6069400,UNH,Stock
2019-01-16,87.5999984741211,88.55999755859375,86.55999755859375,88.4800033569336,4094163,USO,ETF
2019-01-16,132.30243550504375,132.75172964472324,131.0310448225315,131.2891387939453,7258000,V,Stock
2019-01-16,31.874119513775792,31.98930684171001,31.874119513775792,31.939939498901367,14810700,VEA,ETF
2019-01-16,215.9109416586309,216.8566581048808,215.73080846488844,216.0550537109375,4066700,VOO,ETF
2019-01-16,120.75366904624455,121.3498975558233,120.69946896071112,120.8891830444336,2963100,VTI,ETF
2019-01-16,32.966601925799296,33.23885015523912,32.941853231154695,33.12335205078125,14705500,VWO,ETF
2019-01-16,41.21688716161734,41.21688716161734,40.55519688996591,40.612117767333984,13411700,VZ,Stock
2019-01-16,28.92818955159472,29.208635390378515,28.89803276773199,29.05484390258789,16230000,WMT,Stock
2019-01-16,45.86277198444699,46.2325734134572,45.700061274207975,45.855377197265625,12541100,XLE,ETF
2019-01-16,22.20733063911257,22.55128795801676,22.145594882609068,22.41899681091309,72982400,XLF,ETF
2019-01-16,60.13262830315943,60.489830634876895,60.01042561816937,60.12322616577149,9468500,XLK,ETF
2019-01-16,79.22302640658782,79.5631206000736,78.9187387893677,78.9724349975586,8288900,XLV,ETF
2019-01-16,0.3269459903240204,0.3347960114479065,0.3261739909648895,0.3297010064125061,438731638,XRP,Crypto
2019-01-17,36.73171723000517,37.5559195046028,36.50780085804286,37.12714385986328,119284800,AAPL,Stock
2019-01-17,64.92017709484219,66.55191053323759,64.82910158073662,66.18002319335938,6438700,ABBV,Stock
2019-01-17,62.66280062228131,63.64933250089979,62.573110307707545,63.24574661254883,5427800,ABT,Stock
2019-01-17,0.0448679998517036,0.0462220013141632,0.0440240018069744,0.0453180000185966,38222964,ADA,Crypto
2019-01-17,240.1300048828125,245.0399932861328,238.77999877929688,244.3999938964844,2836200,ADBE,Stock
2019-01-17,89.74728489640917,89.74728489640917,89.58721540016118,89.66304016113281,5547000,AGG,ETF
2019-01-17,84.0,85.00849914550781,83.875,84.66100311279297,84178000,AMZN,Stock
2019-01-17,20.79275440635551,21.398925707298712,20.681331339350372,21.230960845947266,35154000,AVGO,Stock
2019-01-17,24.17383371474356,24.736809243226038,23.96058535919851,24.72827911376953,107428800,BAC,Stock
2019-01-17,129.2044677734375,131.8909454345703,127.15645599365234,131.05453491210938,178365450,BCH,Crypto
2019-01-17,6.171834945678711,6.417831897735596,6.081832885742188,6.417831897735596,36306127,BNB,Crypto
2019-01-17,66.16558891020604,66.17392803259214,66.0654621498923,66.09049224853516,2394700,BND,ETF
2019-01-17,197.6999969482422,199.41000366210935,196.4600067138672,198.77999877929688,4161000,BRK-B,Stock
2019-01-17,3651.87109375,3680.135986328125,3621.9609375,3678.56396484375,5464420383,BTC,Crypto
2019-01-17,190.5417739322862,192.15784165466425,190.3420339797664,191.9853515625,1517100,COST,Stock
2019-01-17,147.2497052281379,149.4107765912026,146.4070978025976,148.5186004638672,3743200,CRM,Stock
2019-01-17,107.58961247057373,108.11434592970303,107.04544773385672,107.87141418457033,6392000,DIS,Stock
2019-01-17,0.0021329999435693,0.0021470000501722,0.0020800000056624,0.0020940001122653,13882217,DOGE,Crypto
2019-01-17,123.57353973388672,124.27072143554688,120.81703186035156,123.7419204711914,2594091285,ETH,Crypto
2019-01-17,122.02999877929688,122.26000213623048,121.80999755859376,122.11000061035156,8558500,GLD,ETF
2019-01-17,54.07519792497544,54.70690743569308,53.84010424553421,54.628379821777344,24896000,GOOGL,Stock
2019-01-17,148.29924906532955,149.53501556280997,146.5862401267683,149.0321807861328,6499200,HD,Stock
2019-01-17,132.54900197051174,134.70306938748104,132.53058717609068,134.2427978515625,19273400,IWM,ETF
2019-01-17,106.35098516886666,107.85827384072694,106.14279672252088,107.50018310546876,7632000,JNJ,Stock
2019-01-17,85.42021228559565,86.58301751751121,85.26126557339616,86.09781646728516,14247600,JPM,Stock
2019-01-17,38.39096238724432,38.57097216812175,38.3582358899406,38.505516052246094,12044600,KO,Stock
2019-01-17,0.4959779977798462,0.4986810088157654,0.4739980101585388,0.4830119907855987,11096121,LINK,Crypto
2019-01-17,31.850112915039062,31.94688606262207,30.6761474609375,31.88865089416504,609389197,LTC,Crypto
2019-01-17,190.6888282789418,193.53781014868684,190.3508219729364,192.48513793945312,2764100,MA,Stock
2019-01-17,146.14820456138298,148.18702233329,145.7006628981677,147.4908447265625,15787900,META,Stock
2019-01-17,58.13844385269556,59.28071882749838,58.13844385269556,59.14771270751953,16969321,MRK,Stock
2019-01-17,98.58859871420404,100.11906676298958,98.36325535150462,99.64021301269533,28393000,MSFT,Stock
2019-01-17,3.657477578393865,3.801783122631429,3.6302031729337703,3.761863470077514,493436000,NVDA,Stock
2019-01-17,89.18592350556702,90.28281126436296,89.14468466356324,90.07662963867188,4612200,PEP,Stock
2019-01-17,29.90578019202628,30.411934102233975,29.8202350304337,30.2764835357666,24177284,PFE,Stock
2019-01-17,77.64099972764052,78.36853508166774,77.33286603155013,77.58108520507812,8044500,PG,Stock
2019-01-17,155.25833702500614,157.68559648681477,155.0089004909256,156.98524475097656,39329000,QQQ,ETF
2019-01-17,14.550000190734863,14.600000381469728,14.510000228881836,14.56999969482422,7610100,SLV,ETF
2019-01-17,235.17691958490812,238.7134858026837,235.1316784335853,237.84515380859372,96118400,SPY,ETF
2019-01-17,230.2939902067297,234.867798033686,229.88087333922545,234.26779174804688,1799000,TMO,Stock
2019-01-17,23.08066749572754,23.433332443237305,22.94333267211914,23.15399932861328,55150500,TSLA,Stock
2019-01-17,235.7763953030674,236.4539396652803,232.9759006614013,234.67425537109372,3583600,UNH,Stock
2019-01-17,87.04000091552734,88.80000305175781,86.16000366210938,88.23999786376953,4481600,USO,ETF
2019-01-17,130.93548684724672,131.83407541559177,130.5722239145465,131.23182678222656,5864900,V,Stock
2019-01-17,31.75891889241211,32.129165998543456,31.75069257388399,32.04689025878906,21667100,VEA,ETF
2019-01-17,215.2624385460742,218.45985408484992,215.2174018144586,217.6672515869141,3059000,VOO,ETF
2019-01-17,120.5097423644496,122.3164852111991,120.29294204482622,121.86479949951172,4401100,VTI,ETF
2019-01-17,32.851102767848644,33.41209624044281,32.826354073997706,33.28009796142578,19549000,VWO,ETF
2019-01-17,40.6690417453008,40.83980168768296,39.99312115766627,40.43424987792969,15223900,VZ,Stock
2019-01-17,29.045796481369692,29.314179272288044,28.997547695866096,29.17244911193848,16843500,WMT,Stock
2019-01-17,45.50778193925685,46.47666310321868,45.404237947348086,46.27696990966797,10174800,XLE,ETF
2019-01-17,22.33080284627799,22.62184405182244,22.198511695062017,22.542469024658203,55771300,XLF,ETF
2019-01-17,59.90704027856485,60.856452024429885,59.74723975718654,60.50865173339844,10128400,XLK,ETF
2019-01-17,78.75763970075838,80.0016518725107,78.69499185139327,79.6705093383789,8731600,XLV,ETF
2019-01-17,0.329690009355545,0.330161988735199,0.3257400095462799,0.329353004693985,433446502,XRP,Crypto
2019-01-18,37.51780723077025,37.60832754785032,37.15572959722017,37.35582733154297,135004000,AAPL,Stock
2019-01-18,67.12871087610321,68.14570061037482,65.96752546920816,67.92560577392578,6190000,ABBV,Stock
2019-01-18,63.66727235627192,64.33990872342378,63.47893499455871,64.05291748046875,9404500,ABT,Stock
2019-01-18,0.0453080013394355,0.0453080013394355,0.0439569987356662,0.0443160012364387,18937100,ADA,Crypto
2019-01-18,247.4499969482422,250.67999267578125,244.4499969482422,247.50999450683597,3711300,ADBE,Stock
2019-01-18,89.61247200094112,89.70514311460745,89.5366472590961,89.59561920166016,5643400,AGG,ETF
2019-01-18,85.5999984741211,85.80999755859375,84.5770034790039,84.80999755859375,120410000,AMZN,Stock
2019-01-18,21.546934134935864,21.780588726298543,21.369822923795564,21.68745994567871,34634000,AVGO,Stock
2019-01-18,24.75387107405148,25.12918703223576,24.489441924975715,24.99270820617676,97928200,BAC,Stock
2019-01-18,131.0939178466797,131.0939178466797,126.9332275390625,128.45748901367188,208629422,BCH,Crypto
2019-01-18,6.405714988708496,6.68779993057251,6.336639881134033,6.563039779663086,43105423,BNB,Crypto
2019-01-18,66.09038909864711,66.15714016800857,66.03198350438892,66.04032897949219,3722400,BND,ETF
2019-01-18,200.6999969482422,204.72999572753903,200.2400054931641,204.47999572753903,5941200,BRK-B,Stock
2019-01-18,3677.990478515625,3682.52001953125,3637.080810546875,3657.83935546875,5002961727,BTC,Crypto
2019-01-18,192.984095105923,194.4367472210784,192.2668569556823,193.9192352294922,2115400,COST,Stock
2019-01-18,150.51114047643594,151.9386344310634,148.93495553747005,151.1852264404297,6151200,CRM,Stock
2019-01-18,108.69737425237705,108.76539484047235,107.69649670739368,107.90055847167967,8554700,DIS,Stock
2019-01-18,0.0020930001046508,0.002117000054568,0.0020840000361204,0.0021059999708086,12471672,DOGE,Crypto
2019-01-18,123.65465545654295,123.84169006347656,120.2418975830078,121.01026153564452,2305389800,ETH,Crypto
2019-01-18,121.2300033569336,121.5199966430664,121.0199966430664,121.0199966430664,10896000,GLD,ETF
2019-01-18,55.099049379145214,55.56674536391645,54.63632464787882,55.034934997558594,44892000,GOOGL,Stock
2019-01-18,150.83043595009426,153.43830563543125,150.14863680911225,153.04627990722656,6371100,HD,Stock
2019-01-18,134.9516189457386,136.16672848740862,134.39928748819705,135.6236114501953,28306700,IWM,ETF
2019-01-18,108.17472837592447,109.24065236959528,107.79999165588364,108.83261108398438,10593000,JNJ,Stock
2019-01-18,86.8088711488129,87.75417760966796,86.02251776000868,87.49484252929688,16428700,JPM,Stock
2019-01-18,38.66097178950884,39.02098818092934,38.55460210428113,38.95553207397461,12760700,KO,Stock
2019-01-18,0.4824810028076172,0.5079960227012634,0.4697290062904358,0.5007320046424866,8659548,LINK,Crypto
2019-01-18,31.913450241088867,31.940603256225582,30.955570220947266,31.311487197875977,566482194,LTC,Crypto
2019-01-18,194.2910948151049,195.59487338856292,193.1708272683358,195.08302307128903,4866600,MA,Stock
2019-01-18,148.93293297146425,151.59830305190593,147.7394834552137,149.22134399414062,31029600,META,Stock
2019-01-18,59.57020387293269,59.71885521619047,59.04601130635318,59.35895919799805,14980741,MRK,Stock
2019-01-18,100.89837531677478,101.31151073322314,99.44302429130197,101.13311004638672,37427600,MSFT,Stock
2019-01-18,3.811700932698639,3.9170787775009392,3.7601277534578506,3.891044139862061,651336000,NVDA,Stock
2019-01-18,90.6951622862691,90.96732350560202,90.03537865615829,90.7776336669922,5142700,PEP,Stock
2019-01-18,30.554511459092385,30.568768507496166,30.12677421014832,30.319255828857425,38618455,PFE,Stock
2019-01-18,78.20590302336089,78.60818245992199,77.9234460854031,78.24869537353516,9100300,PG,Stock
2019-01-18,158.08855922837176,159.27821017692006,157.16755141717425,158.5394744873047,57183200,QQQ,ETF
2019-01-18,14.449999809265137,14.5,14.369999885559082,14.369999885559082,9390900,SLV,ETF
2019-01-18,239.672249306141,241.4812329227845,237.88134558862012,241.0108795166016,127900300,SPY,ETF
2019-01-18,236.39240020609063,238.0153603631397,234.3268009073128,236.7169952392578,3125300,TMO,Stock
2019-01-18,21.53333282470703,21.808666229248047,19.98200035095215,20.15066719055176,362262000,TSLA,Stock
2019-01-18,237.23087527978947,240.53729512788036,235.2614862525278,239.8507080078125,4844800,UNH,Stock
2019-01-18,88.95999908447266,90.95999908447266,88.31999969482422,90.4800033569336,5105025,USO,ETF
2019-01-18,132.21640935643754,132.49364085935918,130.6199870773016,132.39804077148438,10263500,V,Stock
2019-01-18,32.35954001632803,32.41713365528908,32.260805373579444,32.39244842529297,19598500,VEA,ETF
2019-01-18,219.3695574138036,220.9997855601693,218.6490108661236,220.594482421875,4943300,VOO,ETF
2019-01-18,122.7591594419215,123.70770232678564,122.361673754218,123.44571685791016,4224900,VTI,ETF
2019-01-18,33.38733726271309,33.552332700347506,33.31308805694311,33.45333480834961,19264800,VWO,ETF
2019-01-18,40.49827666843683,40.889600921337546,40.44135850428382,40.619232177734375,16802500,VZ,Stock
2019-01-18,29.235766682038445,29.612711715854765,29.20561163149703,29.47098159790039,18361800,WMT,Stock
2019-01-18,46.82427407057265,47.2532424087374,46.55061888755238,47.21626281738281,14531800,XLE,ETF
2019-01-18,22.701219375928517,22.9569837295084,22.516012098238207,22.930524826049805,58400200,XLF,ETF
2019-01-18,61.11025812633981,61.55206546325813,60.71544714483388,61.42985916137695,13651600,XLK,ETF
2019-01-18,80.26120335611772,80.6639385975271,79.66157290224892,80.61919403076172,13367500,XLV,ETF
2019-01-18,0.3291960060596466,0.3294939994812011,0.3218559920787811,0.3242770135402679,376280714,XRP,Crypto
2019-01-19,0.0442750006914138,0.0464409999549388,0.0439839996397495,0.0457499995827674,23657402,ADA,Crypto
2019-01-19,128.5467987060547,131.68580627441406,127.6005401611328,130.2041015625,198967556,BCH,Crypto
2019-01-19,6.570097923278809,6.728054046630859,6.35616397857666,6.635448932647705,46981638,BNB,Crypto
2019-01-19,3652.3779296875,3758.533447265625,3652.3779296875,3728.568359375,5955691380,BTC,Crypto
2019-01-19,0.0021039999555796,0.0021599999163299,0.0020890000741928,0.0021530000958591,16088820,DOGE,Crypto
2019-01-19,121.61442565917967,125.90422821044922,121.1610336303711,124.5190200805664,3048261797,ETH,Crypto
2019-01-19,0.5008509755134583,0.5008509755134583,0.4753220081329345,0.4914700090885162,7015260,LINK,Crypto
2019-01-19,31.480209350585938,33.11235809326172,31.368427276611328,32.550724029541016,585789957,LTC,Crypto
2019-01-19,0.3257020115852356,0.333748996257782,0.3249109983444214,0.3310010135173797,420070097,XRP,Crypto
2019-01-20,0.0456739999353885,0.0459810011088848,0.042552001774311,0.0434769988059997,26755022,ADA,Crypto
2019-01-20,130.1376190185547,130.99639892578125,122.7190399169922,123.88646697998048,269797874,BCH,Crypto
2019-01-20,6.646823883056641,6.730163097381592,6.3759307861328125,6.493868827819824,49479090,BNB,Crypto
2019-01-20,3725.446044921875,3743.387939453125,3583.01953125,3601.013671875,5582489560,BTC,Crypto
2019-01-20,0.0021530000958591,0.0021530000958591,0.0020820000208914,0.002119000069797,16178008,DOGE,Crypto
2019-01-20,124.63240051269533,125.07038879394533,118.70232391357422,119.4748306274414,2964108269,ETH,Crypto
2019-01-20,0.4909169971942901,0.4972899854183197,0.4719040095806122,0.4901230037212372,7018434,LINK,Crypto
2019-01-20,32.49004364013672,33.35414505004883,30.935497283935547,31.17640686035156,584024741,LTC,Crypto
2019-01-20,0.3312200009822845,0.3321470022201538,0.3176090121269226,0.3211770057678222,407205881,XRP,Crypto
2019-01-21,0.0435409992933273,0.0436710007488727,0.0425340011715889,0.0429369993507862,16583935,ADA,Crypto
2019-01-21,123.92018127441406,124.34527587890624,121.85819244384766,122.82960510253906,187814581,BCH,Crypto
2019-01-21,6.505216121673584,6.579239845275879,6.422120094299316,6.553024768829346,36321046,BNB,Crypto
2019-01-21,3600.372802734375,3608.8408203125,3558.537109375,3576.032470703125,5004347059,BTC,Crypto
2019-01-21,0.0021059999708086,0.0021220000926405,0.0020659998990595,0.0021009999327361,17205921,DOGE,Crypto
2019-01-21,119.63645935058594,119.71543884277344,116.15744018554688,117.15785217285156,2421720343,ETH,Crypto
2019-01-21,0.4902620017528534,0.5242840051651001,0.4768989980220794,0.5034120082855225,9503123,LINK,Crypto
2019-01-21,31.188655853271484,31.389184951782227,30.956666946411133,31.21286964416504,531048792,LTC,Crypto
2019-01-21,0.3211790025234222,0.3225930035114288,0.3174389898777008,0.3207899928092956,363940431,XRP,Crypto
2019-01-22,37.25815806827708,37.33438282804455,36.35534664867075,36.51733016967773,121576000,AAPL,Stock
2019-01-22,67.43988031188161,67.81935296464246,66.71129351341595,67.28809356689453,5664600,ABBV,Stock
2019-01-22,63.64936426283448,64.27715572366571,63.39824767850198,64.11572265625,6541600,ABT,Stock
2019-01-22,0.0428889989852905,0.0440800003707408,0.0418759994208812,0.0435779988765716,22963399,ADA,Crypto
2019-01-22,245.1300048828125,245.6100006103516,241.19000244140625,243.8500061035156,4155500,ADBE,Stock
2019-01-22,89.67147064208984,89.8231137434701,89.67147064208984,89.67147064208984,6824000,AGG,ETF
2019-01-22,84.05000305175781,84.09349822998047,80.51000213623047,81.6084976196289,128336000,AMZN,Stock
2019-01-22,21.45297218649948,21.574372654242577,21.195204352493555,21.477087020874023,37156000,AVGO,Stock
2019-01-22,24.719747859182554,24.992705481543496,24.64297832452407,24.81357765197754,84861400,BAC,Stock
2019-01-22,122.71257781982422,131.4987335205078,118.81300354003906,128.4401092529297,264996480,BCH,Crypto
2019-01-22,6.5432329177856445,6.568098068237305,6.384760856628418,6.523199081420898,31986617,BNB,Crypto
2019-01-22,66.16551863600296,66.24895433144313,66.1488276774736,66.15717315673828,3917700,BND,ETF
2019-01-22,203.5200042724609,204.9600067138672,199.13999938964844,200.72000122070312,5397700,BRK-B,Stock
2019-01-22,3575.081298828125,3620.74658203125,3539.721435546875,3604.5771484375,5313623556,BTC,Crypto
2019-01-22,193.3835387977712,195.70777066253416,191.3861529048352,192.8387908935547,3310800,COST,Stock
2019-01-22,149.03408375323826,150.0650583731898,146.11961933418578,147.65615844726562,5203300,CRM,Stock
2019-01-22,107.49243826348906,108.18236351082116,106.64703314502891,107.4729995727539,6986700,DIS,Stock
2019-01-22,0.0020989999175071,0.0021120000164955,0.0020330001134425,0.0020570000633597,18971837,DOGE,Crypto
2019-01-22,117.11075592041016,119.66434478759766,114.67668151855467,118.74755096435548,2552507405,ETH,Crypto
2019-01-22,121.18000030517578,121.5,120.9000015258789,121.4499969482422,7896500,GLD,ETF
2019-01-22,54.47330364591623,54.62092068438932,53.225287644057936,53.609981536865234,39632000,GOOGL,Stock
2019-01-22,151.26506535181713,152.21105841998371,149.4497781929538,150.9412078857422,6272700,HD,Stock
2019-01-22,134.8227589753938,135.09891068953377,132.60424656264226,133.478759765625,27741100,IWM,ETF
2019-01-22,106.75905530899314,107.84163800016516,105.76808241525536,107.25871276855467,10568100,JNJ,Stock
2019-01-22,86.23165669974736,86.65829300602442,85.43692962226609,86.11454010009766,17083700,JPM,Stock
2019-01-22,39.02916360838901,39.10280366339845,38.62823372638942,39.045528411865234,11700400,KO,Stock
2019-01-22,0.5019800066947937,0.5653960108757019,0.5019800066947937,0.5403349995613098,13998683,LINK,Crypto
2019-01-22,31.21330451965332,32.019771575927734,30.32467460632324,31.684425354003903,589374367,LTC,Crypto
2019-01-22,192.94867661816747,194.1172496297567,190.8819562414117,192.62998962402344,4457700,MA,Stock
2019-01-22,148.3859584246904,150.70324771359213,145.57139714698235,146.76486206054688,22378700,META,Stock
2019-01-22,59.12424829706743,59.61714418491934,58.95994549739702,59.327667236328125,10568766,MRK,Stock
2019-01-22,100.23172269822112,100.56034986452472,98.4571288366469,99.22705841064452,32371300,MSFT,Stock
2019-01-22,3.860795101120877,3.8724486303416783,3.6584697062498654,3.688719272613525,661552000,NVDA,Stock
2019-01-22,90.60443682503733,90.90958783806784,89.71373086172879,90.64567565917967,5298200,PEP,Stock
2019-01-22,30.233700922757173,30.43331102022464,29.89151464108197,30.13389587402344,29444122,PFE,Stock
2019-01-22,78.22303109469219,78.53116479778562,76.24584527500382,77.40990447998047,13518500,PG,Stock
2019-01-22,157.39776636939783,157.4745194457166,154.23177150722327,155.36386108398438,56711700,QQQ,ETF
2019-01-22,14.329999923706056,14.40999984741211,14.300000190734863,14.390000343322754,8544400,SLV,ETF
2019-01-22,239.52761573265064,239.7446850138571,236.12671644489777,237.7547912597656,115531200,SPY,ETF
2019-01-22,234.67107159559325,236.84485422196585,233.6579484694944,236.7563323974609,2007300,TMO,Stock
2019-01-22,20.321332931518555,20.53333282470703,19.700000762939453,19.92799949645996,181000500,TSLA,Stock
2019-01-22,238.54989577438027,241.65756914955324,238.26080346753636,240.02243041992188,4052700,UNH,Stock
2019-01-22,88.72000122070312,89.27999877929688,87.44000244140625,88.95999908447266,4597175,USO,ETF
2019-01-22,131.8244801055844,133.37311705287152,130.9450146546262,131.96788024902344,8102300,V,Stock
2019-01-22,32.046898024369966,32.088035904215666,31.81652024771977,31.89056968688965,30300000,VEA,ETF
2019-01-22,219.2164208576562,219.38755219116925,216.1360980842637,217.6582489013672,5786300,VOO,ETF
2019-01-22,122.75909006192344,122.78619009037288,120.9523479821045,121.75634765625,5037900,VTI,ETF
2019-01-22,33.05734786668403,33.13159708991367,32.73560228171793,32.89234924316406,19421400,VWO,ETF
2019-01-22,40.7188376368256,40.83267666986424,40.1282985011053,40.54808044433594,18284800,VZ,Stock
2019-01-22,29.29608112088409,29.682074797630086,29.184506036950616,29.398611068725582,24189600,WMT,Stock
2019-01-22,46.69854617642939,46.80209017429711,46.06248696511359,46.1882209777832,19863200,XLE,ETF
2019-01-22,22.73649662812973,22.8511485056202,22.55128767873967,22.66594123840332,79651700,XLF,ETF
2019-01-22,60.93165070223277,61.0350527201058,59.9164383881073,60.395843505859375,14992500,XLK,ETF
2019-01-22,80.05533363628203,80.20748423852379,79.50939954968518,80.06428527832031,12244500,XLV,ETF
2019-01-22,0.3210780024528503,0.3210780024528503,0.3134549856185913,0.3194909989833832,434125854,XRP,Crypto
2019-01-23,36.71980687861818,36.95563439699075,36.13619728825342,36.66501998901367,92522400,AAPL,Stock
2019-01-23,67.42471140860735,67.75864926153189,66.55951405357041,67.12872314453125,4969300,ABBV,Stock
2019-01-23,63.2278181995372,64.16951184585638,62.124691552203615,62.69868087768555,10196300,ABT,Stock
2019-01-23,0.0435479991137981,0.0441120006144046,0.0426950007677078,0.0428999997675418,15241102,ADA,Crypto
2019-01-23,244.91000366210935,248.16000366210935,240.6000061035156,245.13999938964844,2031400,ADBE,Stock
2019-01-23,89.62092938302116,89.79784528456221,89.61250940732566,89.76415252685547,3222800,AGG,ETF
2019-01-23,82.80000305175781,82.87149810791016,80.5999984741211,82.0009994506836,104504000,AMZN,Stock
2019-01-23,21.58102215548003,21.69493836150996,21.091261927163693,21.413057327270508,31771000,AVGO,Stock
2019-01-23,24.92447079216196,24.975651576255885,24.412675966871248,24.6685733795166,79425900,BAC,Stock
2019-01-23,128.440185546875,134.70449829101562,127.83136749267578,132.32009887695312,293056048,BCH,Crypto
2019-01-23,6.530526161193848,6.573998928070068,6.4364190101623535,6.5414018630981445,33083575,BNB,Crypto
2019-01-23,66.12380369569512,66.27399050761447,66.12380369569512,66.22393035888672,2536100,BND,ETF
2019-01-23,200.72000122070312,201.30999755859372,198.5,201.1499938964844,3705400,BRK-B,Stock
2019-01-23,3605.55712890625,3623.06787109375,3565.31396484375,3585.123046875,5433755649,BTC,Crypto
2019-01-23,193.38349246341423,195.06311988771697,190.65978130195768,192.5572967529297,2220200,COST,Stock
2019-01-23,148.4293729849455,149.4900857396035,146.36743899442578,148.44920349121094,3335400,CRM,Stock
2019-01-23,108.04632259231444,108.67793918266028,106.88996514248367,107.97830200195312,6845600,DIS,Stock
2019-01-23,0.0020550000481307,0.0020679999142885,0.0020210000220686,0.0020429999567568,15672115,DOGE,Crypto
2019-01-23,118.71381378173828,119.42279815673828,116.37664794921876,117.45260620117188,2556952198,ETH,Crypto
2019-01-23,120.95999908447266,121.54000091552734,120.86000061035156,121.27999877929688,5224900,GLD,ETF
2019-01-23,54.01902985618703,54.32171513977281,53.060283141004966,53.89726257324219,25194000,GOOGL,Stock
2019-01-23,150.49803163165444,151.75083357287335,148.74240796007814,150.7537078857422,4910400,HD,Stock
2019-01-23,133.77334214245883,134.56499579559556,132.0611312596269,133.1105499267578,20621300,IWM,ETF
2019-01-23,107.00888403877391,107.67508974925032,106.53421453491724,107.25871276855467,9267800,JNJ,Stock
2019-01-23,86.53282175229339,86.75032037744427,85.30309098465528,85.89704132080078,12146700,JPM,Stock
2019-01-23,39.12735932309041,39.5119245000478,38.9882631398399,39.49555969238281,12058300,KO,Stock
2019-01-23,0.5402439832687378,0.5516300201416016,0.5071750283241272,0.5099760293960571,10344545,LINK,Crypto
2019-01-23,31.669023513793945,32.386165618896484,31.558425903320312,32.001956939697266,613521888,LTC,Crypto
2019-01-23,194.16555632624704,194.1752085965805,189.8679382213465,191.5580139160156,3086100,MA,Stock
2019-01-23,147.47096031276664,147.9881273619834,142.2794402211278,143.51268005371094,20098400,META,Stock
2019-01-23,59.10859767376856,59.23377181121445,58.47486997921117,59.02253341674805,14369233,MRK,Stock
2019-01-23,99.64022034586078,100.5040426027298,98.90784182699858,100.1941909790039,25874300,MSFT,Stock
2019-01-23,3.744011904265451,3.8327771681851615,3.670371424106886,3.701612710952759,591020000,NVDA,Stock
2019-01-23,90.45597250888544,91.37141912098824,90.31577056091052,91.32193756103516,5197400,PEP,Stock
2019-01-23,29.934301731661616,30.08400937022197,29.620629403149,30.055492401123047,24462813,PFE,Stock
2019-01-23,80.61104939309453,82.51976578903896,80.14028784045132,81.17595672607422,22869000,PG,Stock
2019-01-23,156.16017086628847,156.87011126320553,153.80966443379512,155.56533813476562,38106100,QQQ,ETF
2019-01-23,14.350000381469728,14.43000030517578,14.31999969482422,14.420000076293944,5687200,SLV,ETF
2019-01-23,238.79491318005856,239.50041575152585,235.76485982203684,238.2522125244141,86030300,SPY,ETF
2019-01-23,238.4579845626339,240.51375310659984,234.7792708699527,237.5038909912109,1945700,TMO,Stock
2019-01-23,19.5,19.63333320617676,18.779333114624023,19.172666549682617,187950000,TSLA,Stock
2019-01-23,241.8833328609368,243.4371690058053,238.197503728808,241.22384643554688,2971100,UNH,Stock
2019-01-23,89.36000061035156,89.5199966430664,87.12000274658203,88.4000015258789,3630600,USO,ETF
2019-01-23,132.65614674884316,132.8568865083243,130.15156744338577,130.9736785888672,5465800,V,Stock
2019-01-23,32.13738979527725,32.17852765790877,31.898785797949632,32.055110931396484,11262900,VEA,ETF
2019-01-23,218.57696690865316,219.17141887406584,215.78486777920332,217.98252868652344,3076400,VOO,ETF
2019-01-23,122.29842280898536,122.65073709861592,120.69042284253266,121.88286590576172,3934200,VTI,ETF
2019-01-23,33.181095050160955,33.21409225463867,32.933595560514235,33.21409225463867,14975900,VWO,ETF
2019-01-23,40.54095572887102,41.17418539093365,40.50538154718563,41.09592056274414,15109000,VZ,Stock
2019-01-23,29.814764153399008,29.95951050917725,29.41067669444792,29.766511917114254,25037400,WMT,Stock
2019-01-23,46.35093450989217,46.41010412438443,45.33767884329348,45.71487808227539,23367700,XLE,ETF
2019-01-23,22.754133825975437,22.780592727486656,22.436635418706505,22.692398071289062,44072000,XLF,ETF
2019-01-23,60.64963840846093,61.10084782488297,59.9258315205583,60.60264205932617,9576100,XLK,ETF
2019-01-23,80.21647172392831,80.59236578036965,79.28569847178389,80.15382385253906,7722800,XLV,ETF
2019-01-23,0.319566011428833,0.3203029930591583,0.3149229884147644,0.3164919912815094,375671478,XRP,Crypto
2019-01-24,36.71027946617382,36.79841536974451,36.14572698586206,36.37440490722656,101766000,AAPL,Stock
2019-01-24,67.03765003027819,67.12113448931815,64.5862537872113,65.17823028564453,8372600,ABBV,Stock
2019-01-24,62.77940315438747,63.67625177087872,62.16954582147694,63.55069351196289,6437600,ABT,Stock
2019-01-24,0.0429369993507862,0.0434870012104511,0.0425370000302791,0.0430269986391067,12440167,ADA,Crypto
2019-01-24,245.6199951171875,245.97999572753903,241.17999267578125,242.55999755859372,3643000,ADBE,Stock
2019-01-24,89.90732219744282,90.00841327258988,89.86519663115888,89.9157485961914,7308900,AGG,ETF
2019-01-24,82.05349731445312,82.86299896240234,81.58899688720703,82.74649810791016,81798000,AMZN,Stock
2019-01-24,21.70990740088423,22.180542339392723,21.61927337651012,21.914459228515625,35999000,AVGO,Stock
2019-01-24,24.52355834647041,24.907405997458294,24.51502821789782,24.80504608154297,59492300,BAC,Stock
2019-01-24,132.21119689941406,132.2902069091797,127.4676513671875,129.3973388671875,264182477,BCH,Crypto
2019-01-24,6.534355163574219,6.541762828826904,6.465993881225586,6.505792140960693,26614401,BNB,Crypto
2019-01-24,66.34906221841848,66.40746783088359,66.32403215103832,66.36575317382812,2700300,BND,ETF
2019-01-24,199.75,201.6000061035156,199.75,201.0200042724609,4074800,BRK-B,Stock
2019-01-24,3584.500244140625,3616.08740234375,3569.0927734375,3600.865478515625,5262869046,BTC,Crypto
2019-01-24,192.82971071439292,192.82971071439292,189.66112108412588,190.94126892089844,1994400,COST,Stock
2019-01-24,148.64745513489473,149.19268058087087,145.24725711713683,145.59420776367188,6734700,CRM,Stock
2019-01-24,107.86169740393554,107.96858796743092,106.8219498065893,107.42442321777344,6716800,DIS,Stock
2019-01-24,0.0020449999719858,0.0020729999523609,0.0020129999611526,0.0020389999262988,15825805,DOGE,Crypto
2019-01-24,117.46278381347656,118.0321044921875,116.00679779052734,117.36288452148438,2520843420,ETH,Crypto
2019-01-24,121.16000366210938,121.36000061035156,120.91999816894533,121.08999633789062,5662500,GLD,ETF
2019-01-24,53.8028237554543,54.07568907900416,53.18204651767969,53.87688064575195,29114000,GOOGL,Stock
2019-01-24,150.8474894776836,151.2991786600744,149.3986743829827,151.09463500976562,3860100,HD,Stock
2019-01-24,132.95401961966752,134.17834350326132,132.86197374688675,133.91139221191406,16976300,IWM,ETF
2019-01-24,107.00054759599892,107.17541879004706,104.09423206236416,105.78472137451172,9917000,JNJ,Stock
2019-01-24,85.43693097900328,86.24001898180113,85.27799066688387,85.94722747802734,11296800,JPM,Stock
2019-01-24,39.36464317248425,39.36464317248425,38.76734175632033,39.02098846435547,10272000,KO,Stock
2019-01-24,0.5099779963493347,0.5110989809036255,0.4790799915790558,0.5042420029640198,8538515,LINK,Crypto
2019-01-24,32.042972564697266,33.0421257019043,31.42762756347656,32.77610778808594,614405338,LTC,Crypto
2019-01-24,191.62560163127205,193.34464880460823,191.1523751505912,192.9486846923828,2792000,MA,Stock
2019-01-24,143.85083779347912,145.64101995691124,141.74240945406825,145.0343475341797,20955500,META,Stock
2019-01-24,58.80347246473079,58.80347246473079,56.62846380054847,57.24654006958008,21986621,MRK,Stock
2019-01-24,100.33503529113948,100.46648619532142,98.90784381211118,99.71533203125,23164800,MSFT,Stock
2019-01-24,3.786162923358028,3.9312121556717474,3.781451902035816,3.913608074188232,708972000,NVDA,Stock
2019-01-24,90.97554420726162,90.97554420726162,89.40856947651406,90.3075180053711,4478000,PEP,Stock
2019-01-24,29.78458534089863,29.791713864499865,28.95763074212692,29.192886352539062,34394023,PFE,Stock
2019-01-24,80.70519166572818,80.93628860725117,79.76367520773722,80.71375274658203,12146400,PG,Stock
2019-01-24,156.0737899724056,156.80293682436997,155.47897197350952,156.5726776123047,32417800,QQQ,ETF
2019-01-24,14.399999618530272,14.420000076293944,14.329999923706056,14.359999656677246,3809100,SLV,ETF
2019-01-24,238.0712755432241,238.9667411823845,237.04919540738257,238.37879943847656,59204100,SPY,ETF
2019-01-24,236.83501056305087,237.48420059162385,234.4054783420952,236.63829040527344,1672500,TMO,Stock
2019-01-24,18.868667602539062,19.57866668701172,18.618667602539062,19.43400001525879,120183000,TSLA,Stock
2019-01-24,241.02516429380785,242.25379271697017,238.73056665755067,240.4199066162109,2927300,UNH,Stock
2019-01-24,88.4800033569336,89.83999633789062,88.23999786376953,89.36000061035156,2748363,USO,ETF
2019-01-24,131.06928292170596,132.22597981916806,130.50528032095096,131.63328552246094,4924800,V,Stock
2019-01-24,32.063344030732004,32.178531314637084,31.98106515750117,32.09625244140625,12446700,VEA,ETF
2019-01-24,217.874454648846,218.70309222178872,216.98279037491287,218.19869995117188,2197100,VOO,ETF
2019-01-24,121.89191194209104,122.37974027958866,121.46734001150996,122.13582611083984,3785200,VTI,ETF
2019-01-24,33.21409783274247,33.519346415348245,33.21409783274247,33.49459457397461,16300100,VWO,ETF
2019-01-24,40.98919960383822,41.01766003594229,40.199440254835416,40.6049919128418,12494100,VZ,Stock
2019-01-24,29.612710474725493,29.691114293051967,29.07895782005476,29.66095924377441,22829100,WMT,Stock
2019-01-24,45.61871425895757,46.37310967394628,45.43381350493176,45.95893096923828,13049200,XLE,ETF
2019-01-24,22.61302462450589,22.807053218094296,22.54246923106645,22.745317459106445,25496900,XLF,ETF
2019-01-24,60.81883965208983,61.3264475445556,60.79064040890788,61.11024856567383,14170900,XLK,ETF
2019-01-24,80.07326010258765,80.14485960341835,79.10668732568573,79.48257446289062,11307000,XLV,ETF
2019-01-24,0.3164159953594208,0.3188959956169128,0.3144330084323883,0.3175979852676391,344960253,XRP,Crypto
2019-01-25,37.03661272645306,37.66786668517717,36.76029395592622,37.57972717285156,134142000,AAPL,Stock
2019-01-25,62.62056927086851,62.69646263183754,60.28301669515149,61.12544631958008,21308600,ABBV,Stock
2019-01-25,63.91840466717918,64.36682902299398,63.48792111734807,63.81078720092773,4824100,ABT,Stock
2019-01-25,0.0430970005691051,0.043248001486063,0.0424540005624294,0.0426909998059272,12663796,ADA,Crypto
2019-01-25,244.9900054931641,247.1000061035156,243.42999267578125,244.9499969482422,3822300,ADBE,Stock
2019-01-25,89.83991991353571,89.89046544888755,89.77252158142743,89.87361907958984,3469500,AGG,ETF
2019-01-25,83.5250015258789,84.17400360107422,83.08049774169922,83.52850341796875,98918000,AMZN,Stock
2019-01-25,22.049158900351443,22.31025245071429,21.69493501595353,22.27948760986328,30333000,AVGO,Stock
2019-01-25,24.97564712756429,25.35096304899829,24.85622694623913,25.231544494628903,72182100,BAC,Stock
2019-01-25,129.52093505859375,129.84329223632812,126.37190246582033,128.37045288085938,205641444,BCH,Crypto
2019-01-25,6.514754772186279,6.799006938934326,6.505508899688721,6.737325191497803,43731936,BNB,Crypto
2019-01-25,66.29903304263699,66.34075408490884,66.25731836610244,66.29068756103516,2073100,BND,ETF
2019-01-25,203.0500030517578,204.7400054931641,201.0200042724609,202.75,3823300,BRK-B,Stock
2019-01-25,3607.390380859375,3612.927734375,3575.597412109375,3599.765869140625,5265847539,BTC,Crypto
2019-01-25,192.50289420578832,192.7661941377002,189.51589598315744,189.8155059814453,2252300,COST,Stock
2019-01-25,147.23978931732535,148.58797624915954,146.26830634660817,148.4392852783203,4600800,CRM,Stock
2019-01-25,108.31841109436276,108.3475617185004,107.53131458789127,107.94915008544922,5706900,DIS,Stock
2019-01-25,0.0020570000633597,0.0021830000914633,0.0020270000677555,0.0021180000621825,15953121,DOGE,Crypto
2019-01-25,117.59495544433594,117.80299377441406,115.83015441894533,116.37834167480467,2606881898,ETH,Crypto
2019-01-25,122.0199966430664,122.91000366210938,122.0199966430664,122.86000061035156,11103300,GLD,ETF
2019-01-25,54.38532967656469,54.83910920293637,54.26455589292032,54.747161865234375,23260000,GOOGL,Stock
2019-01-25,153.21672902135424,154.1456737019128,152.21960312512567,153.7451171875,4501800,HD,Stock
2019-01-25,134.97002036619645,135.90897823014691,134.79511493555768,135.6328125,22266900,IWM,ETF
2019-01-25,106.7007669586567,106.96724161331124,105.78473253712,106.7840347290039,7585100,JNJ,Stock
2019-01-25,86.59137808217706,87.26061491583782,85.9472303698255,86.4909896850586,14369400,JPM,Stock
2019-01-25,39.17645388186844,39.29918525787935,38.65279251984557,38.759159088134766,12066500,KO,Stock
2019-01-25,0.5086899995803833,0.5185099840164185,0.4771910011768341,0.4795489907264709,8985719,LINK,Crypto
2019-01-25,32.8204345703125,33.2095947265625,32.273338317871094,32.9818115234375,661476020,LTC,Crypto
2019-01-25,195.2665113425518,196.90829614579616,192.94868450006865,195.99082946777344,4677500,MA,Stock
2019-01-25,146.67533991228143,149.01252430348444,145.74046615580022,148.19699096679688,22237200,META,Stock
2019-01-25,57.75508670276773,57.77073190670912,56.425044189210034,57.07441711425781,14054099,MRK,Stock
2019-01-25,100.69180881255927,101.29272915446845,99.71531146607298,100.62608337402344,31225600,MSFT,Stock
2019-01-25,3.854101197265692,3.988984742760497,3.7514508997949463,3.970884561538696,1154572000,NVDA,Stock
2019-01-25,90.84361389575211,91.20648923179228,89.92816709163078,90.18383026123048,5074800,PEP,Stock
2019-01-25,29.299816837326848,29.40675041265328,28.879211058867675,28.971887588500977,35862455,PFE,Stock
2019-01-25,80.8164903555802,81.21877641633716,79.65243106367681,80.11463165283203,10618000,PG,Stock
2019-01-25,157.82950194352867,158.9232077479907,157.29224500648118,158.44351196289062,36515900,QQQ,ETF
2019-01-25,14.579999923706056,14.760000228881836,14.579999923706056,14.739999771118164,10686800,SLV,ETF
2019-01-25,240.24205249659607,241.2279728440093,238.47831005752727,240.3958282470703,96883400,SPY,ETF
2019-01-25,238.5268093256857,240.31699711948065,236.63826896630556,236.95301818847656,2003300,TMO,Stock
2019-01-25,19.625999450683597,19.90133285522461,19.303333282470703,19.80266761779785,108744000,TSLA,Stock
2019-01-25,242.8319482156624,244.2864248076133,240.03145288404065,242.15440368652344,2809100,UNH,Stock
2019-01-25,89.5999984741211,90.4000015258789,89.27999877929688,90.0,2220975,USO,ETF
2019-01-25,132.87602495060176,133.73636747898053,131.63329662008934,132.56056213378906,9756300,V,Stock
2019-01-25,32.42535550467806,32.54877222179807,32.417129188224884,32.49940490722656,9600800,VEA,ETF
2019-01-25,219.8648826220036,220.76556216021285,219.4685814262668,220.0540313720703,3677500,VOO,ETF
2019-01-25,123.06628221466478,123.59928181786618,122.88561069116514,123.28309631347656,2987300,VTI,ETF
2019-01-25,33.75032432714482,33.915322876156296,33.700823818315705,33.8245735168457,18232000,VWO,ETF
