date,returns,volatility_20,volume,Market_Type,volatility_regime,trend_regime,correlation_regime,composite_regime
2019-01-03,0.06686058356664348,,8294456436,Crypto,Low_Vol,Sideways,,Transition_Regime
2019-01-04,0.06443150255508966,,9112983770,Crypto,Low_Vol,Sideways,,Transition_Regime
2019-01-05,0.04405812371929388,,9884494948,Crypto,Low_Vol,Sideways,,Transition_Regime
2019-01-06,0.0423983241949263,,10475953169,Crypto,Low_Vol,Sideways,,Transition_Regime
2019-01-07,0.01393756009889835,,9335917020,Crypto,Low_Vol,Sideways,,Transition_Regime
2019-01-08,0.04375263819188271,,9205572319,Crypto,Low_Vol,Sideways,,Transition_Regime
2019-01-09,0.03345068266438357,,8763900294,Crypto,Low_Vol,Sideways,,Transition_Regime
2019-01-10,0.031601268192857676,,12355511664,Crypto,Low_Vol,Sideways,,Transition_Regime
2019-01-11,0.08885933265062937,,9675282263,Crypto,Low_Vol,Sideways,,Transition_Regime
2019-01-12,0.02578135940727771,,8150708906,Crypto,Low_Vol,Sideways,,Transition_Regime
2019-01-13,0.048106474930881236,,8224302488,Crypto,Low_Vol,Sideways,,Transition_Regime
2019-01-14,0.026207064038650522,,9912063472,Crypto,Low_Vol,Sideways,,Transition_Regime
2019-01-15,0.035418256385026665,,9504283506,Crypto,Low_Vol,Sideways,,Transition_Regime
2019-01-16,0.02545097618057078,,9382319805,Crypto,Low_Vol,Sideways,,Transition_Regime
2019-01-17,0.0193891952077365,,9379220246,Crypto,Low_Vol,Sideways,,Transition_Regime
2019-01-18,0.02149149788253417,,8542917600,Crypto,Low_Vol,Sideways,,Transition_Regime
2019-01-19,0.016637129906211873,,10302523907,Crypto,Low_Vol,Sideways,,Transition_Regime
2019-01-20,0.015827461085263235,,9907056879,Crypto,Low_Vol,Sideways,,Transition_Regime
2019-01-21,0.013700966122905125,0.050095961256197634,8588485231,Crypto,Low_Vol,Sideways,,Transition_Regime
2019-01-22,0.028349368887538057,0.04902455799370314,9242548198,Crypto,Low_Vol,Sideways,,Transition_Regime
2019-01-23,0.02314552250146991,0.0480710484338222,9347298598,Crypto,Low_Vol,Sideways,Medium_Correlation,Transition_Regime
2019-01-24,0.012595568236144238,0.04689989365239774,9070679422,Crypto,Low_Vol,Sideways,Medium_Correlation,Transition_Regime
2019-01-25,0.025975238227187187,0.04657615289243535,9181257978,Crypto,Low_Vol,Sideways,Medium_Correlation,Transition_Regime
2019-01-26,0.016997372502636728,0.04409394108635259,8813450141,Crypto,Low_Vol,Sideways,Medium_Correlation,Transition_Regime
2019-01-27,0.025596246178954993,0.04419300049944638,9689203977,Crypto,Low_Vol,Sideways,Medium_Correlation,Transition_Regime
2019-01-28,0.02865247566277096,0.04532429469302199,12138174951,Crypto,Low_Vol,Sideways,Medium_Correlation,Transition_Regime
2019-01-29,0.03710179944400052,0.04499774848636709,10326232816,Crypto,Low_Vol,Sideways,Medium_Correlation,Transition_Regime
2019-01-30,0.046148720818386536,0.038663953685972974,10644547191,Crypto,Low_Vol,Sideways,Medium_Correlation,Transition_Regime
2019-01-31,0.029343496928700308,0.036467461944043184,10467974217,Crypto,Low_Vol,Sideways,Medium_Correlation,Transition_Regime
2019-02-01,0.028549721372286476,0.03676131372484464,9699518141,Crypto,Low_Vol,Sideways,Medium_Correlation,Transition_Regime
2019-02-02,0.021106839291323044,0.034971913315808144,9052704521,Crypto,Low_Vol,Sideways,Medium_Correlation,Transition_Regime
2019-02-03,0.008819723701800977,0.03062300572974068,9133162703,Crypto,Low_Vol,Sideways,Medium_Correlation,Transition_Regime
2019-02-04,0.019510706114579675,0.029613955302846735,9293063594,Crypto,Low_Vol,Sideways,Medium_Correlation,Transition_Regime
2019-02-05,0.039668202836024444,0.0299544801362905,9212473321,Crypto,Low_Vol,Sideways,Medium_Correlation,Transition_Regime
2019-02-06,0.024119302190230774,0.03027545976066593,9726092711,Crypto,Low_Vol,Sideways,Medium_Correlation,Transition_Regime
2019-02-07,0.01547502857218608,0.030242552030161192,8659653037,Crypto,Low_Vol,Sideways,Medium_Correlation,Transition_Regime
2019-02-08,0.07513555861626028,0.042936602427738904,14351243729,Crypto,Low_Vol,Sideways,Medium_Correlation,Transition_Regime
2019-02-09,0.02505406535392345,0.042286114553912645,11394367209,Crypto,Low_Vol,Sideways,Medium_Correlation,Transition_Regime
2019-02-10,0.027719955815247718,0.04253536559248711,11804423754,Crypto,Low_Vol,Sideways,Medium_Correlation,Transition_Regime
2019-02-11,0.030988072573702705,0.04280353098521711,11660252989,Crypto,Low_Vol,Sideways,Medium_Correlation,Transition_Regime
2019-02-12,0.011939455301945661,0.04268461310235628,11596678769,Crypto,Low_Vol,Sideways,Medium_Correlation,Transition_Regime
2019-02-13,0.02604712327789142,0.04311701772279039,11763861518,Crypto,Low_Vol,Sideways,Medium_Correlation,Transition_Regime
2019-02-14,0.010465835462234958,0.04289613490312265,11366564763,Crypto,Low_Vol,Sideways,Medium_Correlation,Transition_Regime
2019-02-15,0.018266436107704336,0.0429468426755851,10896156954,Crypto,Low_Vol,Sideways,Medium_Correlation,Transition_Regime
2019-02-16,0.010699215626300393,0.042334963334397235,10522733659,Crypto,Low_Vol,Sideways,Medium_Correlation,Transition_Regime
2019-02-17,0.025228362217887483,0.039761850621177264,13130990287,Crypto,Low_Vol,Sideways,Medium_Correlation,Transition_Regime
2019-02-18,0.03691302948731666,0.04307038277065346,18479490399,Crypto,Low_Vol,Sideways,Medium_Correlation,Transition_Regime
2019-02-19,0.037115916848477086,0.042041909367644216,18557735993,Crypto,Low_Vol,Sideways,Medium_Correlation,Transition_Regime
2019-02-20,0.02177620864833222,0.04111127539499648,16127222727,Crypto,Low_Vol,Sideways,Low_Correlation,Transition_Regime
2019-02-21,0.014077483321668267,0.04222821716078676,14152729797,Crypto,Low_Vol,Sideways,Medium_Correlation,Transition_Regime
2019-02-22,0.008853727441014378,0.04211656521479769,13787635756,Crypto,Low_Vol,Sideways,Medium_Correlation,Transition_Regime
2019-02-23,0.02215859159144346,0.04177067366405193,15883705037,Crypto,Low_Vol,Uptrend,Medium_Correlation,Bull_Market
2019-02-24,0.03597774185945558,0.049904106504096296,20241529507,Crypto,Low_Vol,Uptrend,Medium_Correlation,Bull_Market
2019-02-25,0.04842730024068884,0.05121051636616725,17180767509,Crypto,Low_Vol,Uptrend,Medium_Correlation,Bull_Market
2019-02-26,0.020382029878383008,0.051178890340757816,14122692020,Crypto,Low_Vol,Uptrend,Medium_Correlation,Bull_Market
2019-02-27,0.017462188385739083,0.0511106278918698,14975737513,Crypto,Low_Vol,Sideways,Medium_Correlation,Transition_Regime
2019-02-28,0.019122367725271316,0.042749190129972636,15207758396,Crypto,Low_Vol,Sideways,Medium_Correlation,Transition_Regime
2019-03-01,0.03157193418756979,0.042981385364141894,13739585065,Crypto,Low_Vol,Sideways,Medium_Correlation,Transition_Regime
2019-03-02,0.019985494564112728,0.04274987154626292,13544265755,Crypto,Low_Vol,Sideways,Medium_Correlation,Transition_Regime
2019-03-03,0.0075582298921556615,0.04199596637235624,12680080127,Crypto,Low_Vol,Sideways,Medium_Correlation,Transition_Regime
2019-03-04,0.016357533051268785,0.042592585801158336,15364591925,Crypto,Low_Vol,Sideways,Medium_Correlation,Transition_Regime
2019-03-05,0.059604036786719806,0.04602327296914501,18307818254,Crypto,Low_Vol,Sideways,Medium_Correlation,Transition_Regime
2019-03-06,0.02248896831360093,0.04587089408304776,17022455574,Crypto,Low_Vol,Sideways,Medium_Correlation,Transition_Regime
2019-03-07,0.023432788101742718,0.04601729314219687,17610911441,Crypto,Low_Vol,Sideways,Medium_Correlation,Transition_Regime
2019-03-08,0.019743220719512344,0.046398117158624436,18556119997,Crypto,Low_Vol,Sideways,Medium_Correlation,Transition_Regime
2019-03-09,0.026511882255526528,0.04640883789371705,19272728541,Crypto,Low_Vol,Sideways,Medium_Correlation,Transition_Regime
2019-03-10,0.020834241137378858,0.04241877937119389,17162396130,Crypto,Low_Vol,Sideways,Medium_Correlation,Transition_Regime
2019-03-11,0.029146544704452163,0.04253604516835634,17833788305,Crypto,Low_Vol,Sideways,Medium_Correlation,Transition_Regime
2019-03-12,0.024807540931941676,0.04220736313519688,17234841993,Crypto,Low_Vol,Sideways,Medium_Correlation,Transition_Regime
2019-03-13,0.011315764303883478,0.04138695057481573,16443878867,Crypto,Low_Vol,Sideways,Medium_Correlation,Transition_Regime
2019-03-14,0.01476438387488069,0.04143267781746667,17850115668,Crypto,Low_Vol,Sideways,Medium_Correlation,Transition_Regime
2019-03-15,0.026013259992853865,0.04099678242938962,16909953290,Crypto,Low_Vol,Uptrend,Medium_Correlation,Bull_Market
2019-03-16,0.03111534553177712,0.032180446111245965,18313372475,Crypto,Low_Vol,Uptrend,Medium_Correlation,Bull_Market
2019-03-17,0.009213063244099436,0.02937464294749084,14811222546,Crypto,Low_Vol,Uptrend,Medium_Correlation,Bull_Market
2019-03-18,0.015912037994282573,0.028591549951813882,17694084822,Crypto,Low_Vol,Uptrend,Medium_Correlation,Bull_Market
2019-03-19,0.012855059741943802,0.028533405793946958,16810125623,Crypto,Low_Vol,Uptrend,Medium_Correlation,Bull_Market
2019-03-20,0.014362685054546829,0.02854402303173198,18224477543,Crypto,Low_Vol,Uptrend,Medium_Correlation,Bull_Market
2019-03-21,0.015955728609720988,0.029286302198916783,19240967056,Crypto,Low_Vol,Uptrend,Medium_Correlation,Bull_Market
2019-03-22,0.0334625737370906,0.02976393828718529,16756781212,Crypto,Low_Vol,Uptrend,Medium_Correlation,Bull_Market
2019-03-23,0.03488529205042441,0.03012402805408623,17454457082,Crypto,Low_Vol,Uptrend,Medium_Correlation,Bull_Market
2019-03-24,0.04986461296254832,0.029774877148237344,16940084033,Crypto,Low_Vol,Sideways,Medium_Correlation,Transition_Regime
2019-03-25,0.023858470800787453,0.025088516485503358,18411399802,Crypto,Low_Vol,Sideways,Medium_Correlation,Transition_Regime
2019-03-26,0.02475276153668386,0.024989258651982007,18727600242,Crypto,Low_Vol,Sideways,Medium_Correlation,Transition_Regime
2019-03-27,0.0260050770168352,0.026504218629835683,20039800772,Crypto,Low_Vol,Uptrend,Medium_Correlation,Bull_Market
2019-03-28,0.010768092190257922,0.026264131027508006,16854001422,Crypto,Low_Vol,Uptrend,Medium_Correlation,Bull_Market
2019-03-29,0.029254835422462228,0.025947060914409112,19760119923,Crypto,Low_Vol,Uptrend,Medium_Correlation,Bull_Market
2019-03-30,0.011956461552911557,0.025640863327270235,18385697069,Crypto,Low_Vol,Uptrend,Medium_Correlation,Bull_Market
2019-03-31,0.016805179343173944,0.02488037881873237,16343639391,Crypto,Low_Vol,Uptrend,Medium_Correlation,Bull_Market
2019-04-01,0.061880615648231954,0.028933027522534984,18129806033,Crypto,Low_Vol,Uptrend,Medium_Correlation,Bull_Market
2019-04-02,0.1039193726532386,0.05007772706956895,39894547872,Crypto,Low_Vol,Uptrend,Medium_Correlation,Bull_Market
2019-04-03,0.10300125517976276,0.05317516656190607,47168765484,Crypto,Low_Vol,Uptrend,Medium_Correlation,Bull_Market
2019-04-04,0.06591394729167525,0.05483741790059304,35375868637,Crypto,Low_Vol,Uptrend,Medium_Correlation,Bull_Market
2019-04-05,0.0331494275404666,0.055577955439286265,32313973405,Crypto,Low_Vol,Uptrend,Medium_Correlation,Bull_Market
2019-04-06,0.029192544137435588,0.05558179967237911,31827142979,Crypto,Low_Vol,Uptrend,Medium_Correlation,Bull_Market
2019-04-07,0.020965181618403477,0.05566074978885809,31455026905,Crypto,Low_Vol,Uptrend,Medium_Correlation,Bull_Market
2019-04-08,0.04142319796879974,0.05710176466091242,33571815654,Crypto,Low_Vol,Uptrend,Medium_Correlation,Bull_Market
2019-04-09,0.02313488618783351,0.05812763392639432,27874297167,Crypto,Low_Vol,Uptrend,Medium_Correlation,Bull_Market
2019-04-10,0.029862632856676716,0.05732535673304617,29188038514,Crypto,Low_Vol,Uptrend,Medium_Correlation,Bull_Market
2019-04-11,0.023129446453175398,0.06039176522288213,31719466102,Crypto,Low_Vol,Uptrend,Medium_Correlation,Bull_Market
2019-04-12,0.020162586677411894,0.06019960896762238,25618357122,Crypto,Low_Vol,Uptrend,Medium_Correlation,Bull_Market
2019-04-13,0.03050867943514957,0.05928289745072029,20561695203,Crypto,Low_Vol,Uptrend,Medium_Correlation,Bull_Market
2019-04-14,0.02321249289900461,0.05890101782340293,19612129486,Crypto,Low_Vol,Uptrend,Medium_Correlation,Bull_Market
2019-04-15,0.044147598731674224,0.05964104613738477,24391914310,Crypto,Low_Vol,Uptrend,Medium_Correlation,Bull_Market
2019-04-16,0.00812383565516111,0.059001065859092865,21739113343,Crypto,Low_Vol,Uptrend,Medium_Correlation,Bull_Market
2019-04-17,0.0148471213229681,0.05899736554778065,22894871756,Crypto,Low_Vol,Uptrend,Medium_Correlation,Bull_Market
2019-04-18,0.042771129001941556,0.05986752774061773,25635482592,Crypto,Low_Vol,Uptrend,Medium_Correlation,Bull_Market
2019-04-19,0.04156496726508603,0.06050959232085756,25872726029,Crypto,Low_Vol,Uptrend,Medium_Correlation,Bull_Market
2019-04-20,0.01721676884070389,0.06057533233467807,24131826518,Crypto,Low_Vol,Uptrend,Medium_Correlation,Bull_Market
2019-04-21,0.01460032348419211,0.05957882927620687,25392732711,Crypto,Low_Vol,Uptrend,Medium_Correlation,Bull_Market
2019-04-22,0.018975262499165868,0.043071329089346626,26057171726,Crypto,Low_Vol,Uptrend,Medium_Correlation,Bull_Market
2019-04-23,0.024037364461982083,0.03763352344856912,28806227905,Crypto,Low_Vol,Uptrend,Medium_Correlation,Bull_Market
2019-04-24,0.02365439293367379,0.03609995662752856,31219601567,Crypto,Low_Vol,Uptrend,Medium_Correlation,Bull_Market
2019-04-25,0.013775372829562212,0.03558158076600382,27706661018,Crypto,Low_Vol,Sideways,Medium_Correlation,Transition_Regime
2019-04-26,0.01768374801365342,0.03546226945170653,30305971019,Crypto,Low_Vol,Sideways,Medium_Correlation,Transition_Regime
2019-04-27,0.012463108920198916,0.0349657499372554,23017700246,Crypto,Low_Vol,Sideways,Medium_Correlation,Transition_Regime
2019-04-28,0.02059631577736729,0.033852016611739075,22587375139,Crypto,Low_Vol,Sideways,Medium_Correlation,Transition_Regime
2019-04-29,0.061494082772682965,0.03403845724639274,24856417924,Crypto,Low_Vol,Sideways,Medium_Correlation,Transition_Regime
2019-04-30,0.08164760738274936,0.03705713690626353,26530597959,Crypto,Low_Vol,Sideways,Medium_Correlation,Transition_Regime
2019-05-01,0.012811620881540519,0.033421336521781225,25232290204,Crypto,Low_Vol,Sideways,Medium_Correlation,Transition_Regime
2019-05-02,0.03229425101251224,0.03364943763720513,26324223074,Crypto,Low_Vol,Sideways,Medium_Correlation,Transition_Regime
2019-05-03,0.03357047979055278,0.03543364298339696,33488611574,Crypto,Low_Vol,Sideways,Medium_Correlation,Transition_Regime
2019-05-04,0.022015596853566785,0.03532034337050086,31872719170,Crypto,Low_Vol,Sideways,Medium_Correlation,Transition_Regime
2019-05-05,0.021499809204490346,0.034052823115235296,26460688170,Crypto,Low_Vol,Sideways,Medium_Correlation,Transition_Regime
2019-05-06,0.053582514759641084,0.03531951067438956,29316368807,Crypto,Low_Vol,Sideways,Medium_Correlation,Transition_Regime
2019-05-07,0.037362022883785935,0.03572041871236407,32665448346,Crypto,Low_Vol,Sideways,Medium_Correlation,Transition_Regime
2019-05-08,0.02750467321724958,0.0345094978900398,26954705023,Crypto,Low_Vol,Sideways,Medium_Correlation,Transition_Regime
2019-05-09,0.04835964028613024,0.03438869113478076,28430443143,Crypto,Low_Vol,Sideways,Medium_Correlation,Transition_Regime
2019-05-10,0.056537754010552756,0.03494091424800808,33728186559,Crypto,Low_Vol,Sideways,Medium_Correlation,Transition_Regime
2019-05-11,0.07092731933706935,0.04557589501963609,53315541557,Crypto,Low_Vol,Uptrend,Medium_Correlation,Bull_Market
2019-05-12,0.05939643278276297,0.046521803204071274,50272355478,Crypto,Low_Vol,Uptrend,Medium_Correlation,Bull_Market
2019-05-13,0.18973750476166107,0.04907896221833932,50113905201,Crypto,Low_Vol,Uptrend,Medium_Correlation,Bull_Market
2019-05-14,0.11882280599160389,0.056870894027641145,59756440441,Crypto,Low_Vol,Uptrend,Medium_Correlation,Bull_Market
2019-05-15,0.06215663847128795,0.05818824571721404,55574819210,Crypto,Low_Vol,Uptrend,Medium_Correlation,Bull_Market
2019-05-16,0.0767140722907228,0.05978633442480809,68325085256,Crypto,Low_Vol,Uptrend,Medium_Correlation,Bull_Market
2019-05-17,0.12110111376573722,0.06274639170348684,59588832216,Crypto,Low_Vol,Uptrend,Medium_Correlation,Bull_Market
2019-05-18,0.0656359322403294,0.0774726262064471,40468038301,Crypto,Low_Vol,Uptrend,Medium_Correlation,Bull_Market
2019-05-19,0.1773435916275919,0.08179227953421117,49097247799,Crypto,Low_Vol,Uptrend,Medium_Correlation,Bull_Market
2019-05-20,0.15568341113999298,0.08290806482597536,44508413290,Crypto,Low_Vol,Uptrend,Medium_Correlation,Bull_Market
2019-05-21,0.03044420503830981,0.08288172658830407,46215248828,Crypto,Low_Vol,Uptrend,Medium_Correlation,Bull_Market
2019-05-22,0.07193032901974471,0.08495856184272314,43568591861,Crypto,Low_Vol,Uptrend,Medium_Correlation,Bull_Market
2019-05-23,0.0705557776076238,0.08455711813331539,43653313128,Crypto,Low_Vol,Uptrend,Medium_Correlation,Bull_Market
2019-05-24,0.049900853470967114,0.08466432829349646,46575599333,Crypto,Low_Vol,Uptrend,Medium_Correlation,Bull_Market
2019-05-25,0.053481345786578365,0.08570427973857749,39823204767,Crypto,Low_Vol,Uptrend,Medium_Correlation,Bull_Market
2019-05-26,0.047048100018143295,0.08593393403813737,46602080370,Crypto,Low_Vol,Uptrend,Medium_Correlation,Bull_Market
2019-05-27,0.05504234265032591,0.08539571282029104,52870950037,Crypto,Low_Vol,Uptrend,Medium_Correlation,Bull_Market
2019-05-28,0.03091605668162297,0.08539161639471084,44864461303,Crypto,Low_Vol,Uptrend,Medium_Correlation,Bull_Market
2019-05-29,0.03415659153066053,0.0849382462243589,43340205886,Crypto,Low_Vol,Uptrend,Medium_Correlation,Bull_Market
2019-05-30,0.045696682977317694,0.08771048487096902,55310052926,Crypto,Low_Vol,Uptrend,Medium_Correlation,Bull_Market
2019-05-31,0.034050267807387666,0.08245051516672022,46126973427,Crypto,Low_Vol,Uptrend,Medium_Correlation,Bull_Market
2019-06-01,0.023221220158625232,0.08199163760159654,40648766620,Crypto,Low_Vol,Uptrend,Medium_Correlation,Bull_Market
2019-06-02,0.03035650383173405,0.07686129350384692,36466601619,Crypto,Low_Vol,Uptrend,Medium_Correlation,Bull_Market
2019-06-03,0.0170603607882125,0.07289439294311653,40593868771,Crypto,Low_Vol,Sideways,Medium_Correlation,Transition_Regime
2019-06-04,0.05354278554429092,0.07011428268565283,44657908677,Crypto,Low_Vol,Sideways,Medium_Correlation,Transition_Regime
2019-06-05,0.06466810401440422,0.07022895565981391,39138696963,Crypto,Low_Vol,Sideways,Medium_Correlation,Transition_Regime
2019-06-06,0.024318761321101823,0.06733837736749317,36569174648,Crypto,Low_Vol,Sideways,Medium_Correlation,Transition_Regime
2019-06-07,0.01932223140473869,0.06596223269860528,36541172039,Crypto,Low_Vol,Sideways,Medium_Correlation,Transition_Regime
2019-06-08,0.025367929565611708,0.054679259452119953,31783788196,Crypto,Low_Vol,Sideways,Medium_Correlation,Transition_Regime
2019-06-09,0.01724898506942417,0.05057134225419059,32060290719,Crypto,Low_Vol,Sideways,Medium_Correlation,Transition_Regime
2019-06-10,0.0326611647973331,0.05197761096779615,36049524953,Crypto,Low_Vol,Sideways,Medium_Correlation,Transition_Regime
2019-06-11,0.04581240306739588,0.04942223728214967,33122539509,Crypto,Low_Vol,Sideways,Medium_Correlation,Transition_Regime
2019-06-12,0.0380404861276912,0.04838929599450519,37172533391,Crypto,Low_Vol,Sideways,Medium_Correlation,Transition_Regime
2019-06-13,0.1994683824140471,0.055486900849120155,36502866844,Crypto,Low_Vol,Sideways,Medium_Correlation,Transition_Regime
2019-06-14,0.05556456606668496,0.05600720158355489,37311488181,Crypto,Low_Vol,Uptrend,Medium_Correlation,Bull_Market
2019-06-15,0.019140363691230757,0.054399629691763575,34644718748,Crypto,Low_Vol,Sideways,Medium_Correlation,Transition_Regime
2019-06-16,0.021387822962527416,0.05352453259788938,42103470202,Crypto,Low_Vol,Uptrend,Medium_Correlation,Bull_Market
2019-06-17,0.059575381566812136,0.05410916950123048,29095963708,Crypto,Low_Vol,Uptrend,Medium_Correlation,Bull_Market
2019-06-18,0.03263700237607744,0.05438045542177798,30074386148,Crypto,Low_Vol,Uptrend,Medium_Correlation,Bull_Market
2019-06-19,0.008829603811668208,0.05191797330346883,28652269045,Crypto,Low_Vol,Uptrend,Medium_Correlation,Bull_Market
2019-06-20,0.02574842780094363,0.050486637698271976,31659702102,Crypto,Low_Vol,Uptrend,Medium_Correlation,Bull_Market
2019-06-21,0.04422242102336382,0.05169407750341809,38569372574,Crypto,Low_Vol,Uptrend,Medium_Correlation,Bull_Market
2019-06-22,0.03491595294883655,0.05274677814680086,54209375891,Crypto,Low_Vol,Uptrend,Medium_Correlation,Bull_Market
2019-06-23,0.03964868935980039,0.049754355096889254,38512736798,Crypto,Low_Vol,Uptrend,Medium_Correlation,Bull_Market
2019-06-24,0.08413323081758878,0.046164619392162334,35629451706,Crypto,Low_Vol,Uptrend,Medium_Correlation,Bull_Market
2019-06-25,0.07104527950885414,0.04614352014751932,44153973572,Crypto,Low_Vol,Uptrend,Medium_Correlation,Bull_Market
2019-06-26,0.04565702514926628,0.04668449521880789,75500840443,Crypto,Low_Vol,Uptrend,Medium_Correlation,Bull_Market
2019-06-27,0.07357817283308277,0.054623986159316226,66779565774,Crypto,Low_Vol,Uptrend,Medium_Correlation,Bull_Market
2019-06-28,0.08284701956266434,0.05647634813436349,56932287233,Crypto,Low_Vol,Uptrend,Medium_Correlation,Bull_Market
2019-06-29,0.09936511276169467,0.058735701045664945,52264154361,Crypto,Low_Vol,Uptrend,Medium_Correlation,Bull_Market
2019-06-30,0.019113010675567355,0.06155817283750742,47712160183,Crypto,Low_Vol,Sideways,Medium_Correlation,Transition_Regime
2019-07-01,0.029676633288048253,0.06083337823583225,49695530948,Crypto,Low_Vol,Sideways,Medium_Correlation,Transition_Regime
2019-07-02,0.0512032317853188,0.06013072014274066,51382697011,Crypto,Low_Vol,Sideways,Medium_Correlation,Transition_Regime
2019-07-03,0.04007223161938653,0.05459211650237492,49380537574,Crypto,Low_Vol,Uptrend,Medium_Correlation,Bull_Market
2019-07-04,0.028716283944817955,0.05468082922351077,42830699284,Crypto,Low_Vol,Sideways,Medium_Correlation,Transition_Regime
2019-07-05,0.06937621648769604,0.05720064089381531,40544034060,Crypto,Low_Vol,Sideways,Medium_Correlation,Transition_Regime
2019-07-06,0.039454953647841726,0.05755877198181136,35803165745,Crypto,Low_Vol,Sideways,Medium_Correlation,Transition_Regime
2019-07-07,0.026867356449300227,0.057201101588071256,33894702693,Crypto,Low_Vol,Sideways,Medium_Correlation,Transition_Regime
2019-07-08,0.0314103859933719,0.05666984936959597,39603405823,Crypto,Low_Vol,Sideways,Medium_Correlation,Transition_Regime
2019-07-09,0.022568007668465295,0.05689479923669092,45721475765,Crypto,Low_Vol,Sideways,Medium_Correlation,Transition_Regime
2019-07-10,0.031252462170847733,0.05819954102524054,55053377756,Crypto,Low_Vol,Uptrend,Medium_Correlation,Bull_Market
2019-07-11,0.03264587483540678,0.0646313565439804,48748742987,Crypto,Low_Vol,Sideways,Medium_Correlation,Transition_Regime
2019-07-12,0.032317451730121446,0.06334820422553983,39506855832,Crypto,Low_Vol,Sideways,Medium_Correlation,Transition_Regime
2019-07-13,0.03384104185297932,0.06347840989798065,34398202547,Crypto,Low_Vol,Sideways,Medium_Correlation,Transition_Regime
2019-07-14,0.03322766239879165,0.06672720973196505,38508449983,Crypto,Low_Vol,Sideways,Medium_Correlation,Transition_Regime
2019-07-15,0.0426428588108158,0.06620296934800418,43561397741,Crypto,Low_Vol,Sideways,Medium_Correlation,Transition_Regime
2019-07-16,0.0421866040781589,0.07026357142117276,41316259573,Crypto,Low_Vol,Sideways,Medium_Correlation,Transition_Regime
2019-07-17,0.03011408749990511,0.06971103622547424,44322424876,Crypto,Low_Vol,Sideways,Medium_Correlation,Transition_Regime
2019-07-18,0.034869437652693,0.06897352166037601,43814316319,Crypto,Low_Vol,Sideways,Medium_Correlation,Transition_Regime
2019-07-19,0.015205175018295262,0.06422924643831346,35696090197,Crypto,Low_Vol,Sideways,Medium_Correlation,Transition_Regime
2019-07-20,0.016796152388176496,0.06341511210734076,35611434396,Crypto,Low_Vol,Downtrend,Medium_Correlation,Bear_Market
2019-07-21,0.010972982747681676,0.06306081587332342,29565377014,Crypto,Low_Vol,Downtrend,Medium_Correlation,Bear_Market
2019-07-22,0.020326077246238437,0.06253784107726897,28367883481,Crypto,Low_Vol,Downtrend,Medium_Correlation,Bear_Market
2019-07-23,0.025676136400058922,0.06228326513067059,30567775208,Crypto,Low_Vol,Downtrend,Medium_Correlation,Bear_Market
2019-07-24,0.02263387965779469,0.06239690518461317,31062828514,Crypto,Low_Vol,Downtrend,Medium_Correlation,Bear_Market
2019-07-25,0.008796757410420745,0.059801092442977016,28039929822,Crypto,Low_Vol,Downtrend,Medium_Correlation,Bear_Market
2019-07-26,0.029795976815507448,0.06012446435640692,25455432349,Crypto,Low_Vol,Downtrend,Medium_Correlation,Bear_Market
2019-07-27,0.02372643089380319,0.06018468721063845,28793838912,Crypto,Low_Vol,Downtrend,Medium_Correlation,Bear_Market
2019-07-28,0.012315191934691343,0.059773160511553174,24165745769,Crypto,Low_Vol,Downtrend,Medium_Correlation,Bear_Market
2019-07-29,0.015217434088660692,0.05968022785826232,24175399513,Crypto,Low_Vol,Downtrend,Medium_Correlation,Bear_Market
2019-07-30,0.015258078233736212,0.058846951213347314,24255604313,Crypto,Low_Vol,Downtrend,Medium_Correlation,Bear_Market
2019-07-31,0.028997780448670435,0.05667208337531364,28730296270,Crypto,Low_Vol,Sideways,Medium_Correlation,Transition_Regime
2019-08-01,0.027432284800215853,0.05488430110713219,28910095848,Crypto,Low_Vol,Sideways,Medium_Correlation,Transition_Regime
2019-08-02,0.1370206559180166,0.0599507392598121,29516924473,Crypto,Low_Vol,Sideways,Medium_Correlation,Transition_Regime
2019-08-03,0.028324184434955577,0.05359442882616496,26339413957,Crypto,Low_Vol,Sideways,Medium_Correlation,Transition_Regime
2019-08-04,0.024488899942981056,0.052790980032808715,26864713893,Crypto,Low_Vol,Sideways,Medium_Correlation,Transition_Regime
2019-08-05,0.04853696788162552,0.04523255263861531,39260640444,Crypto,Low_Vol,Sideways,Medium_Correlation,Transition_Regime
2019-08-06,0.10738642017428983,0.04672506649858046,37748634346,Crypto,Low_Vol,Sideways,Medium_Correlation,Transition_Regime
2019-08-07,0.037305227776313545,0.043172870999723584,35169403839,Crypto,Low_Vol,Sideways,Medium_Correlation,Transition_Regime
2019-08-08,0.0496550939616534,0.043886507939916615,32012706597,Crypto,Low_Vol,Sideways,Medium_Correlation,Transition_Regime
2019-08-09,0.062271307710227035,0.04460138700653462,31119790944,Crypto,Low_Vol,Sideways,Medium_Correlation,Transition_Regime
2019-08-10,0.07538304199417177,0.0466746033820907,30673086355,Crypto,Low_Vol,Sideways,Medium_Correlation,Transition_Regime
2019-08-11,0.02837988965102742,0.04701175677539713,27874429340,Crypto,Low_Vol,Sideways,Medium_Correlation,Transition_Regime
2019-08-12,0.020671663215126854,0.04561718246015349,24474237353,Crypto,Low_Vol,Sideways,Medium_Correlation,Transition_Regime
2019-08-13,0.02197909173671984,0.04557676920606681,28207039029,Crypto,Low_Vol,Sideways,Medium_Correlation,Transition_Regime
2019-08-14,0.024429690547748913,0.051077484894468554,34808009812,Crypto,Low_Vol,Downtrend,Medium_Correlation,Bear_Market
2019-08-15,0.02407194550893551,0.05086881272719437,38881014895,Crypto,Low_Vol,Downtrend,Medium_Correlation,Bear_Market
2019-08-16,0.026358327563186623,0.049779358565300386,33404002866,Crypto,Low_Vol,Sideways,Medium_Correlation,Transition_Regime
2019-08-17,0.023897432868743358,0.04983833659993348,24120313123,Crypto,Low_Vol,Sideways,Medium_Correlation,Transition_Regime
2019-08-18,0.027940008345392932,0.050948811956761174,24496419856,Crypto,Low_Vol,Sideways,Medium_Correlation,Transition_Regime
2019-08-19,0.036791297734486174,0.05147139087674597,27454377470,Crypto,Low_Vol,Sideways,Medium_Correlation,Transition_Regime
2019-08-20,0.018876874537511835,0.05082172127969597,26484757257,Crypto,Low_Vol,Sideways,Medium_Correlation,Transition_Regime
2019-08-21,0.02032699828722603,0.051699774301948984,33195721204,Crypto,Low_Vol,Sideways,Medium_Correlation,Transition_Regime
2019-08-22,0.026945460855473648,0.04629251247535369,30558524741,Crypto,Low_Vol,Sideways,Medium_Correlation,Transition_Regime
2019-08-23,0.030318705621449525,0.04641412855620395,27667013789,Crypto,Low_Vol,Sideways,Medium_Correlation,Transition_Regime
2019-08-24,0.019322915218195076,0.046461450126654286,26609479860,Crypto,Low_Vol,Sideways,Medium_Correlation,Transition_Regime
2019-08-25,0.024440400776082175,0.04435272383648981,24734431662,Crypto,Low_Vol,Sideways,Medium_Correlation,Transition_Regime
2019-08-26,0.017940881027216218,0.0415668809623233,31927158077,Crypto,Low_Vol,Sideways,Medium_Correlation,Transition_Regime
2019-08-27,0.013631074962069544,0.040793639209574725,25986657368,Crypto,Low_Vol,Sideways,Medium_Correlation,Transition_Regime
2019-08-28,0.036919243382250805,0.042976388682296585,30354779180,Crypto,Low_Vol,Sideways,Medium_Correlation,Transition_Regime
2019-08-29,0.028210216303137636,0.04173744722652121,30479468394,Crypto,Low_Vol,Downtrend,Medium_Correlation,Bear_Market
2019-08-30,0.020389110931713077,0.03967930789736126,24477454406,Crypto,Low_Vol,Downtrend,Medium_Correlation,Bear_Market
2019-08-31,0.021016450919418464,0.038040641782793296,21926860522,Crypto,Low_Vol,Downtrend,Medium_Correlation,Bear_Market
2019-09-01,0.021877379436644077,0.03811092410655301,21438000285,Crypto,Low_Vol,Downtrend,Medium_Correlation,Bear_Market
2019-09-02,0.03323737463787465,0.03978867924919724,28948754616,Crypto,Low_Vol,Sideways,Medium_Correlation,Transition_Regime
2019-09-03,0.027514611391288947,0.034844661891796865,32316533505,Crypto,Low_Vol,Sideways,Medium_Correlation,Transition_Regime
2019-09-04,0.023253891851076944,0.03456089105490879,27847407545,Crypto,Low_Vol,Sideways,Medium_Correlation,Transition_Regime
2019-09-05,0.047084376128376265,0.03582547308501334,25280830503,Crypto,Low_Vol,Sideways,Medium_Correlation,Transition_Regime
2019-09-06,0.033599350841414945,0.0361252381263547,31915068951,Crypto,Low_Vol,Sideways,Medium_Correlation,Transition_Regime
2019-09-07,0.020410592233329774,0.03587406906478064,27731250785,Crypto,Low_Vol,Sideways,Medium_Correlation,Transition_Regime
2019-09-08,0.014394907040187461,0.03507342390527805,25724936654,Crypto,Low_Vol,Sideways,Medium_Correlation,Transition_Regime
2019-09-09,0.014954462878223274,0.03471518039334381,30583772803,Crypto,Low_Vol,Sideways,Medium_Correlation,Transition_Regime
2019-09-10,0.013952941834289896,0.033286803304605164,26691296890,Crypto,Low_Vol,Sideways,Medium_Correlation,Transition_Regime
2019-09-11,0.01691205416133226,0.03267784511677638,27855403306,Crypto,Low_Vol,Sideways,Medium_Correlation,Transition_Regime
2019-09-12,0.02932940571253663,0.03238207436792226,26025861446,Crypto,Low_Vol,Sideways,Medium_Correlation,Transition_Regime
2019-09-13,0.022352683939050627,0.03224522609053289,24868460680,Crypto,Low_Vol,Sideways,Medium_Correlation,Transition_Regime
2019-09-14,0.013032252690634759,0.03229501514509743,25068446103,Crypto,Low_Vol,Sideways,Medium_Correlation,Transition_Regime
2019-09-15,0.015955619780745698,0.03237384523617327,23012602653,Crypto,Low_Vol,Sideways,Medium_Correlation,Transition_Regime
2019-09-16,0.01975397777010459,0.03241291317565082,28531379023,Crypto,Low_Vol,Sideways,Medium_Correlation,Transition_Regime
2019-09-17,0.027444812053477596,0.029842843753093682,32716259499,Crypto,Low_Vol,Sideways,Medium_Correlation,Transition_Regime
2019-09-18,0.03639306680951962,0.030728964800391036,34105066982,Crypto,Low_Vol,Sideways,Medium_Correlation,Transition_Regime
2019-09-19,0.03101385994513007,0.031114024750860905,39086873371,Crypto,Low_Vol,Sideways,Low_Correlation,Transition_Regime
2019-09-20,0.009719095524586767,0.03134021731245938,29501660969,Crypto,Low_Vol,Sideways,Low_Correlation,Transition_Regime
2019-09-21,0.016492459508982354,0.031570969587330244,26892889295,Crypto,Low_Vol,Downtrend,Low_Correlation,Bear_Market
2019-09-22,0.02252476206456761,0.03041031003476108,26471689010,Crypto,Low_Vol,Downtrend,Low_Correlation,Bear_Market
2019-09-23,0.02767970217541212,0.03219221778156539,29155139902,Crypto,Low_Vol,Downtrend,Low_Correlation,Bear_Market
2019-09-24,0.06784597383448067,0.04784899825548847,46404779229,Crypto,Low_Vol,Downtrend,Low_Correlation,Bear_Market
2019-09-25,0.025388324321628783,0.04730621982750977,39851966143,Crypto,Low_Vol,Downtrend,Medium_Correlation,Bear_Market
2019-09-26,0.01831212124138816,0.04730118899893452,33745651834,Crypto,Low_Vol,Downtrend,Medium_Correlation,Bear_Market
2019-09-27,0.01410075786790367,0.046788385246195725,30230285452,Crypto,Low_Vol,Downtrend,Medium_Correlation,Bear_Market
2019-09-28,0.023548264099595415,0.046931678161855256,25982239792,Crypto,Low_Vol,Downtrend,Low_Correlation,Bear_Market
2019-09-29,0.042520483805685065,0.04753593587835023,24161711042,Crypto,Low_Vol,Downtrend,Low_Correlation,Bear_Market
2019-09-30,0.028737643554768297,0.04911311849391682,30610654190,Crypto,Low_Vol,Downtrend,Medium_Correlation,Bear_Market
2019-10-01,0.02494073034522009,0.04908274979996775,28761300418,Crypto,Low_Vol,Downtrend,Medium_Correlation,Bear_Market
2019-10-02,0.028993341080948018,0.04938316205866284,24379337638,Crypto,Low_Vol,Downtrend,Medium_Correlation,Bear_Market
2019-10-03,0.009653409544175788,0.04918128295819286,24764206180,Crypto,Low_Vol,Downtrend,Medium_Correlation,Bear_Market
2019-10-04,0.011714234244497487,0.04902640660540041,24280042848,Crypto,Low_Vol,Downtrend,Medium_Correlation,Bear_Market
2019-10-05,0.008294702307510235,0.048971222079718914,22432716499,Crypto,Low_Vol,Downtrend,Medium_Correlation,Bear_Market
2019-10-06,0.04155784155700593,0.04928541246086297,23833215636,Crypto,Low_Vol,Downtrend,Medium_Correlation,Bear_Market
2019-10-07,0.022366204305397284,0.049706811402360114,32787443920,Crypto,Low_Vol,Downtrend,Medium_Correlation,Bear_Market
2019-10-08,0.046781967606875065,0.048677585324680514,28966089896,Crypto,Low_Vol,Downtrend,Medium_Correlation,Bear_Market
2019-10-09,0.0432987065584898,0.05108389640938337,35134258430,Crypto,Low_Vol,Sideways,Medium_Correlation,Transition_Regime
2019-10-10,0.054174651251110685,0.052107814836073005,32080379365,Crypto,Low_Vol,Sideways,Medium_Correlation,Transition_Regime
2019-10-11,0.028668657413852897,0.05228709766872713,34489130820,Crypto,Low_Vol,Sideways,Medium_Correlation,Transition_Regime
2019-10-12,0.02356755722150712,0.05214117662011843,27034302693,Crypto,Low_Vol,Sideways,Medium_Correlation,Transition_Regime
2019-10-13,0.032003823004711746,0.051570715265616324,25630974334,Crypto,Low_Vol,Sideways,Medium_Correlation,Transition_Regime
2019-10-14,0.022433487154649198,0.03499219664275583,28107547058,Crypto,Low_Vol,Sideways,Medium_Correlation,Transition_Regime
2019-10-15,0.022085951235883913,0.03581295905899643,29218031222,Crypto,Low_Vol,Sideways,Medium_Correlation,Transition_Regime
2019-10-16,0.02859382005358009,0.03516965341433704,30392948957,Crypto,Low_Vol,Downtrend,Medium_Correlation,Bear_Market
2019-10-17,0.019196542373576504,0.03545349825420591,27589186521,Crypto,Low_Vol,Sideways,Medium_Correlation,Transition_Regime
2019-10-18,0.015468696445169742,0.03624038122225677,29562678896,Crypto,Low_Vol,Downtrend,Medium_Correlation,Bear_Market
2019-10-19,0.015139871643709583,0.03531100487556886,26251963345,Crypto,Low_Vol,Downtrend,Medium_Correlation,Bear_Market
2019-10-20,0.017620159132543188,0.03391409140148039,28620438544,Crypto,Low_Vol,Sideways,Medium_Correlation,Transition_Regime
2019-10-21,0.032027168330730695,0.034021170176935296,29288233185,Crypto,Low_Vol,Downtrend,Medium_Correlation,Bear_Market
2019-10-22,0.3160131497738325,0.03451089031594813,30039526164,Crypto,Low_Vol,Downtrend,Medium_Correlation,Bear_Market
2019-10-23,0.06463716039466645,0.03788250168867596,39245543182,Crypto,Low_Vol,Downtrend,Medium_Correlation,Bear_Market
2019-10-24,0.020270914154617157,0.037961526551450075,30215914008,Crypto,Low_Vol,Downtrend,Medium_Correlation,Bear_Market
2019-10-25,0.12732501539222998,0.04593054009930209,49489325019,Crypto,Low_Vol,Downtrend,Medium_Correlation,Bear_Market
2019-10-26,0.04006775237428203,0.04587927843349366,71471221672,Crypto,Low_Vol,Sideways,Medium_Correlation,Transition_Regime
2019-10-27,0.039920841517199886,0.044974071902229185,53881038387,Crypto,Low_Vol,Sideways,Medium_Correlation,Transition_Regime
2019-10-28,0.03416934208593087,0.0443006744881324,51144806462,Crypto,Low_Vol,Sideways,Medium_Correlation,Transition_Regime
2019-10-29,0.04117323686785773,0.042464895590716804,49607234845,Crypto,Low_Vol,Sideways,Medium_Correlation,Transition_Regime
2019-10-30,0.01879866193348364,0.04137380471912964,47635021450,Crypto,Low_Vol,Sideways,Medium_Correlation,Transition_Regime
2019-10-31,0.08556902624850043,0.04087981996771449,44579474156,Crypto,Low_Vol,Sideways,Medium_Correlation,Transition_Regime
2019-11-01,0.05253029626565442,0.04204847453298386,41440629492,Crypto,Low_Vol,Sideways,Medium_Correlation,Transition_Regime
2019-11-02,0.01839876296561461,0.04148888051240387,37121313501,Crypto,Low_Vol,Sideways,Medium_Correlation,Transition_Regime
2019-11-03,0.02543838350425076,0.040918176522210394,37725164219,Crypto,Low_Vol,Sideways,Medium_Correlation,Transition_Regime
2019-11-04,0.026167849959576033,0.04031771061837902,45701997472,Crypto,Low_Vol,Sideways,Medium_Correlation,Transition_Regime
2019-11-05,0.03441257414907738,0.039867434523942084,45885629332,Crypto,Low_Vol,Sideways,Medium_Correlation,Transition_Regime
2019-11-06,0.029813986909480356,0.03918961223945481,41961322495,Crypto,Low_Vol,Sideways,Medium_Correlation,Transition_Regime
2019-11-07,0.03300049880466551,0.03928678035714372,40619107175,Crypto,Low_Vol,Sideways,Low_Correlation,Transition_Regime
2019-11-08,0.025058152169428163,0.040487893617386736,41793715164,Crypto,Low_Vol,Sideways,Low_Correlation,Transition_Regime
2019-11-09,0.011398573244025906,0.04049111165460506,31432993121,Crypto,Low_Vol,Sideways,Medium_Correlation,Transition_Regime
2019-11-10,0.023591098016922076,0.059306145001477684,37320154950,Crypto,Low_Vol,Sideways,Medium_Correlation,Transition_Regime
2019-11-11,0.01783720712899962,0.04611610371148996,35077174671,Crypto,Low_Vol,Downtrend,Medium_Correlation,Bear_Market
2019-11-12,0.019713802065524113,0.0424098750342722,35344776523,Crypto,Low_Vol,Downtrend,Low_Correlation,Bear_Market
2019-11-13,0.029645447487580436,0.04242326773097435,31521247813,Crypto,Low_Vol,Downtrend,Medium_Correlation,Bear_Market
2019-11-14,0.013068440922541594,0.032828614832841045,33793582604,Crypto,Low_Vol,Downtrend,Medium_Correlation,Bear_Market
2019-11-15,0.019990719933813437,0.032729296368451934,37947698654,Crypto,Low_Vol,Downtrend,Medium_Correlation,Bear_Market
2019-11-16,0.02700333336461176,0.03187687347266982,29363369822,Crypto,Low_Vol,Downtrend,Medium_Correlation,Bear_Market
2019-11-17,0.014211019089659735,0.03165593155671339,32678111637,Crypto,Low_Vol,Downtrend,Medium_Correlation,Bear_Market
2019-11-18,0.015190444396474241,0.03178502144965991,36716509987,Crypto,Low_Vol,Downtrend,Medium_Correlation,Bear_Market
2019-11-19,0.026395986083824485,0.03163895714674934,35886299665,Crypto,Low_Vol,Downtrend,Medium_Correlation,Bear_Market
2019-11-20,0.044685489142997005,0.029100286421495355,34599531823,Crypto,Low_Vol,Downtrend,Medium_Correlation,Bear_Market
2019-11-21,0.021643660745968244,0.030501403478792346,38886521554,Crypto,Low_Vol,Downtrend,Low_Correlation,Bear_Market
2019-11-22,0.044962320927447307,0.033271434613953176,56271476482,Crypto,Low_Vol,Downtrend,Low_Correlation,Bear_Market
2019-11-23,0.07166453309411736,0.03657258532260413,36652104423,Crypto,Low_Vol,Downtrend,Low_Correlation,Bear_Market
2019-11-24,0.02011349168109873,0.03818935312671647,46666985085,Crypto,Low_Vol,Downtrend,Low_Correlation,Bear_Market
2019-11-25,0.11674759347833773,0.04101938052542198,69688884117,Crypto,Low_Vol,Downtrend,Low_Correlation,Bear_Market
2019-11-26,0.02623526733384644,0.04158368552127187,35243491821,Crypto,Low_Vol,Downtrend,Low_Correlation,Bear_Market
2019-11-27,0.07977798505992459,0.04492236074360904,40082292825,Crypto,Low_Vol,Downtrend,Medium_Correlation,Bear_Market
2019-11-28,0.09802344140091483,0.047434213212635974,32328157211,Crypto,Low_Vol,Downtrend,Medium_Correlation,Bear_Market
2019-11-29,0.03077511566191337,0.048807883437805975,33734246457,Crypto,Low_Vol,Downtrend,Medium_Correlation,Bear_Market
2019-11-30,0.0598967207876341,0.04854752784916378,29544579176,Crypto,Low_Vol,Downtrend,Medium_Correlation,Bear_Market
2019-12-01,0.04735211638301606,0.04924112461499766,31675381896,Crypto,Low_Vol,Downtrend,Medium_Correlation,Bear_Market
2019-12-02,0.054884315858716434,0.04949006867554471,29380191544,Crypto,Low_Vol,Downtrend,Medium_Correlation,Bear_Market
2019-12-03,0.03451765146777127,0.049110331605219215,26272125854,Crypto,Low_Vol,Downtrend,Medium_Correlation,Bear_Market
2019-12-04,0.04008077121728858,0.0492536534759374,36048651863,Crypto,Low_Vol,Downtrend,Medium_Correlation,Bear_Market
2019-12-05,0.01912847203096922,0.04925383504139946,31672247112,Crypto,Low_Vol,Downtrend,Medium_Correlation,Bear_Market
2019-12-06,0.073887647319829,0.05010565006899668,30182362307,Crypto,Low_Vol,Sideways,Medium_Correlation,Transition_Regime
2019-12-07,0.024860740326527846,0.05031488419489976,26482810917,Crypto,Low_Vol,Sideways,Medium_Correlation,Transition_Regime
2019-12-08,0.02770042506807388,0.049705195119893686,26893842749,Crypto,Low_Vol,Sideways,Medium_Correlation,Transition_Regime
2019-12-09,0.0472226252075077,0.05058599646724136,30176734501,Crypto,Low_Vol,Sideways,Medium_Correlation,Transition_Regime
2019-12-10,0.15545786155644467,0.055939082700898646,30819517375,Crypto,Low_Vol,Sideways,Medium_Correlation,Transition_Regime
2019-12-11,0.02040387155709692,0.05387405776271709,28653531112,Crypto,Low_Vol,Downtrend,Medium_Correlation,Bear_Market
2019-12-12,0.08824622273269953,0.052617359781777666,32683065404,Crypto,Low_Vol,Sideways,Medium_Correlation,Transition_Regime
2019-12-13,0.06774442485718088,0.051751556420473056,30171126393,Crypto,Low_Vol,Sideways,Medium_Correlation,Transition_Regime
2019-12-14,0.039963723746165206,0.048730519510943704,29732640792,Crypto,Low_Vol,Downtrend,Medium_Correlation,Bear_Market
2019-12-15,0.019000210634374296,0.046389337165525873,29800951317,Crypto,Low_Vol,Downtrend,Medium_Correlation,Bear_Market
2019-12-16,0.026053509796841484,0.04862467773488686,35839062536,Crypto,Low_Vol,Downtrend,Medium_Correlation,Bear_Market
2019-12-17,0.22872040716732495,0.05734515573271424,39120547970,Crypto,Low_Vol,Downtrend,Medium_Correlation,Bear_Market
2019-12-18,0.018433820968002685,0.06021801766199012,52847637685,Crypto,Low_Vol,Sideways,Medium_Correlation,Transition_Regime
2019-12-19,0.028495904268339405,0.0590751237167112,42780187754,Crypto,Low_Vol,Sideways,Medium_Correlation,Transition_Regime
2019-12-20,0.07206921251035703,0.05947720019065008,37345955925,Crypto,Low_Vol,Sideways,Medium_Correlation,Transition_Regime
2019-12-21,0.10801549636909467,0.06098236729171574,32414069425,Crypto,Low_Vol,Sideways,Medium_Correlation,Transition_Regime
2019-12-22,0.04276859844797904,0.061319872431002787,38812241015,Crypto,Low_Vol,Sideways,Medium_Correlation,Transition_Regime
2019-12-23,0.04380725607602978,0.06185059764732085,44289376240,Crypto,Low_Vol,Sideways,Medium_Correlation,Transition_Regime
2019-12-24,0.02997175977080523,0.06176198290964426,37083363451,Crypto,Low_Vol,Sideways,Medium_Correlation,Transition_Regime
2019-12-25,0.037774448230869645,0.06169707944391952,35983748383,Crypto,Low_Vol,Sideways,Medium_Correlation,Transition_Regime
2019-12-26,0.031183803746697995,0.06073450044938136,37130140500,Crypto,Low_Vol,Sideways,Medium_Correlation,Transition_Regime
2019-12-27,0.03051035339104943,0.06120655720510146,37615630487,Crypto,Low_Vol,Sideways,Medium_Correlation,Transition_Regime
2019-12-28,0.03417965167111286,0.06110771039878234,36162133902,Crypto,Low_Vol,Sideways,Medium_Correlation,Transition_Regime
2019-12-29,0.02135315909932167,0.061036056818517696,39190729834,Crypto,Low_Vol,Sideways,Medium_Correlation,Transition_Regime
2019-12-30,0.008906718096636412,0.055236282539285,39446025861,Crypto,Low_Vol,Sideways,Medium_Correlation,Transition_Regime
2019-12-31,0.011279124217658068,0.05531366924267942,36325871471,Crypto,Low_Vol,Sideways,Medium_Correlation,Transition_Regime
2020-01-01,0.029722109565327188,0.05465239102032907,32165085863,Crypto,Low_Vol,Sideways,Medium_Correlation,Transition_Regime
2020-01-02,0.013481680544596008,0.05453853926013361,34482074333,Crypto,Low_Vol,Downtrend,Medium_Correlation,Bear_Market
2020-01-03,0.0752217169827404,0.05724238254822419,46159679632,Crypto,Low_Vol,Sideways,Medium_Correlation,Transition_Regime
2020-01-04,0.03151439577158677,0.05740051267336902,31991056116,Crypto,Low_Vol,Sideways,Medium_Correlation,Transition_Regime
2020-01-05,0.038313264607026,0.055970072961823936,33504182247,Crypto,Low_Vol,Sideways,Medium_Correlation,Transition_Regime
2020-01-06,0.030411937118377183,0.04686498817851994,40814850829,Crypto,Low_Vol,Sideways,Medium_Correlation,Transition_Regime
2020-01-07,0.03858796383481805,0.04340958443126184,46614301792,Crypto,Low_Vol,Sideways,Medium_Correlation,Transition_Regime
2020-01-08,0.020965567423536436,0.043184368428497134,49465144894,Crypto,Low_Vol,Sideways,Medium_Correlation,Transition_Regime
2020-01-09,0.022223689709049192,0.04184867296104542,38409288937,Crypto,Low_Vol,Sideways,Medium_Correlation,Transition_Regime
2020-01-10,0.040878232964289204,0.03985946679803077,46786922148,Crypto,Low_Vol,Uptrend,Medium_Correlation,Bull_Market
2020-01-11,0.055765725091798536,0.03960873364327053,43431959402,Crypto,Low_Vol,Uptrend,Medium_Correlation,Bull_Market
2020-01-12,0.020776339099821996,0.03811602934810796,39459482425,Crypto,Low_Vol,Uptrend,Medium_Correlation,Bull_Market
2020-01-13,0.07339370089089023,0.03905487702866839,37886704607,Crypto,Low_Vol,Uptrend,Medium_Correlation,Bull_Market
2020-01-14,0.08923233078195142,0.046482034227193936,77303338452,Crypto,Low_Vol,Uptrend,Medium_Correlation,Bull_Market
2020-01-15,0.034748062501016655,0.046947748950526495,69034745933,Crypto,Low_Vol,Uptrend,Medium_Correlation,Bull_Market
2020-01-16,0.01858076309647426,0.047190115057496235,55763942663,Crypto,Low_Vol,Uptrend,Medium_Correlation,Bull_Market
2020-01-17,0.059717458764032914,0.05033853032082586,64940392327,Crypto,Low_Vol,Uptrend,Medium_Correlation,Bull_Market
2020-01-18,0.035202327965093365,0.05095976977390642,60830255946,Crypto,Low_Vol,Uptrend,Medium_Correlation,Bull_Market
2020-01-19,0.05383493426035254,0.052448164596237634,59510821027,Crypto,Low_Vol,Uptrend,Medium_Correlation,Bull_Market
2020-01-20,0.030269185837067062,0.05186859802887869,46574215419,Crypto,Low_Vol,Uptrend,Medium_Correlation,Bull_Market
2020-01-21,0.02832081861705866,0.05187726829391867,42041782465,Crypto,Low_Vol,Uptrend,Medium_Correlation,Bull_Market
2020-01-22,0.019919075938361983,0.050917996045292103,39414596259,Crypto,Low_Vol,Uptrend,Medium_Correlation,Bull_Market
2020-01-23,0.01721213148608955,0.05014933974787622,44410686122,Crypto,Low_Vol,Sideways,Medium_Correlation,Transition_Regime
2020-01-24,0.016182741747381185,0.04984001343828453,44198185803,Crypto,Low_Vol,Sideways,Low_Correlation,Transition_Regime
2020-01-25,0.012745668541560541,0.049391498035357584,34881735801,Crypto,Low_Vol,Sideways,Low_Correlation,Transition_Regime
2020-01-26,0.030213633827815983,0.04794321807454407,40036986083,Crypto,Low_Vol,Sideways,Low_Correlation,Transition_Regime
2020-01-27,0.03554791908509063,0.04771199358174478,49929645255,Crypto,Low_Vol,Uptrend,Low_Correlation,Bull_Market
2020-01-28,0.02442469748109682,0.04779216090134858,57114722970,Crypto,Low_Vol,Uptrend,Medium_Correlation,Bull_Market
2020-01-29,0.020555423129108782,0.04765463510454518,51890682125,Crypto,Low_Vol,Uptrend,Low_Correlation,Bull_Market
2020-01-30,0.03527498063202825,0.047996488856787485,57973296068,Crypto,Low_Vol,Uptrend,Medium_Correlation,Bull_Market
2020-01-31,0.021711708851736913,0.047409825152298246,53107435675,Crypto,Low_Vol,Uptrend,Medium_Correlation,Bull_Market
2020-02-01,0.019416077597530848,0.047311277344423024,48922954867,Crypto,Low_Vol,Uptrend,Medium_Correlation,Bull_Market
2020-02-02,0.025872797477670063,0.04546250329877722,56813688537,Crypto,Low_Vol,Uptrend,Medium_Correlation,Bull_Market
2020-02-03,0.046012608157669665,0.03831211634229408,54525798061,Crypto,Low_Vol,Uptrend,Medium_Correlation,Bull_Market
2020-02-04,0.04268258958881439,0.03864538955977015,52790805199,Crypto,Low_Vol,Uptrend,Medium_Correlation,Bull_Market
2020-02-05,0.04973960467689553,0.040241217085068094,64697695231,Crypto,Low_Vol,Uptrend,Medium_Correlation,Bull_Market
2020-02-06,0.04978709796421639,0.03791316032471876,68408104670,Crypto,Low_Vol,Uptrend,Medium_Correlation,Bull_Market
2020-02-07,0.06918296073821364,0.039815294880164484,64348543460,Crypto,Low_Vol,Uptrend,Medium_Correlation,Bull_Market
2020-02-08,0.058792656448549946,0.03878294784294737,65379674573,Crypto,Low_Vol,Uptrend,Medium_Correlation,Bull_Market
2020-02-09,0.24172452909568093,0.04998202460598763,64083492741,Crypto,Low_Vol,Uptrend,Medium_Correlation,Bull_Market
2020-02-10,0.8142178373513639,0.0917386719070002,69447888463,Crypto,Low_Vol,Uptrend,Medium_Correlation,Bull_Market
2020-02-11,0.04107064635959174,0.09270607215992442,67752501358,Crypto,Low_Vol,Uptrend,Medium_Correlation,Bull_Market
2020-02-12,0.03958422809315176,0.09143818519369329,84343900170,Crypto,Low_Vol,Uptrend,Medium_Correlation,Bull_Market
2020-02-13,0.04765044619281419,0.09307203546644101,94583294135,Crypto,Low_Vol,Uptrend,Medium_Correlation,Bull_Market
2020-02-14,0.036712127143529304,0.09294883149510726,83168676631,Crypto,Low_Vol,Uptrend,Medium_Correlation,Bull_Market
2020-02-15,0.03218574726093814,0.09786384505065127,84062047531,Crypto,Low_Vol,Uptrend,Medium_Correlation,Bull_Market
2020-02-16,0.03958228484671283,0.09826879951785378,85788627888,Crypto,Low_Vol,Uptrend,Medium_Correlation,Bull_Market
2020-02-17,0.02223102682033329,0.0982808565668676,89539652295,Crypto,Low_Vol,Sideways,Medium_Correlation,Transition_Regime
2020-02-18,0.0736482124488822,0.09898477107369659,90266095053,Crypto,Low_Vol,Uptrend,Medium_Correlation,Bull_Market
2020-02-19,0.03151846271975691,0.10064977517282477,83730707042,Crypto,Low_Vol,Sideways,Medium_Correlation,Transition_Regime
2020-02-20,0.09350547997646402,0.10204560591579111,85057804955,Crypto,Low_Vol,Sideways,Medium_Correlation,Transition_Regime
2020-02-21,0.024562034195705094,0.10216397418041911,76127020741,Crypto,Low_Vol,Sideways,Medium_Correlation,Transition_Regime
2020-02-22,0.02866291369325981,0.10231538872599251,65107896155,Crypto,Low_Vol,Sideways,Medium_Correlation,Transition_Regime
2020-02-23,0.01918713419080655,0.10219557181775264,74221712817,Crypto,Low_Vol,Sideways,Medium_Correlation,Transition_Regime
2020-02-24,0.03722122948502198,0.10316841254681135,82529778347,Crypto,Low_Vol,Sideways,Medium_Correlation,Transition_Regime
2020-02-25,0.0501182456266595,0.10450733264823493,78606096254,Crypto,Low_Vol,Sideways,Medium_Correlation,Transition_Regime
2020-02-26,0.05306502345022491,0.10660293306660797,94757383762,Crypto,Low_Vol,Sideways,Medium_Correlation,Transition_Regime
2020-02-27,0.05184139873128787,0.10594019360897934,86210075443,Crypto,Low_Vol,Sideways,Medium_Correlation,Transition_Regime
2020-02-28,0.051408281464087865,0.10479056794219375,81468670854,Crypto,Low_Vol,Sideways,Medium_Correlation,Transition_Regime
2020-02-29,0.0628613024804931,0.1010227013146318,65448604427,Crypto,Low_Vol,Sideways,Medium_Correlation,Transition_Regime
2020-03-01,0.025059917669502163,0.0561853982636756,65171539958,Crypto,Low_Vol,Sideways,Medium_Correlation,Transition_Regime
2020-03-02,0.04390596291879231,0.05715018604127947,92045440314,Crypto,Low_Vol,Sideways,Medium_Correlation,Transition_Regime
2020-03-03,0.045038487466579055,0.056098993464014535,101093966023,Crypto,Low_Vol,Sideways,Medium_Correlation,Transition_Regime
2020-03-04,0.03160477329290203,0.05543956278217702,69797011572,Crypto,Low_Vol,Sideways,Medium_Correlation,Transition_Regime
2020-03-05,0.04405751165601164,0.05515005989332402,71043205978,Crypto,Low_Vol,Sideways,Medium_Correlation,Transition_Regime
2020-03-06,0.02975790229616868,0.05315850057770776,73437119915,Crypto,Low_Vol,Sideways,Medium_Correlation,Transition_Regime
2020-03-07,0.05196884578685064,0.05383973950491671,66966367733,Crypto,Low_Vol,Sideways,Medium_Correlation,Transition_Regime
2020-03-08,0.06304477130130401,0.06137736874981139,74744417693,Crypto,Low_Vol,Downtrend,Medium_Correlation,Bear_Market
2020-03-09,0.024337966688377538,0.05935822632919404,85790074657,Crypto,Low_Vol,Downtrend,Medium_Correlation,Bear_Market
2020-03-10,0.0377251567185501,0.058572951127883494,72163706979,Crypto,Low_Vol,Downtrend,Medium_Correlation,Bear_Market
2020-03-11,0.17144560603599948,0.061743415875183644,66347055860,Crypto,Low_Vol,Downtrend,Medium_Correlation,Bear_Market
2020-03-12,0.08497753582854342,0.10790675463115616,91953493054,Crypto,Low_Vol,Downtrend,Medium_Correlation,Bear_Market
2020-03-13,0.13333772904361868,0.11637074740365251,124322567770,Crypto,Low_Vol,Downtrend,Medium_Correlation,Bear_Market
2020-03-14,0.02700819207271151,0.11568623194341142,59039403365,Crypto,Low_Vol,Downtrend,High_Correlation,Bear_Market
2020-03-15,0.04249428537654307,0.11650407140905052,56399746462,Crypto,Low_Vol,Downtrend,High_Correlation,Bear_Market
2020-03-16,0.08976261059540123,0.11730373566061397,73330831196,Crypto,Low_Vol,Downtrend,High_Correlation,Bear_Market
2020-03-17,0.25802948715773705,0.12452116656645655,60399444717,Crypto,Low_Vol,Downtrend,High_Correlation,Bear_Market
2020-03-18,0.013162015862868684,0.1240048031044693,58442921693,Crypto,Low_Vol,Downtrend,High_Correlation,Bear_Market
2020-03-19,0.06646161542642184,0.13287786256957676,80697675319,Crypto,Low_Vol,Downtrend,Medium_Correlation,Bear_Market
2020-03-20,0.06809782563508333,0.13292774751549316,87935131115,Crypto,Low_Vol,Downtrend,Medium_Correlation,Bear_Market
2020-03-21,0.014042830606583607,0.13294663662560696,66888529439,Crypto,Low_Vol,Downtrend,Medium_Correlation,Bear_Market
2020-03-22,0.03247932264746416,0.13192423399118625,62555131873,Crypto,Low_Vol,Downtrend,Medium_Correlation,Bear_Market
2020-03-23,0.03319884566073928,0.1334574970977801,71595177705,Crypto,Low_Vol,Downtrend,Medium_Correlation,Bear_Market
2020-03-24,0.014923070157774032,0.1335497214418702,73130574144,Crypto,Low_Vol,Sideways,Medium_Correlation,Transition_Regime
2020-03-25,0.015405143301717914,0.13302444191030177,67570079268,Crypto,Low_Vol,Sideways,Medium_Correlation,Transition_Regime
2020-03-26,0.026001568950132826,0.13340937518776097,55939275906,Crypto,Low_Vol,Sideways,Medium_Correlation,Transition_Regime
2020-03-27,0.02353753540869882,0.13302658070485762,55884673357,Crypto,Low_Vol,Sideways,Medium_Correlation,Transition_Regime
2020-03-28,0.018357034260837644,0.13007038846944738,57086739110,Crypto,Low_Vol,Sideways,Medium_Correlation,Transition_Regime
2020-03-29,0.017525213775002442,0.1302685608432027,46422133159,Crypto,Low_Vol,Downtrend,Medium_Correlation,Bear_Market
2020-03-30,0.02179463318170949,0.13121039531769982,58413047561,Crypto,Low_Vol,Sideways,Medium_Correlation,Transition_Regime
2020-03-31,0.01853234224825381,0.1280403060841955,53161874892,Crypto,Low_Vol,Sideways,Medium_Correlation,Transition_Regime
2020-04-01,0.010660786859542599,0.08593011305942694,62308301653,Crypto,Low_Vol,Sideways,High_Correlation,Transition_Regime
2020-04-02,0.013765551396958566,0.07800441930056097,74589386145,Crypto,Low_Vol,Sideways,Medium_Correlation,Transition_Regime
2020-04-03,0.010226786302597712,0.07564587952069314,62430533967,Crypto,Low_Vol,Sideways,Medium_Correlation,Transition_Regime
2020-04-04,0.03172504125558801,0.07547960957537501,54254711572,Crypto,Low_Vol,Sideways,Medium_Correlation,Transition_Regime
2020-04-05,0.011646137525850631,0.06951083345303581,49412230392,Crypto,Low_Vol,Sideways,Medium_Correlation,Transition_Regime
2020-04-06,0.04605619182937256,0.05985284817940779,81057748612,Crypto,Low_Vol,Sideways,Medium_Correlation,Transition_Regime
2020-04-07,0.02994591107443655,0.06018324458700971,78453718472,Crypto,Low_Vol,Sideways,Medium_Correlation,Transition_Regime
2020-04-08,0.04253341033367796,0.04742365251030551,67311241462,Crypto,Low_Vol,Sideways,Medium_Correlation,Transition_Regime
2020-04-09,0.021479787336395346,0.04310113494836074,60515708620,Crypto,Low_Vol,Sideways,Medium_Correlation,Transition_Regime
2020-04-10,0.03504050997999801,0.04680320005508973,73395731697,Crypto,Low_Vol,Sideways,Medium_Correlation,Transition_Regime
2020-04-11,0.007489877197507621,0.043515994127794,54711196243,Crypto,Low_Vol,Sideways,Medium_Correlation,Transition_Regime
2020-04-12,0.03654034625488753,0.04067022302520635,61415937288,Crypto,Low_Vol,Downtrend,Medium_Correlation,Bear_Market
2020-04-13,0.07326801635329326,0.04468740817905783,66589972083,Crypto,Low_Vol,Downtrend,Medium_Correlation,Bear_Market
2020-04-14,0.07238731709202445,0.045795646528168664,59307852992,Crypto,Low_Vol,Downtrend,High_Correlation,Bear_Market
2020-04-15,0.015667312553005484,0.04589963540644604,56220174915,Crypto,Low_Vol,Downtrend,High_Correlation,Bear_Market
2020-04-16,0.031129450719373467,0.04789723305864333,83256882436,Crypto,Low_Vol,Downtrend,High_Correlation,Bear_Market
2020-04-17,0.014983356017918524,0.047393780278001944,59541904205,Crypto,Low_Vol,Downtrend,Medium_Correlation,Bear_Market
2020-04-18,0.02539296979536098,0.04606333114056024,63681199295,Crypto,Low_Vol,Sideways,Medium_Correlation,Transition_Regime
2020-04-19,0.027596104940416036,0.04525818568926924,61324720562,Crypto,Low_Vol,Sideways,Medium_Correlation,Transition_Regime
2020-04-20,0.024993954291994202,0.04710288125093287,70379684667,Crypto,Low_Vol,Sideways,Medium_Correlation,Transition_Regime
2020-04-21,0.024854110825202377,0.04698732214010525,59213982401,Crypto,Low_Vol,Sideways,Medium_Correlation,Transition_Regime
2020-04-22,0.1029727703315703,0.04998149423840512,61460055040,Crypto,Low_Vol,Sideways,Medium_Correlation,Transition_Regime
2020-04-23,0.1410459203980153,0.05526273585613436,77080377165,Crypto,Low_Vol,Sideways,Medium_Correlation,Transition_Regime
2020-04-24,0.021956557921813686,0.05513396116444672,62519830515,Crypto,Low_Vol,Sideways,Medium_Correlation,Transition_Regime
2020-04-25,0.10046007032238741,0.056315960354317136,61961613234,Crypto,Low_Vol,Sideways,Medium_Correlation,Transition_Regime
2020-04-26,0.05926859131231581,0.05261941640781998,62705847155,Crypto,Low_Vol,Sideways,Medium_Correlation,Transition_Regime
2020-04-27,0.04323129805686303,0.05239083548946932,66400152247,Crypto,Low_Vol,Sideways,Medium_Correlation,Transition_Regime
2020-04-28,0.059550895611144516,0.05148077915873572,62752829847,Crypto,Low_Vol,Sideways,Medium_Correlation,Transition_Regime
2020-04-29,0.08510963664302867,0.05497196164410084,101673463890,Crypto,Low_Vol,Sideways,Medium_Correlation,Transition_Regime
2020-04-30,0.10952568078772713,0.05931984005177008,111019730803,Crypto,Low_Vol,Uptrend,Medium_Correlation,Bull_Market
2020-05-01,0.4264490875647037,0.0738626836150529,76648970731,Crypto,Low_Vol,Uptrend,Medium_Correlation,Bull_Market
2020-05-02,0.018948885395558324,0.07347062141348856,69265385705,Crypto,Low_Vol,Uptrend,Medium_Correlation,Bull_Market
2020-05-03,0.10769369617486536,0.07435571133556049,79485333448,Crypto,Low_Vol,Uptrend,Medium_Correlation,Bull_Market
2020-05-04,0.08130370314488235,0.0739854429480059,80326887732,Crypto,Low_Vol,Uptrend,Medium_Correlation,Bull_Market
2020-05-05,0.12084551577837967,0.07347698579564849,72913048238,Crypto,Low_Vol,Uptrend,Medium_Correlation,Bull_Market
2020-05-06,0.14519405092378776,0.07208008601609132,80935543206,Crypto,Low_Vol,Uptrend,Medium_Correlation,Bull_Market
2020-05-07,0.29932478068144486,0.07667974341209874,97393130071,Crypto,Low_Vol,Uptrend,Medium_Correlation,Bull_Market
2020-05-08,0.07247219709182487,0.07611507842549546,84781816080,Crypto,Low_Vol,Uptrend,Medium_Correlation,Bull_Market
2020-05-09,0.08373688560568168,0.07553041715214069,78993848948,Crypto,Low_Vol,Uptrend,Medium_Correlation,Bull_Market
2020-05-10,0.03116162657961979,0.08024818842986726,104143022600,Crypto,Low_Vol,Uptrend,Medium_Correlation,Bull_Market
2020-05-11,0.020280951719062714,0.0804010262386125,90456615094,Crypto,Low_Vol,Sideways,Medium_Correlation,Transition_Regime
2020-05-12,0.18513023263228803,0.0809894232915954,69417448042,Crypto,Low_Vol,Sideways,Medium_Correlation,Transition_Regime
2020-05-13,0.03569538605499661,0.0801513627804164,73271395562,Crypto,Low_Vol,Uptrend,Medium_Correlation,Bull_Market
2020-05-14,0.38290986494242873,0.08564738615903847,88930338553,Crypto,Low_Vol,Uptrend,Medium_Correlation,Bull_Market
2020-05-15,0.12567342662325073,0.08727359726962394,75409533046,Crypto,Low_Vol,Uptrend,Medium_Correlation,Bull_Market
2020-05-16,0.041415654261244626,0.08639798787327767,61126479766,Crypto,Low_Vol,Uptrend,Medium_Correlation,Bull_Market
2020-05-17,0.0735445886653239,0.08614767976182924,65246650131,Crypto,Low_Vol,Uptrend,Medium_Correlation,Bull_Market
2020-05-18,0.047393369212005855,0.08536380860829107,70164004999,Crypto,Low_Vol,Uptrend,Medium_Correlation,Bull_Market
2020-05-19,0.11428530932287131,0.08156286572600399,63183916676,Crypto,Low_Vol,Uptrend,Medium_Correlation,Bull_Market
2020-05-20,0.04420557535822317,0.07941639222402865,58731510514,Crypto,Low_Vol,Uptrend,Medium_Correlation,Bull_Market
2020-05-21,0.037446881424858414,0.07287282877296031,61891039881,Crypto,Low_Vol,Sideways,Medium_Correlation,Transition_Regime
2020-05-22,0.04549414607492294,0.07388370865808758,50520861313,Crypto,Low_Vol,Sideways,Medium_Correlation,Transition_Regime
2020-05-23,0.03230747185814502,0.07248870118224521,45867812039,Crypto,Low_Vol,Sideways,Medium_Correlation,Transition_Regime
2020-05-24,0.02576790026407954,0.07352657191656968,52004245877,Crypto,Low_Vol,Sideways,Medium_Correlation,Transition_Regime
2020-05-25,0.03393316303831927,0.07387905804341896,49585683070,Crypto,Low_Vol,Sideways,Medium_Correlation,Transition_Regime
2020-05-26,0.06578448709261861,0.07346437083227085,47487345673,Crypto,Low_Vol,Sideways,Medium_Correlation,Transition_Regime
2020-05-27,0.046218822210866116,0.06813551925340668,51888697047,Crypto,Low_Vol,Sideways,Medium_Correlation,Transition_Regime
2020-05-28,0.04830539747380524,0.06912909560070578,55554993311,Crypto,Low_Vol,Uptrend,Medium_Correlation,Bull_Market
2020-05-29,0.04387620966109397,0.06859716718224998,53930799407,Crypto,Low_Vol,Uptrend,Medium_Correlation,Bull_Market
2020-05-30,0.058802812353802275,0.06413878974310591,57865606004,Crypto,Low_Vol,Uptrend,Medium_Correlation,Bull_Market
2020-05-31,0.03654184394274753,0.06546444554959306,49651841728,Crypto,Low_Vol,Sideways,Medium_Correlation,Transition_Regime
2020-06-01,0.022071461651250714,0.0642880096048929,59195464209,Crypto,Low_Vol,Uptrend,Medium_Correlation,Bull_Market
2020-06-02,0.027844882046146928,0.06476601668371612,63995488139,Crypto,Low_Vol,Sideways,Medium_Correlation,Transition_Regime
2020-06-03,0.03446488669682347,0.050712256833349796,43417644309,Crypto,Low_Vol,Uptrend,Medium_Correlation,Bull_Market
2020-06-04,0.020911551581160284,0.04721193586021818,44258573252,Crypto,Low_Vol,Uptrend,Medium_Correlation,Bull_Market
2020-06-05,0.04549758688870209,0.04783687097037219,40076422676,Crypto,Low_Vol,Uptrend,Medium_Correlation,Bull_Market
2020-06-06,0.017403328770756676,0.04680202613365835,34520894120,Crypto,Low_Vol,Uptrend,Medium_Correlation,Bull_Market
2020-06-07,0.010592681808088925,0.0462085196054636,41179193667,Crypto,Low_Vol,Uptrend,Medium_Correlation,Bull_Market
2020-06-08,0.026799708725219987,0.04297786363111717,35799277660,Crypto,Low_Vol,Uptrend,Medium_Correlation,Bull_Market
2020-06-09,0.02204349714255638,0.04224143330906387,38845865083,Crypto,Low_Vol,Uptrend,Medium_Correlation,Bull_Market
2020-06-10,0.016490802914778845,0.040147452864087795,40598070036,Crypto,Low_Vol,Uptrend,Medium_Correlation,Bull_Market
2020-06-11,0.06993949050413976,0.0440096099555466,50007693477,Crypto,Low_Vol,Sideways,Medium_Correlation,Transition_Regime
2020-06-12,0.04608364615697624,0.04444365944280368,37504236640,Crypto,Low_Vol,Sideways,Medium_Correlation,Transition_Regime
2020-06-13,0.012963838372938807,0.04297811646260478,29618362927,Crypto,Low_Vol,Sideways,Medium_Correlation,Transition_Regime
2020-06-14,0.04982307932405513,0.04281354202067537,31360980111,Crypto,Low_Vol,Sideways,Medium_Correlation,Transition_Regime
2020-06-15,0.02495858334234182,0.04124380445716957,43542859315,Crypto,Low_Vol,Sideways,Medium_Correlation,Transition_Regime
2020-06-16,0.015119495474976563,0.04064848633263336,34927853542,Crypto,Low_Vol,Sideways,Medium_Correlation,Transition_Regime
2020-06-17,0.07352363069212516,0.04045881971155048,33672623381,Crypto,Low_Vol,Sideways,Medium_Correlation,Transition_Regime
2020-06-18,0.08874008164989476,0.042010467435886996,29348654802,Crypto,Low_Vol,Sideways,Medium_Correlation,Transition_Regime
2020-06-19,0.07361467279067775,0.040105176827926504,31808515225,Crypto,Low_Vol,Sideways,Medium_Correlation,Transition_Regime
2020-06-20,0.10107161269197497,0.040953416488869014,28156526978,Crypto,Low_Vol,Sideways,Medium_Correlation,Transition_Regime
2020-06-21,0.021889095492403542,0.037880858416678084,25115476124,Crypto,Low_Vol,Sideways,Medium_Correlation,Transition_Regime
2020-06-22,0.09305481204969396,0.039295469540120316,35766703193,Crypto,Low_Vol,Sideways,High_Correlation,Transition_Regime
2020-06-23,0.02526515253532008,0.03896699062376706,28395088919,Crypto,Low_Vol,Sideways,High_Correlation,Transition_Regime
2020-06-24,0.12977382648841404,0.041462091528575426,32923071364,Crypto,Low_Vol,Sideways,High_Correlation,Transition_Regime
2020-06-25,0.02438369236256439,0.04081714782738816,30087268515,Crypto,Low_Vol,Sideways,Medium_Correlation,Transition_Regime
2020-06-26,0.0412765294700734,0.04117158539691215,30738850986,Crypto,Low_Vol,Sideways,Medium_Correlation,Transition_Regime
2020-06-27,0.0742077084733133,0.04340099545580948,28898059287,Crypto,Low_Vol,Sideways,Medium_Correlation,Transition_Regime
2020-06-28,0.03452575576222975,0.043968888445785774,25248378997,Crypto,Low_Vol,Sideways,Medium_Correlation,Transition_Regime
2020-06-29,0.0237654438718953,0.04412073632249909,28225723603,Crypto,Low_Vol,Sideways,Medium_Correlation,Transition_Regime
2020-06-30,0.06771204412876189,0.04434184809457569,26112969508,Crypto,Low_Vol,Sideways,Medium_Correlation,Transition_Regime
2020-07-01,0.04355841565268195,0.04072489845526027,26978384252,Crypto,Low_Vol,Sideways,Medium_Correlation,Transition_Regime
2020-07-02,0.055786095988841385,0.04052961155360834,27187009942,Crypto,Low_Vol,Downtrend,Medium_Correlation,Bear_Market
2020-07-03,0.012467341107144668,0.04060183037278356,22317602352,Crypto,Low_Vol,Downtrend,Medium_Correlation,Bear_Market
2020-07-04,0.016458820636224013,0.04053056486989686,21611499553,Crypto,Low_Vol,Sideways,Medium_Correlation,Transition_Regime
2020-07-05,0.06240804783188004,0.04118539995549509,22213958847,Crypto,Low_Vol,Downtrend,Medium_Correlation,Bear_Market
2020-07-06,0.038325412583737055,0.04634341451030173,32722850314,Crypto,Low_Vol,Sideways,Medium_Correlation,Transition_Regime
2020-07-07,0.07444838593403061,0.047929856249179545,25737240474,Crypto,Low_Vol,Sideways,Medium_Correlation,Transition_Regime
2020-07-08,0.13744107268418312,0.055357370254912504,38648890860,Crypto,Low_Vol,Sideways,Medium_Correlation,Transition_Regime
2020-07-09,0.04678394990422584,0.05479730686712221,33606228646,Crypto,Low_Vol,Sideways,Medium_Correlation,Transition_Regime
2020-07-10,0.06357599816924567,0.053827666099170814,29833499399,Crypto,Low_Vol,Sideways,Medium_Correlation,Transition_Regime
2020-07-11,0.039357644869221775,0.05429930610724758,23784493310,Crypto,Low_Vol,Sideways,Medium_Correlation,Transition_Regime
2020-07-12,0.06072665817061163,0.05350355829435238,26060794858,Crypto,Low_Vol,Sideways,Medium_Correlation,Transition_Regime
2020-07-13,0.06277248489768894,0.054623089089535455,31977971352,Crypto,Low_Vol,Downtrend,Medium_Correlation,Bear_Market
2020-07-14,0.039735048595093095,0.05169764890933481,31668222788,Crypto,Low_Vol,Downtrend,Medium_Correlation,Bear_Market
2020-07-15,0.05521904342745469,0.05211625071839969,27688481432,Crypto,Low_Vol,Sideways,Medium_Correlation,Transition_Regime
2020-07-16,0.11532145405107196,0.05648069487733617,27321404948,Crypto,Low_Vol,Sideways,Medium_Correlation,Transition_Regime
2020-07-17,0.03747429083005619,0.05329176345835489,24334347819,Crypto,Low_Vol,Sideways,Medium_Correlation,Transition_Regime
2020-07-18,0.050938648574016386,0.05355530409066782,21916909337,Crypto,Low_Vol,Sideways,Medium_Correlation,Transition_Regime
2020-07-19,0.04420678242454842,0.05400177072239664,23246739942,Crypto,Low_Vol,Sideways,Medium_Correlation,Transition_Regime
2020-07-20,0.03721769660623376,0.053760919745026586,23577373937,Crypto,Low_Vol,Sideways,Medium_Correlation,Transition_Regime
2020-07-21,0.04444606219205151,0.053812064465625316,29612464873,Crypto,Low_Vol,Sideways,Medium_Correlation,Transition_Regime
2020-07-22,0.08658300023685873,0.05557290053645855,28904808824,Crypto,Low_Vol,Sideways,Medium_Correlation,Transition_Regime
2020-07-23,0.03366574051410299,0.0557624545321774,34274773250,Crypto,Low_Vol,Sideways,Medium_Correlation,Transition_Regime
2020-07-24,0.0253679028300938,0.05635126262419497,31253071063,Crypto,Low_Vol,Sideways,Medium_Correlation,Transition_Regime
2020-07-25,0.08795498703883967,0.05881086613539074,34291349619,Crypto,Low_Vol,Sideways,Medium_Correlation,Transition_Regime
2020-07-26,0.07767383399136374,0.05781935818028534,40049565298,Crypto,Low_Vol,Sideways,Medium_Correlation,Transition_Regime
2020-07-27,0.07518308931264367,0.059845671710427276,60882733024,Crypto,Low_Vol,Sideways,Medium_Correlation,Transition_Regime
2020-07-28,0.03651569597438367,0.053096283805385155,50584842838,Crypto,Low_Vol,Uptrend,Medium_Correlation,Bull_Market
2020-07-29,0.06684566434687743,0.05364817753467336,43383110552,Crypto,Low_Vol,Uptrend,Medium_Correlation,Bull_Market
2020-07-30,0.061244502289270794,0.052970209916111635,42541468998,Crypto,Low_Vol,Uptrend,Medium_Correlation,Bull_Market
2020-07-31,0.040581517649418766,0.05283965952302278,42697330619,Crypto,Low_Vol,Uptrend,Medium_Correlation,Bull_Market
2020-08-01,0.05116630268838626,0.05449917347809738,50481388280,Crypto,Low_Vol,Uptrend,Medium_Correlation,Bull_Market
2020-08-02,0.06563727437101273,0.05602525723140133,60152014520,Crypto,Low_Vol,Uptrend,Medium_Correlation,Bull_Market
2020-08-03,0.02919307574406631,0.05602495091982188,42341190312,Crypto,Low_Vol,Uptrend,Medium_Correlation,Bull_Market
2020-08-04,0.08817250833229971,0.05696138895486172,44210211661,Crypto,Low_Vol,Uptrend,Medium_Correlation,Bull_Market
2020-08-05,0.04258418554576704,0.05296065003768258,45086462894,Crypto,Low_Vol,Uptrend,Medium_Correlation,Bull_Market
2020-08-06,0.08381196822041184,0.05463037087173233,42974286972,Crypto,Low_Vol,Uptrend,Low_Correlation,Bull_Market
2020-08-07,0.01902767702918602,0.054480689386116415,48187221173,Crypto,Low_Vol,Uptrend,Medium_Correlation,Bull_Market
2020-08-08,0.12062432855194245,0.058541412527116685,35046581268,Crypto,Low_Vol,Uptrend,Medium_Correlation,Bull_Market
2020-08-09,0.05585671276647779,0.057911645104746654,35167190908,Crypto,Low_Vol,Uptrend,Medium_Correlation,Bull_Market
2020-08-10,0.06470591889859305,0.058726883311309555,46828107432,Crypto,Low_Vol,Uptrend,Medium_Correlation,Bull_Market
2020-08-11,0.033761478356786605,0.05919748949492302,52042552621,Crypto,Low_Vol,Uptrend,Medium_Correlation,Bull_Market
2020-08-12,0.09167381623779601,0.0616928582005567,47476753459,Crypto,Low_Vol,Uptrend,Medium_Correlation,Bull_Market
2020-08-13,0.06825597760524531,0.06263957844918867,57981772971,Crypto,Low_Vol,Uptrend,Medium_Correlation,Bull_Market
2020-08-14,0.061865794606477294,0.06105168414709465,48876803145,Crypto,Low_Vol,Uptrend,Medium_Correlation,Bull_Market
2020-08-15,0.07946911686649864,0.06125747308689919,46697837934,Crypto,Low_Vol,Uptrend,Medium_Correlation,Bull_Market
2020-08-16,0.9281114809393619,0.10640199671141369,42946480530,Crypto,Low_Vol,Uptrend,Medium_Correlation,Bull_Market
2020-08-17,0.0513629555172358,0.1070991213568807,53636589312,Crypto,Low_Vol,Uptrend,Medium_Correlation,Bull_Market
2020-08-18,0.20614114270407757,0.10954468849586417,49729198140,Crypto,Low_Vol,Uptrend,Medium_Correlation,Bull_Market
2020-08-19,0.048266293690156496,0.11105048622230176,48301171850,Crypto,Low_Vol,Sideways,Medium_Correlation,Transition_Regime
2020-08-20,0.03467038826140696,0.11087185549411395,38393515611,Crypto,Low_Vol,Sideways,Medium_Correlation,Transition_Regime
2020-08-21,0.04305442276976663,0.11067413369384141,45480871649,Crypto,Low_Vol,Sideways,Medium_Correlation,Transition_Regime
2020-08-22,0.15817542429882012,0.10815419230514317,38564397810,Crypto,Low_Vol,Sideways,Medium_Correlation,Transition_Regime
2020-08-23,0.0656884812126145,0.10760408303068016,33411240805,Crypto,Low_Vol,Sideways,Medium_Correlation,Transition_Regime
2020-08-24,0.052534293658246856,0.10725170469385624,38243891855,Crypto,Low_Vol,Sideways,Medium_Correlation,Transition_Regime
2020-08-25,0.07914640363692603,0.10903299313118917,47529128075,Crypto,Low_Vol,Sideways,Medium_Correlation,Transition_Regime
2020-08-26,0.03774870395287352,0.10799616106675516,40112208336,Crypto,Low_Vol,Sideways,Medium_Correlation,Transition_Regime
2020-08-27,0.06956290845608874,0.10858597684997721,42315203741,Crypto,Low_Vol,Sideways,Medium_Correlation,Transition_Regime
2020-08-28,0.07343082380911559,0.10643993202374988,35970457093,Crypto,Low_Vol,Sideways,Medium_Correlation,Transition_Regime
2020-08-29,0.029902532758276392,0.10642786029947339,33720313613,Crypto,Low_Vol,Sideways,Medium_Correlation,Transition_Regime
2020-08-30,0.046416617863998685,0.10670850035480926,39193647104,Crypto,Low_Vol,Sideways,Medium_Correlation,Transition_Regime
2020-08-31,0.03845038637461544,0.10561688300432061,42862565777,Crypto,Low_Vol,Sideways,Medium_Correlation,Transition_Regime
2020-09-01,0.0632923996566512,0.10371948756349725,55799587723,Crypto,Low_Vol,Sideways,Medium_Correlation,Transition_Regime
2020-09-02,0.03030256258560485,0.10342657091608087,57868876348,Crypto,Low_Vol,Sideways,Medium_Correlation,Transition_Regime
2020-09-03,0.06196129674406166,0.11425513762666205,61833465450,Crypto,Low_Vol,Sideways,Medium_Correlation,Transition_Regime
2020-09-04,0.04437991488996722,0.11414510578852455,57505809219,Crypto,Low_Vol,Sideways,Medium_Correlation,Transition_Regime
2020-09-05,0.06775372519252706,0.07340778693835795,86746797689,Crypto,Low_Vol,Sideways,Medium_Correlation,Transition_Regime
2020-09-06,0.08146727197652646,0.0764169190915528,75419238023,Crypto,Low_Vol,Sideways,Medium_Correlation,Transition_Regime
2020-09-07,0.029219294083767403,0.06983826189317079,66108652209,Crypto,Low_Vol,Sideways,Medium_Correlation,Transition_Regime
2020-09-08,0.05906807157807746,0.0697461338611254,61068508896,Crypto,Low_Vol,Downtrend,Medium_Correlation,Bear_Market
2020-09-09,0.1329831616382116,0.08047063278320239,46436196461,Crypto,Low_Vol,Downtrend,Medium_Correlation,Bear_Market
2020-09-10,0.03481586373739317,0.079362727106846,97491639272,Crypto,Low_Vol,Downtrend,Medium_Correlation,Bear_Market
2020-09-11,0.0319210436611757,0.07337236240477144,82757481176,Crypto,Low_Vol,Downtrend,Medium_Correlation,Bear_Market
2020-09-12,0.04144687900896176,0.07294171840745604,60222651352,Crypto,Low_Vol,Downtrend,Medium_Correlation,Bear_Market
2020-09-13,0.045337366078894374,0.07211544689388075,63437686967,Crypto,Low_Vol,Downtrend,Medium_Correlation,Bear_Market
2020-09-14,0.011991871359373957,0.07010294779054366,62511206082,Crypto,Low_Vol,Sideways,Medium_Correlation,Transition_Regime
2020-09-15,0.05004016221029619,0.07071879214594252,58746935275,Crypto,Low_Vol,Sideways,Medium_Correlation,Transition_Regime
2020-09-16,0.821768228110835,0.11269219198467421,56235154554,Crypto,Low_Vol,Sideways,Medium_Correlation,Transition_Regime
2020-09-17,0.3959928030821776,0.11642218339079845,67552341340,Crypto,Low_Vol,Sideways,Medium_Correlation,Transition_Regime
2020-09-18,0.19343770536731453,0.11820960002208279,48138312736,Crypto,Low_Vol,Sideways,Medium_Correlation,Transition_Regime
2020-09-19,0.019287317757542846,0.1174384031025594,40270950200,Crypto,Low_Vol,Sideways,Medium_Correlation,Transition_Regime
2020-09-20,0.026185161149043873,0.11730675408640678,43849016145,Crypto,Low_Vol,Sideways,Medium_Correlation,Transition_Regime
2020-09-21,0.039466507926719664,0.11855991724409755,55593877308,Crypto,Low_Vol,Sideways,Medium_Correlation,Transition_Regime
2020-09-22,0.02096422622106057,0.11766521502280466,42154454171,Crypto,Low_Vol,Downtrend,Medium_Correlation,Bear_Market
2020-09-23,0.05095268360176673,0.10933881054475059,44800273197,Crypto,Low_Vol,Downtrend,Medium_Correlation,Bear_Market
2020-09-24,0.11641610134540832,0.11235965197733025,72515783270,Crypto,Low_Vol,Downtrend,Medium_Correlation,Bear_Market
2020-09-25,0.08089401241843423,0.1090899755281133,63027137575,Crypto,Low_Vol,Downtrend,Medium_Correlation,Bear_Market
2020-09-26,0.056398148293047345,0.10597138598997881,68317867032,Crypto,Low_Vol,Downtrend,Medium_Correlation,Bear_Market
2020-09-27,0.03330497076457151,0.10612855971563774,75572352791,Crypto,Low_Vol,Downtrend,Medium_Correlation,Bear_Market
2020-09-28,0.10996613423829764,0.1053933696720996,71028749148,Crypto,Low_Vol,Downtrend,Medium_Correlation,Bear_Market
2020-09-29,0.021602159873611283,0.09916463024153357,66729917468,Crypto,Low_Vol,Downtrend,Medium_Correlation,Bear_Market
2020-09-30,0.0211620419851673,0.09907113530584691,64018598185,Crypto,Low_Vol,Downtrend,Medium_Correlation,Bear_Market
2020-10-01,0.06609613586793299,0.09961867671708305,64275324722,Crypto,Low_Vol,Downtrend,Medium_Correlation,Bear_Market
2020-10-02,0.022517052294411102,0.0990557385257216,72707739222,Crypto,Low_Vol,Downtrend,Medium_Correlation,Bear_Market
2020-10-03,0.0577812697260983,0.09801007031344755,61224293204,Crypto,Low_Vol,Downtrend,Medium_Correlation,Bear_Market
2020-10-04,0.05631206459670871,0.09839111034145456,89555338267,Crypto,Low_Vol,Downtrend,Medium_Correlation,Bear_Market
2020-10-05,0.016169118932520876,0.09700162931583416,67852129924,Crypto,Low_Vol,Downtrend,Medium_Correlation,Bear_Market
2020-10-06,0.0632342083197664,0.07111328852203141,66871327019,Crypto,Low_Vol,Downtrend,Medium_Correlation,Bear_Market
2020-10-07,0.16265481528227246,0.058870827628716774,58107628832,Crypto,Low_Vol,Downtrend,Medium_Correlation,Bear_Market
2020-10-08,0.036327355267658644,0.05569483935591058,86491891516,Crypto,Low_Vol,Downtrend,High_Correlation,Bear_Market
2020-10-09,0.028589646274915937,0.056590324513069855,45719418906,Crypto,Low_Vol,Sideways,High_Correlation,Transition_Regime
2020-10-10,0.02467632386336967,0.057596150807021296,46628153083,Crypto,Low_Vol,Sideways,High_Correlation,Transition_Regime
2020-10-11,0.3568152012928459,0.06468247194910955,42043450220,Crypto,Low_Vol,Sideways,High_Correlation,Transition_Regime
2020-10-12,0.028357114321613232,0.06486426221506929,52823376606,Crypto,Low_Vol,Sideways,Medium_Correlation,Transition_Regime
2020-10-13,0.02690768971660248,0.06100970257275566,48664797547,Crypto,Low_Vol,Sideways,Medium_Correlation,Transition_Regime
2020-10-14,0.06702204796637178,0.055973193723847424,47839209568,Crypto,Low_Vol,Sideways,Medium_Correlation,Transition_Regime
2020-10-15,0.013499118104704506,0.05378866527252671,48910101343,Crypto,Low_Vol,Sideways,Medium_Correlation,Transition_Regime
2020-10-16,0.017830023311350127,0.05429514969001878,50197536147,Crypto,Low_Vol,Sideways,Medium_Correlation,Transition_Regime
2020-10-17,0.018225950931192964,0.05415996161443934,37513613369,Crypto,Low_Vol,Sideways,Medium_Correlation,Transition_Regime
2020-10-18,0.011785436959938105,0.05319482375728244,36929669582,Crypto,Low_Vol,Sideways,Medium_Correlation,Transition_Regime
2020-10-19,0.027293714534707237,0.05304417334553557,43959263139,Crypto,Low_Vol,Sideways,Medium_Correlation,Transition_Regime
2020-10-20,0.032191426086979336,0.05395639416177663,53314919607,Crypto,Low_Vol,Sideways,Medium_Correlation,Transition_Regime
2020-10-21,0.12207674284105557,0.0568912861547634,75811703484,Crypto,Low_Vol,Sideways,Medium_Correlation,Transition_Regime
2020-10-22,0.17885287436801492,0.05906614454212378,63944736813,Crypto,Low_Vol,Sideways,Medium_Correlation,Transition_Regime
2020-10-23,0.013169309246953555,0.059014345024360114,55352573370,Crypto,Low_Vol,Sideways,Medium_Correlation,Transition_Regime
2020-10-24,0.024384579274361204,0.058544608038966675,47487330161,Crypto,Low_Vol,Sideways,Medium_Correlation,Transition_Regime
2020-10-25,0.017344882715432497,0.05874678580261916,45574230307,Crypto,Low_Vol,Sideways,Medium_Correlation,Transition_Regime
2020-10-26,0.037384208614864536,0.056378442199514774,57492946896,Crypto,Low_Vol,Sideways,Medium_Correlation,Transition_Regime
2020-10-27,0.023283000148608478,0.05401444281042463,60120827518,Crypto,Low_Vol,Sideways,Medium_Correlation,Transition_Regime
2020-10-28,0.030481705622451824,0.05481620233368726,64428118020,Crypto,Low_Vol,Sideways,Medium_Correlation,Transition_Regime
2020-10-29,0.03203719366797718,0.05417624683636524,84189530070,Crypto,Low_Vol,Sideways,Medium_Correlation,Transition_Regime
2020-10-30,0.11288952917289674,0.0555682101278118,56069989775,Crypto,Low_Vol,Uptrend,Medium_Correlation,Bull_Market
2020-10-31,0.022623447515578776,0.04499012998103242,51307250792,Crypto,Low_Vol,Uptrend,Medium_Correlation,Bull_Market
2020-11-01,0.02467939734941213,0.04428446610519091,43320488980,Crypto,Low_Vol,Uptrend,Medium_Correlation,Bull_Market
2020-11-02,0.02040309842392086,0.04482370762678312,56057852935,Crypto,Low_Vol,Uptrend,Medium_Correlation,Bull_Market
2020-11-03,0.03663068765284607,0.04489306900091799,54585255246,Crypto,Low_Vol,Uptrend,Medium_Correlation,Bull_Market
2020-11-04,0.1472344954750141,0.04724799393655666,63334572962,Crypto,Low_Vol,Uptrend,Medium_Correlation,Bull_Market
2020-11-05,0.349782272646249,0.05903388511529369,67509273913,Crypto,Low_Vol,Uptrend,Medium_Correlation,Bull_Market
2020-11-06,0.08608571694150312,0.06634231613216753,69434269456,Crypto,Low_Vol,Uptrend,Medium_Correlation,Bull_Market
2020-11-07,0.035446606984731927,0.0680673744189901,69682126723,Crypto,Low_Vol,Uptrend,Medium_Correlation,Bull_Market
2020-11-08,0.03347564737618979,0.06893036051705233,47931482430,Crypto,Low_Vol,Uptrend,Medium_Correlation,Bull_Market
2020-11-09,0.12246314327001745,0.06923355479226061,58958843343,Crypto,Low_Vol,Uptrend,Medium_Correlation,Bull_Market
2020-11-10,0.04386330194823579,0.06767785302617962,48297652459,Crypto,Low_Vol,Uptrend,Medium_Correlation,Bull_Market
2020-11-11,0.03512214056788768,0.06448984072748075,53691063017,Crypto,Low_Vol,Uptrend,Medium_Correlation,Bull_Market
2020-11-12,0.0253186661821965,0.06468060654253832,56475196179,Crypto,Low_Vol,Uptrend,Medium_Correlation,Bull_Market
2020-11-13,0.027122553307454254,0.06551808991667873,56812200656,Crypto,Low_Vol,Uptrend,Medium_Correlation,Bull_Market
2020-11-14,0.22711959157057474,0.06876009904774542,49370624659,Crypto,Low_Vol,Uptrend,Medium_Correlation,Bull_Market
2020-11-15,0.028531280814396317,0.06832440620507592,44580613699,Crypto,Low_Vol,Uptrend,Medium_Correlation,Bull_Market
2020-11-16,0.034607240670153874,0.06985175191059854,56950618045,Crypto,Low_Vol,Uptrend,Medium_Correlation,Bull_Market
2020-11-17,0.026904009053304048,0.06948616194897297,70426186801,Crypto,Low_Vol,Uptrend,Medium_Correlation,Bull_Market
2020-11-18,0.09914102471823742,0.06959562748817565,85308835491,Crypto,Low_Vol,Uptrend,Medium_Correlation,Bull_Market
2020-11-19,0.043306986286086195,0.06884893170550016,65632914409,Crypto,Low_Vol,Uptrend,Medium_Correlation,Bull_Market
2020-11-20,0.03280338548949326,0.07046976536170971,73988603687,Crypto,Low_Vol,Uptrend,Medium_Correlation,Bull_Market
2020-11-21,0.09437947767668455,0.07903955978212154,94315449256,Crypto,Low_Vol,Uptrend,Medium_Correlation,Bull_Market
2020-11-22,0.042035353318188445,0.07921790598176816,99840680773,Crypto,Low_Vol,Uptrend,Medium_Correlation,Bull_Market
2020-11-23,0.09020270954633706,0.08185693840283276,109255393170,Crypto,Low_Vol,Uptrend,Medium_Correlation,Bull_Market
2020-11-24,0.05980721440352866,0.08139319508698403,130756447400,Crypto,Low_Vol,Uptrend,Medium_Correlation,Bull_Market
2020-11-25,0.033414211262429966,0.07402509032962629,104170556021,Crypto,Low_Vol,Uptrend,Medium_Correlation,Bull_Market
2020-11-26,0.027054269935948883,0.07718326342190111,138337567451,Crypto,Low_Vol,Sideways,Medium_Correlation,Transition_Regime
2020-11-27,0.018935970471576778,0.0757072239785758,87891759018,Crypto,Low_Vol,Sideways,Medium_Correlation,Transition_Regime
2020-11-28,0.048173427732842763,0.07608196328088321,76213057328,Crypto,Low_Vol,Uptrend,Medium_Correlation,Bull_Market
2020-11-29,0.028703911853506986,0.0742914108710862,72913410686,Crypto,Low_Vol,Uptrend,Medium_Correlation,Bull_Market
2020-11-30,0.033825160031270965,0.07437350061160274,101312239859,Crypto,Low_Vol,Uptrend,Medium_Correlation,Bull_Market
2020-12-01,0.024713605778398016,0.07572448800009503,113215237600,Crypto,Low_Vol,Uptrend,Medium_Correlation,Bull_Market
2020-12-02,0.027236706557186786,0.0758686251027622,81418879859,Crypto,Low_Vol,Uptrend,Medium_Correlation,Bull_Market
2020-12-03,0.05765983817009062,0.07589884899124932,69172474098,Crypto,Low_Vol,Uptrend,Medium_Correlation,Bull_Market
2020-12-04,0.032130618882371134,0.07115923026996615,71560231664,Crypto,Low_Vol,Uptrend,Medium_Correlation,Bull_Market
2020-12-05,0.01861498233789145,0.0709571230526128,58563370601,Crypto,Low_Vol,Uptrend,Low_Correlation,Bull_Market
2020-12-06,0.02577200844340206,0.07008769815603909,54589727170,Crypto,Low_Vol,Uptrend,Low_Correlation,Bull_Market
2020-12-07,0.014470700204201898,0.06975624303585547,53502908034,Crypto,Low_Vol,Uptrend,Medium_Correlation,Bull_Market
2020-12-08,0.07454855311157331,0.07130984484032558,63324376865,Crypto,Low_Vol,Sideways,Low_Correlation,Transition_Regime
2020-12-09,0.2168104238461723,0.0786226794639827,73013081976,Crypto,Low_Vol,Sideways,Medium_Correlation,Transition_Regime
2020-12-10,0.0148820830056596,0.07794613058605333,53844341691,Crypto,Low_Vol,Sideways,Medium_Correlation,Transition_Regime
2020-12-11,0.023354592643800454,0.07211810541465677,57989696835,Crypto,Low_Vol,Sideways,Medium_Correlation,Transition_Regime
2020-12-12,0.040319484502288706,0.07223926814393039,47676601081,Crypto,Low_Vol,Sideways,Medium_Correlation,Transition_Regime
2020-12-13,0.022536927266126557,0.0675034729531132,50896520113,Crypto,Low_Vol,Uptrend,Medium_Correlation,Bull_Market
2020-12-14,0.02173650531345713,0.06507287747296969,44872969273,Crypto,Low_Vol,Uptrend,Medium_Correlation,Bull_Market
2020-12-15,0.042769606843676734,0.06416437468920239,54047312445,Crypto,Low_Vol,Uptrend,Medium_Correlation,Bull_Market
2020-12-16,0.1298037915984116,0.060387946745036794,88308550812,Crypto,Low_Vol,Uptrend,Medium_Correlation,Bull_Market
2020-12-17,0.04711762920686008,0.06117281308889766,139299705839,Crypto,Low_Vol,Uptrend,Medium_Correlation,Bull_Market
2020-12-18,0.028939044123269152,0.06019228069923361,88510864509,Crypto,Low_Vol,Uptrend,Medium_Correlation,Bull_Market
2020-12-19,0.03432030291189094,0.06018265002186099,78906287106,Crypto,Low_Vol,Uptrend,Medium_Correlation,Bull_Market
2020-12-20,0.06406721387787202,0.060480574570350366,79167124510,Crypto,Low_Vol,Uptrend,Medium_Correlation,Bull_Market
2020-12-21,0.031208682496097682,0.06047200198705224,92063840460,Crypto,Low_Vol,Uptrend,Medium_Correlation,Bull_Market
2020-12-22,0.053367425628372586,0.06045305806986426,95109167368,Crypto,Low_Vol,Uptrend,Medium_Correlation,Bull_Market
2020-12-23,0.09704798239814748,0.06956550907708502,110033526401,Crypto,Low_Vol,Uptrend,Medium_Correlation,Bull_Market
2020-12-24,0.07435790575941904,0.0724047624421588,92367216533,Crypto,Low_Vol,Uptrend,Medium_Correlation,Bull_Market
2020-12-25,0.04768294998759197,0.07241267722778363,92837130183,Crypto,Low_Vol,Uptrend,Medium_Correlation,Bull_Market
2020-12-26,0.06086520475379723,0.07333875569515401,94932703527,Crypto,Low_Vol,Uptrend,Medium_Correlation,Bull_Market
2020-12-27,0.04193384175484744,0.07387764645999213,128421483669,Crypto,Low_Vol,Uptrend,Medium_Correlation,Bull_Market
2020-12-28,0.14742286948812636,0.07579246964159443,104260499563,Crypto,Low_Vol,Uptrend,Medium_Correlation,Bull_Market
2020-12-29,0.06752117083400243,0.0694927585144134,100353597803,Crypto,Low_Vol,Uptrend,Medium_Correlation,Bull_Market
2020-12-30,0.04054889214572371,0.06944549239364237,96705639065,Crypto,Low_Vol,Uptrend,Medium_Correlation,Bull_Market
2020-12-31,0.07912975653177598,0.070697564800369,81789528411,Crypto,Low_Vol,Uptrend,Medium_Correlation,Bull_Market
2021-01-01,0.09824891908408155,0.07452438151266123,77524200408,Crypto,Low_Vol,Uptrend,Medium_Correlation,Bull_Market
2021-01-02,0.6081718005020863,0.10972970731107433,118001082055,Crypto,Low_Vol,Uptrend,Medium_Correlation,Bull_Market
2021-01-03,0.0925194715670602,0.11447097926219224,163108178306,Crypto,Low_Vol,Uptrend,Medium_Correlation,Bull_Market
2021-01-04,0.07838757278460176,0.11614316032732801,178170359859,Crypto,Low_Vol,Uptrend,Low_Correlation,Bull_Market
2021-01-05,0.0740355202030018,0.11568515991229143,141667374894,Crypto,Low_Vol,Uptrend,Medium_Correlation,Bull_Market
2021-01-06,0.22808075708594264,0.12267182820612388,159042029759,Crypto,Low_Vol,Uptrend,Low_Correlation,Bull_Market
2021-01-07,0.11424174028061061,0.12566299681516574,174883649003,Crypto,Low_Vol,Uptrend,Low_Correlation,Bull_Market
2021-01-08,0.11992679305149533,0.12854836518723156,176680113996,Crypto,Low_Vol,Uptrend,Low_Correlation,Bull_Market
2021-01-09,0.4112214418426999,0.13710776295329136,134889645150,Crypto,Low_Vol,Uptrend,Low_Correlation,Bull_Market
2021-01-10,0.04893809095505822,0.13677280893654006,171715588839,Crypto,Low_Vol,Uptrend,Low_Correlation,Bull_Market
2021-01-11,0.05810725524610691,0.1420561795492228,240550243643,Crypto,Low_Vol,Uptrend,Low_Correlation,Bull_Market
2021-01-12,0.08091905850893295,0.13583804228110888,149167221260,Crypto,Low_Vol,Uptrend,Low_Correlation,Bull_Market
2021-01-13,0.1615964021103603,0.1373027215686457,128670237394,Crypto,Low_Vol,Uptrend,Low_Correlation,Bull_Market
2021-01-14,0.0894671434249023,0.13816480476748355,129761237104,Crypto,Low_Vol,Uptrend,Low_Correlation,Bull_Market
2021-01-15,0.06481685099771278,0.13880410734360474,141981954595,Crypto,Low_Vol,Uptrend,Low_Correlation,Bull_Market
2021-01-16,0.13421135783435315,0.14126359342949185,128090921814,Crypto,Low_Vol,Uptrend,Low_Correlation,Bull_Market
2021-01-17,0.06230697336520712,0.13991543791979305,114220930197,Crypto,Low_Vol,Uptrend,Low_Correlation,Bull_Market
2021-01-18,0.03809981258847461,0.13941981131861436,101981176411,Crypto,Low_Vol,Uptrend,Low_Correlation,Bull_Market
2021-01-19,0.048700508554986234,0.140042715757111,136611189592,Crypto,Low_Vol,Uptrend,Low_Correlation,Bull_Market
2021-01-20,0.034938702044638024,0.13915672695749506,145922285065,Crypto,Low_Vol,Sideways,Low_Correlation,Transition_Regime
2021-01-21,0.2288904328654485,0.14538458626355372,154134834606,Crypto,Low_Vol,Sideways,Low_Correlation,Transition_Regime
2021-01-22,0.04077142791387502,0.12127376900834598,152486816880,Crypto,Low_Vol,Sideways,Low_Correlation,Transition_Regime
2021-01-23,0.05257335096323218,0.1182238776379093,99844136655,Crypto,Low_Vol,Sideways,Low_Correlation,Transition_Regime
2021-01-24,0.038418899725635225,0.11769571182014442,106417234644,Crypto,Low_Vol,Sideways,Low_Correlation,Transition_Regime
2021-01-25,0.019863221396922835,0.1169836037066854,128505182234,Crypto,Low_Vol,Sideways,Low_Correlation,Transition_Regime
2021-01-26,0.08572736767257211,0.11068083522491363,125659525590,Crypto,Low_Vol,Sideways,Low_Correlation,Transition_Regime
2021-01-27,0.03682483128623094,0.10849855883427892,127640295297,Crypto,Low_Vol,Sideways,Low_Correlation,Transition_Regime
2021-01-28,0.9031246376181604,0.15652354140882033,145861355775,Crypto,Low_Vol,Sideways,Medium_Correlation,Transition_Regime
2021-01-29,0.1017791036562523,0.14003860193887163,233710953316,Crypto,Low_Vol,Sideways,Medium_Correlation,Transition_Regime
2021-01-30,0.1856631895849503,0.14580346049357787,148993084064,Crypto,Low_Vol,Sideways,Medium_Correlation,Transition_Regime
2021-01-31,0.10106662844670591,0.14137213231425633,128117211780,Crypto,Low_Vol,Sideways,Medium_Correlation,Transition_Regime
2021-02-01,0.1545661597332081,0.14417063544331507,153195421295,Crypto,Low_Vol,Sideways,Medium_Correlation,Transition_Regime
2021-02-02,0.05557956970872754,0.14022838237915722,149922072826,Crypto,Low_Vol,Uptrend,Medium_Correlation,Bull_Market
2021-02-03,0.3137529328629612,0.14918500121107806,141111158384,Crypto,Low_Vol,Uptrend,Medium_Correlation,Bull_Market
2021-02-04,0.18294937033998182,0.1503102090566032,165525833997,Crypto,Low_Vol,Uptrend,Medium_Correlation,Bull_Market
2021-02-05,0.0895825533564377,0.14844150477897108,143084309365,Crypto,Low_Vol,Uptrend,Medium_Correlation,Bull_Market
2021-02-06,0.21125160287558362,0.15054188809388286,157283316208,Crypto,Low_Vol,Uptrend,Medium_Correlation,Bull_Market
2021-02-07,0.14753309065453726,0.1535301056092661,159434187946,Crypto,Low_Vol,Uptrend,Medium_Correlation,Bull_Market
2021-02-08,0.07537426792011245,0.15634560113075058,206804934918,Crypto,Low_Vol,Uptrend,Medium_Correlation,Bull_Market
2021-02-09,0.18070460130418256,0.1611875459471026,189585353604,Crypto,Low_Vol,Uptrend,Medium_Correlation,Bull_Market
2021-02-10,0.23232462974849888,0.15850116712932405,202094708898,Crypto,Low_Vol,Uptrend,Medium_Correlation,Bull_Market
2021-02-11,0.07640548723112846,0.158815006065636,169325423033,Crypto,Low_Vol,Uptrend,Medium_Correlation,Bull_Market
2021-02-12,0.10053293612213149,0.16084041507205354,173735769266,Crypto,Low_Vol,Uptrend,Medium_Correlation,Bull_Market
2021-02-13,0.0767490472803932,0.16270455393720792,171788732292,Crypto,Low_Vol,Uptrend,Medium_Correlation,Bull_Market
2021-02-14,0.06726357013907022,0.1639631626127049,164174345051,Crypto,Low_Vol,Uptrend,Medium_Correlation,Bull_Market
2021-02-15,0.042903515070389135,0.1637714388357537,184109421125,Crypto,Low_Vol,Uptrend,Medium_Correlation,Bull_Market
2021-02-16,0.03938820324895809,0.1606257014464188,167831218122,Crypto,Low_Vol,Uptrend,Medium_Correlation,Bull_Market
2021-02-17,0.07463758200536597,0.12063728233754872,171707342765,Crypto,Low_Vol,Uptrend,Medium_Correlation,Bull_Market
2021-02-18,0.0767050228079619,0.12001264567381825,118791646994,Crypto,Low_Vol,Uptrend,Medium_Correlation,Bull_Market
2021-02-19,0.19083376313902461,0.12026069403409564,142117790894,Crypto,Low_Vol,Uptrend,Medium_Correlation,Bull_Market
2021-02-20,0.15739883002105767,0.12244736760358527,161150669846,Crypto,Low_Vol,Uptrend,Medium_Correlation,Bull_Market
2021-02-21,0.04961570646152314,0.11986337265008554,119072855009,Crypto,Low_Vol,Uptrend,Medium_Correlation,Bull_Market
2021-02-22,0.2605849023126103,0.12608150655489755,203429817354,Crypto,Low_Vol,Uptrend,Medium_Correlation,Bull_Market
2021-02-23,0.056343977877876816,0.12480073633265035,228413452066,Crypto,Low_Vol,Sideways,Medium_Correlation,Transition_Regime
2021-02-24,0.1009113579073828,0.12174148262522934,145352725774,Crypto,Low_Vol,Uptrend,Medium_Correlation,Bull_Market
2021-02-25,0.0685274191070945,0.12285150271019983,119027324102,Crypto,Low_Vol,Sideways,Medium_Correlation,Transition_Regime
2021-02-26,0.05184773360074861,0.11838122939928146,600027365073,Crypto,Low_Vol,Sideways,Medium_Correlation,Transition_Regime
2021-02-27,0.040285263131824546,0.11442667078719151,111179223730,Crypto,Low_Vol,Sideways,Medium_Correlation,Transition_Regime
2021-02-28,0.10217549028439583,0.11189432372560339,124539304046,Crypto,Low_Vol,Sideways,Medium_Correlation,Transition_Regime
2021-03-01,0.05140266017067667,0.11013991610887608,113298638368,Crypto,Low_Vol,Sideways,Medium_Correlation,Transition_Regime
2021-03-02,0.03517520427637041,0.09999663436583844,106911177580,Crypto,Low_Vol,Sideways,Medium_Correlation,Transition_Regime
2021-03-03,0.031897118545739525,0.09916444424052456,107203219434,Crypto,Low_Vol,Sideways,Medium_Correlation,Transition_Regime
2021-03-04,0.04270665508412267,0.0960701254251215,110418380161,Crypto,Low_Vol,Sideways,Medium_Correlation,Transition_Regime
2021-03-05,0.0362414196474503,0.094143843121893,100824032687,Crypto,Low_Vol,Sideways,Medium_Correlation,Transition_Regime
2021-03-06,0.025191808555708826,0.09283671384946145,80767062029,Crypto,Low_Vol,Sideways,Medium_Correlation,Transition_Regime
2021-03-07,0.023353894135704722,0.09290027146262286,89119111981,Crypto,Low_Vol,Sideways,Medium_Correlation,Transition_Regime
2021-03-08,0.0572566914684445,0.09371146978808922,104047620567,Crypto,Low_Vol,Uptrend,Medium_Correlation,Bull_Market
2021-03-09,0.1250635591994025,0.09725895511837472,109175794204,Crypto,Low_Vol,Uptrend,Medium_Correlation,Bull_Market
2021-03-10,0.03747555629198336,0.09667373491961806,113156430169,Crypto,Low_Vol,Uptrend,Medium_Correlation,Bull_Market
2021-03-11,0.11263757078692377,0.0907259738914314,109399764294,Crypto,Low_Vol,Uptrend,Medium_Correlation,Bull_Market
2021-03-12,0.048283676066532805,0.08628291127453883,109367649366,Crypto,Low_Vol,Uptrend,Medium_Correlation,Bull_Market
2021-03-13,0.030977373837787973,0.08732990111433041,116302444397,Crypto,Low_Vol,Uptrend,Medium_Correlation,Bull_Market
2021-03-14,0.2549859156901874,0.08530646996920677,86716854484,Crypto,Low_Vol,Uptrend,Medium_Correlation,Bull_Market
2021-03-15,0.06241596437037551,0.07858563986729988,121328148224,Crypto,Low_Vol,Uptrend,Medium_Correlation,Bull_Market
2021-03-16,0.1493589798339403,0.0795020096651428,118381137473,Crypto,Low_Vol,Uptrend,High_Correlation,Bull_Market
2021-03-17,0.038896192125490045,0.07650428039418658,115350200848,Crypto,Low_Vol,Uptrend,High_Correlation,Bull_Market
2021-03-18,0.027267440958634707,0.07636088632856586,107760380086,Crypto,Low_Vol,Uptrend,Medium_Correlation,Bull_Market
2021-03-19,0.20568177088220135,0.07936556544608947,93692946442,Crypto,Low_Vol,Uptrend,Medium_Correlation,Bull_Market
2021-03-20,0.09556394404897879,0.07974753407449821,95924482835,Crypto,Low_Vol,Uptrend,Medium_Correlation,Bull_Market
2021-03-21,0.25374350114169014,0.07996043878869781,95510062481,Crypto,Low_Vol,Uptrend,Medium_Correlation,Bull_Market
2021-03-22,0.04808435401397742,0.08093757144123304,106678689737,Crypto,Low_Vol,Sideways,Medium_Correlation,Transition_Regime
2021-03-23,0.06959702274902936,0.08096355530729679,103290084581,Crypto,Low_Vol,Sideways,Medium_Correlation,Transition_Regime
2021-03-24,0.1060395211577374,0.08183161475842501,126155766974,Crypto,Low_Vol,Sideways,Medium_Correlation,Transition_Regime
2021-03-25,0.24957031753405284,0.08469156203113933,124470679164,Crypto,Low_Vol,Sideways,Medium_Correlation,Transition_Regime
2021-03-26,0.11952056610361624,0.08822253574117743,103255078090,Crypto,Low_Vol,Sideways,Medium_Correlation,Transition_Regime
2021-03-27,0.2072779153377014,0.08963603822853997,82848169352,Crypto,Low_Vol,Sideways,Medium_Correlation,Transition_Regime
2021-03-28,0.03141255766832179,0.08790509476343485,79729486631,Crypto,Low_Vol,Sideways,Medium_Correlation,Transition_Regime
2021-03-29,0.0523716703451221,0.08317034109347997,98877351276,Crypto,Low_Vol,Sideways,Medium_Correlation,Transition_Regime
2021-03-30,0.03956326517712694,0.08282178348032135,97074426838,Crypto,Low_Vol,Uptrend,Medium_Correlation,Bull_Market
2021-03-31,0.08594752128263898,0.0800302465978981,120527581428,Crypto,Low_Vol,Uptrend,Medium_Correlation,Bull_Market
2021-04-01,0.09742480216981797,0.07975165783726153,121792110507,Crypto,Low_Vol,Uptrend,Medium_Correlation,Bull_Market
2021-04-02,0.06114231438544421,0.0786429069704269,120798542227,Crypto,Low_Vol,Uptrend,Medium_Correlation,Bull_Market
2021-04-03,0.10180181392445435,0.07806883510753272,121608591788,Crypto,Low_Vol,Sideways,Medium_Correlation,Transition_Regime
2021-04-04,0.05124602429589416,0.07780729758634317,98060646317,Crypto,Low_Vol,Uptrend,Medium_Correlation,Bull_Market
2021-04-05,0.1102826918008987,0.0794272105238219,140003103696,Crypto,Low_Vol,Uptrend,Medium_Correlation,Bull_Market
2021-04-06,0.05952760243268765,0.07948182458390604,168748917501,Crypto,Low_Vol,Uptrend,Medium_Correlation,Bull_Market
2021-04-07,0.11065122465187,0.08210896678090059,170732077201,Crypto,Low_Vol,Sideways,Medium_Correlation,Transition_Regime
2021-04-08,0.08421801438056295,0.08054350504735558,111164780126,Crypto,Low_Vol,Uptrend,Medium_Correlation,Bull_Market
2021-04-09,0.03634775478486791,0.07913497232931559,93246555995,Crypto,Low_Vol,Uptrend,Medium_Correlation,Bull_Market
2021-04-10,0.09404620289111498,0.07780459472319044,132614068973,Crypto,Low_Vol,Uptrend,Medium_Correlation,Bull_Market
2021-04-11,0.14551673793528222,0.07850563031304277,117658743104,Crypto,Low_Vol,Uptrend,Medium_Correlation,Bull_Market
2021-04-12,0.07882762431479808,0.07833005547071455,121311251119,Crypto,Low_Vol,Uptrend,Medium_Correlation,Bull_Market
2021-04-13,0.11655602875085061,0.07994490425849167,170500747457,Crypto,Low_Vol,Uptrend,Medium_Correlation,Bull_Market
2021-04-14,0.15456816196178827,0.07920122903781622,204542791257,Crypto,Low_Vol,Uptrend,Medium_Correlation,Bull_Market
2021-04-15,0.2782576422455784,0.08399843235468323,155761589436,Crypto,Low_Vol,Uptrend,Medium_Correlation,Bull_Market
2021-04-16,0.2793095613861293,0.09141302251578197,255687091393,Crypto,Low_Vol,Uptrend,Medium_Correlation,Bull_Market
2021-04-17,0.07292573065005219,0.09305142493919855,186704396045,Crypto,Low_Vol,Uptrend,Medium_Correlation,Bull_Market
2021-04-18,0.15290659181957444,0.09929994149919734,246670671569,Crypto,Low_Vol,Sideways,Medium_Correlation,Transition_Regime
2021-04-19,0.2700147482243017,0.10463522498422101,186504243695,Crypto,Low_Vol,Sideways,Medium_Correlation,Transition_Regime
2021-04-20,0.07955290207557271,0.1051580728200202,191104801032,Crypto,Low_Vol,Sideways,Medium_Correlation,Transition_Regime
2021-04-21,0.07426663618113288,0.10590364695216682,152332968854,Crypto,Low_Vol,Sideways,Medium_Correlation,Transition_Regime
2021-04-22,0.13270805309535655,0.10801892095758601,194403616007,Crypto,Low_Vol,Sideways,Medium_Correlation,Transition_Regime
2021-04-23,0.10486165974540161,0.10704639088811087,222090484071,Crypto,Low_Vol,Sideways,Medium_Correlation,Transition_Regime
2021-04-24,0.07057379440801544,0.10831856470040531,121561399337,Crypto,Low_Vol,Sideways,Medium_Correlation,Transition_Regime
2021-04-25,0.054350852658712145,0.10609599341544369,111462524247,Crypto,Low_Vol,Sideways,Medium_Correlation,Transition_Regime
2021-04-26,0.2112610794125674,0.11658959751897231,137536104522,Crypto,Low_Vol,Sideways,Medium_Correlation,Transition_Regime
2021-04-27,0.1353979704314853,0.11772130845887212,121656004821,Crypto,Low_Vol,Sideways,Medium_Correlation,Transition_Regime
2021-04-28,0.05871144982646346,0.11690293780747257,129445501550,Crypto,Low_Vol,Sideways,Medium_Correlation,Transition_Regime
2021-04-29,0.07703896458738359,0.11747405367494404,115376254697,Crypto,Low_Vol,Sideways,Medium_Correlation,Transition_Regime
2021-04-30,0.16612227146947633,0.11818274230238,124616588903,Crypto,Low_Vol,Sideways,Medium_Correlation,Transition_Regime
2021-05-01,0.1396525456325694,0.11809906947480243,108578241886,Crypto,Low_Vol,Sideways,Medium_Correlation,Transition_Regime
2021-05-02,0.062086099792031224,0.11775930283101367,97472482989,Crypto,Low_Vol,Sideways,Medium_Correlation,Transition_Regime
2021-05-03,0.06602297716824772,0.1168068593868131,141365355041,Crypto,Low_Vol,Sideways,Medium_Correlation,Transition_Regime
2021-05-04,0.09531545004376997,0.11678461923540576,218530111325,Crypto,Low_Vol,Downtrend,Medium_Correlation,Bear_Market
2021-05-05,0.2805650194047429,0.12465320499174612,219964496602,Crypto,Low_Vol,Sideways,Medium_Correlation,Transition_Regime
2021-05-06,0.06513738248785603,0.11635374728728096,198051828863,Crypto,Low_Vol,Sideways,Medium_Correlation,Transition_Regime
2021-05-07,0.10659889380252453,0.1157951173277156,187557517968,Crypto,Low_Vol,Sideways,Medium_Correlation,Transition_Regime
2021-05-08,0.05357207143586913,0.11090783325228824,175003910345,Crypto,Low_Vol,Sideways,Medium_Correlation,Transition_Regime
2021-05-09,0.06169945505203159,0.10596540391684058,208473426009,Crypto,Low_Vol,Sideways,Medium_Correlation,Transition_Regime
2021-05-10,0.18378820357961992,0.10874731933064777,206253003966,Crypto,Low_Vol,Sideways,Medium_Correlation,Transition_Regime
2021-05-11,0.13229824926992995,0.10949096877548363,171735057093,Crypto,Low_Vol,Sideways,Medium_Correlation,Transition_Regime
2021-05-12,0.11448055321499631,0.11398212550969528,200275865827,Crypto,Low_Vol,Downtrend,Medium_Correlation,Bear_Market
2021-05-13,0.11036198044898107,0.11581060913994715,262612748491,Crypto,Low_Vol,Downtrend,Medium_Correlation,Bear_Market
2021-05-14,0.09807352702931624,0.11543303926442187,167870069888,Crypto,Low_Vol,Sideways,Medium_Correlation,Transition_Regime
2021-05-15,0.1062763028789531,0.11758927227154956,171800316714,Crypto,Low_Vol,Sideways,Medium_Correlation,Transition_Regime
2021-05-16,0.04686335541577374,0.10975547411454105,173935259466,Crypto,Low_Vol,Downtrend,Medium_Correlation,Bear_Market
2021-05-17,0.2515756871438497,0.11173052720344892,192722801901,Crypto,Low_Vol,Downtrend,Medium_Correlation,Bear_Market
2021-05-18,0.11307561636590768,0.11454406186401091,156278612162,Crypto,Low_Vol,Downtrend,Medium_Correlation,Bear_Market
2021-05-19,0.0690676947033953,0.14090266694939235,321627429346,Crypto,Low_Vol,Downtrend,Medium_Correlation,Bear_Market
2021-05-20,0.08779710558250094,0.14383102040263934,236395546617,Crypto,Low_Vol,Downtrend,Medium_Correlation,Bear_Market
2021-05-21,0.1567311194916642,0.14657510362001083,199811388977,Crypto,Low_Vol,Downtrend,Medium_Correlation,Bear_Market
2021-05-22,0.1635997331843913,0.14838182416513293,144933609303,Crypto,Low_Vol,Downtrend,Medium_Correlation,Bear_Market
2021-05-23,0.0729502220180225,0.150100614294119,196275249318,Crypto,Low_Vol,Downtrend,Medium_Correlation,Bear_Market
2021-05-24,0.15841365613396696,0.1644091610687331,179270983225,Crypto,Low_Vol,Downtrend,Medium_Correlation,Bear_Market
2021-05-25,0.06401469866284556,0.1542740896703676,155800520353,Crypto,Low_Vol,Downtrend,Medium_Correlation,Bear_Market
2021-05-26,0.07060029633948003,0.15584893890785353,138971401070,Crypto,Low_Vol,Downtrend,Medium_Correlation,Bear_Market
2021-05-27,0.03034231434862139,0.15510427047996786,112118266906,Crypto,Low_Vol,Downtrend,Medium_Correlation,Bear_Market
2021-05-28,0.08033105855183648,0.15590882268736805,137437982198,Crypto,Low_Vol,Downtrend,Medium_Correlation,Bear_Market
2021-05-29,0.021084968978567008,0.15580823455595932,110140548794,Crypto,Low_Vol,Downtrend,Medium_Correlation,Bear_Market
2021-05-30,0.03587108427762463,0.15432854342145927,86050633906,Crypto,Low_Vol,Downtrend,Medium_Correlation,Bear_Market
2021-05-31,0.052880914455733494,0.15465376691527238,102367860871,Crypto,Low_Vol,Downtrend,Medium_Correlation,Bear_Market
2021-06-01,0.1293396649415361,0.15273831826903522,93784031639,Crypto,Low_Vol,Downtrend,Medium_Correlation,Bear_Market
2021-06-02,0.05555081583307008,0.1510799755640312,95613721955,Crypto,Low_Vol,Downtrend,Medium_Correlation,Bear_Market
2021-06-03,0.2962712068888944,0.15452649270744612,96008882913,Crypto,Low_Vol,Sideways,Medium_Correlation,Transition_Regime
2021-06-04,0.20409350226481557,0.154729471723805,110422016908,Crypto,Low_Vol,Downtrend,Medium_Correlation,Bear_Market
2021-06-05,0.1173799999965647,0.15589606269212755,91270625675,Crypto,Low_Vol,Downtrend,Medium_Correlation,Bear_Market
2021-06-06,0.018452320568595484,0.1530458405873003,69974934019,Crypto,Low_Vol,Downtrend,Medium_Correlation,Bear_Market
2021-06-07,0.020481069382270563,0.1515120847420153,87035120859,Crypto,Low_Vol,Downtrend,Medium_Correlation,Bear_Market
2021-06-08,0.02797172963880239,0.1301680013655548,124454133281,Crypto,Low_Vol,Downtrend,Medium_Correlation,Bear_Market
2021-06-09,0.03440582903251314,0.12474524005299538,117396948820,Crypto,Low_Vol,Sideways,Medium_Correlation,Transition_Regime
2021-06-10,0.15577594172353046,0.12193026254823658,92351543440,Crypto,Low_Vol,Sideways,Medium_Correlation,Transition_Regime
2021-06-11,0.05885701420492742,0.11986222356715825,81270457169,Crypto,Low_Vol,Sideways,Medium_Correlation,Transition_Regime
2021-06-12,0.07388250283517281,0.11454038386759499,82004809777,Crypto,Low_Vol,Downtrend,Medium_Correlation,Bear_Market
2021-06-13,0.09924219535989663,0.09150162258351369,85698737125,Crypto,Low_Vol,Sideways,Medium_Correlation,Transition_Regime
2021-06-14,0.17854972098751387,0.09246641204277359,87763682462,Crypto,Low_Vol,Sideways,Medium_Correlation,Transition_Regime
2021-06-15,0.14153059653930458,0.0905327061022119,97588668332,Crypto,Low_Vol,Sideways,Medium_Correlation,Transition_Regime
2021-06-16,0.032144254408253206,0.0915169573564348,80321458171,Crypto,Low_Vol,Sideways,Medium_Correlation,Transition_Regime
2021-06-17,0.02049976286650255,0.08828721864497034,73156179079,Crypto,Low_Vol,Sideways,Low_Correlation,Transition_Regime
2021-06-18,0.033233616113872544,0.08833091327479486,75246657462,Crypto,Low_Vol,Downtrend,Low_Correlation,Bear_Market
2021-06-19,0.015599283079114122,0.08708101260456345,62230898415,Crypto,Low_Vol,Downtrend,Low_Correlation,Bear_Market
2021-06-20,0.11588839293768145,0.08234815101175536,75741896483,Crypto,Low_Vol,Downtrend,Low_Correlation,Bear_Market
2021-06-21,0.058623004582340196,0.09605447822893533,115133021123,Crypto,Low_Vol,Downtrend,Low_Correlation,Bear_Market
2021-06-22,0.04300344533026871,0.09394084205817059,131026518436,Crypto,Low_Vol,Downtrend,Medium_Correlation,Bear_Market
2021-06-23,0.04672218607853596,0.09104709363272882,103517473392,Crypto,Low_Vol,Downtrend,Medium_Correlation,Bear_Market
2021-06-24,0.5267281740551998,0.1054617943891691,72821610002,Crypto,Low_Vol,Downtrend,Medium_Correlation,Bear_Market
2021-06-25,0.017159238055171867,0.10640691694782653,86018702807,Crypto,Low_Vol,Downtrend,Low_Correlation,Bear_Market
2021-06-26,0.012187424869943826,0.10608495824680565,76727895195,Crypto,Low_Vol,Downtrend,Low_Correlation,Bear_Market
2021-06-27,0.01973325839791436,0.1058885728494421,70167808320,Crypto,Low_Vol,Downtrend,Low_Correlation,Bear_Market
2021-06-28,0.025255639670077885,0.10610335217589693,74405021906,Crypto,Low_Vol,Downtrend,Low_Correlation,Bear_Market
2021-06-29,0.015320045080139458,0.10538057002532163,80607021022,Crypto,Low_Vol,Sideways,Low_Correlation,Transition_Regime
2021-06-30,0.11538443393961824,0.10400354243333033,76792410764,Crypto,Low_Vol,Sideways,Low_Correlation,Transition_Regime
2021-07-01,0.012949265472838914,0.10360684729611226,81626028468,Crypto,Low_Vol,Downtrend,Low_Correlation,Bear_Market
2021-07-02,0.014066986599519155,0.10336754679855352,82304259802,Crypto,Low_Vol,Downtrend,Low_Correlation,Bear_Market
2021-07-03,0.03902295392768763,0.101272698457157,52211317348,Crypto,Low_Vol,Sideways,Low_Correlation,Transition_Regime
2021-07-04,0.01967520622891052,0.10014636509223153,54980340202,Crypto,Low_Vol,Sideways,Low_Correlation,Transition_Regime
2021-07-05,0.01451992752177414,0.09821062492148004,58775604185,Crypto,Low_Vol,Sideways,Low_Correlation,Transition_Regime
2021-07-06,0.03244646885284078,0.09748332560221473,60475972284,Crypto,Low_Vol,Sideways,Low_Correlation,Transition_Regime
2021-07-07,0.027415109558128845,0.09751584761736969,60818809912,Crypto,Low_Vol,Sideways,Medium_Correlation,Transition_Regime
2021-07-08,0.0224711997157018,0.09725739402917494,67327540896,Crypto,Low_Vol,Downtrend,Medium_Correlation,Bear_Market
2021-07-09,0.24684721830850814,0.10010660613404389,64353123760,Crypto,Low_Vol,Sideways,Medium_Correlation,Transition_Regime
2021-07-10,0.10945940068675482,0.09998182294923195,50432853891,Crypto,Low_Vol,Sideways,Medium_Correlation,Transition_Regime
2021-07-11,0.03894402996223034,0.08201571961278718,43120264915,Crypto,Low_Vol,Sideways,Medium_Correlation,Transition_Regime
2021-07-12,0.013059656240954988,0.08158843081144933,52804206832,Crypto,Low_Vol,Downtrend,Medium_Correlation,Bear_Market
2021-07-13,0.017064317270369694,0.07670121803105343,45330776955,Crypto,Low_Vol,Downtrend,Medium_Correlation,Bear_Market
2021-07-14,0.023844978188941445,0.05700741150900082,50560520267,Crypto,Low_Vol,Downtrend,Medium_Correlation,Bear_Market
2021-07-15,0.024611212201646734,0.05319477093730111,49206402110,Crypto,Low_Vol,Downtrend,Medium_Correlation,Bear_Market
2021-07-16,0.024258260457804673,0.05427377589686622,50187982533,Crypto,Low_Vol,Downtrend,Medium_Correlation,Bear_Market
2021-07-17,0.28213642202153144,0.05843010855122881,44182566479,Crypto,Low_Vol,Downtrend,Medium_Correlation,Bear_Market
2021-07-18,0.013628956216918361,0.05786538834811842,42698272759,Crypto,Low_Vol,Downtrend,Medium_Correlation,Bear_Market
2021-07-19,0.019683911253060696,0.057755082625330245,44730956727,Crypto,Low_Vol,Downtrend,Medium_Correlation,Bear_Market
2021-07-20,0.016640679039917797,0.05712132330641487,53910631532,Crypto,Low_Vol,Downtrend,Medium_Correlation,Bear_Market
2021-07-21,0.12161959901031907,0.06630232747914963,68198458369,Crypto,Low_Vol,Downtrend,Medium_Correlation,Bear_Market
2021-07-22,0.14428778291346947,0.06819463399401454,50132620814,Crypto,Low_Vol,Sideways,Medium_Correlation,Transition_Regime
2021-07-23,0.01627067475390537,0.06832030283105148,50730551911,Crypto,Low_Vol,Sideways,Medium_Correlation,Transition_Regime
2021-07-24,0.009864834753330264,0.067738847283568,49250829626,Crypto,Low_Vol,Sideways,Medium_Correlation,Transition_Regime
2021-07-25,0.023059034830021172,0.0671001514321906,45490528735,Crypto,Low_Vol,Sideways,Medium_Correlation,Transition_Regime
2021-07-26,0.03212587461955993,0.06665954216287075,105693654168,Crypto,Low_Vol,Sideways,Medium_Correlation,Transition_Regime
2021-07-27,0.021858121768769553,0.06699335017650758,74968236236,Crypto,Low_Vol,Sideways,Medium_Correlation,Transition_Regime
2021-07-28,0.03598708483931786,0.06566098056680884,77215208044,Crypto,Low_Vol,Sideways,Medium_Correlation,Transition_Regime
2021-07-29,0.12816921203753928,0.06313123136293528,57614271475,Crypto,Low_Vol,Sideways,Medium_Correlation,Transition_Regime
2021-07-30,0.03491446794798007,0.0627557767825463,69281523810,Crypto,Low_Vol,Sideways,Medium_Correlation,Transition_Regime
2021-07-31,0.04016072895226847,0.06331698499840085,57668062315,Crypto,Low_Vol,Sideways,Medium_Correlation,Transition_Regime
2021-08-01,0.037131749726912446,0.06352657222914668,66300360172,Crypto,Low_Vol,Sideways,Medium_Correlation,Transition_Regime
2021-08-02,0.0236484655354135,0.0628320635836727,61912552116,Crypto,Low_Vol,Uptrend,Medium_Correlation,Bull_Market
2021-08-03,0.16701794514108886,0.06500806016717338,63549505484,Crypto,Low_Vol,Uptrend,Medium_Correlation,Bull_Market
2021-08-04,0.15094339259127657,0.0661238446995078,64666295585,Crypto,Low_Vol,Uptrend,Medium_Correlation,Bull_Market
2021-08-05,0.029758193167180567,0.06447624667599673,80943643896,Crypto,Low_Vol,Uptrend,Medium_Correlation,Bull_Market
2021-08-06,0.022993906381780865,0.057987345671565514,80333495204,Crypto,Low_Vol,Uptrend,Medium_Correlation,Bull_Market
2021-08-07,0.2174290872527098,0.0642772192710441,97188529996,Crypto,Low_Vol,Uptrend,Medium_Correlation,Bull_Market
2021-08-08,0.019053151379489045,0.06331794464597962,86718671873,Crypto,Low_Vol,Uptrend,Medium_Correlation,Bull_Market
2021-08-09,0.022515421623111282,0.061829538150667405,91043481042,Crypto,Low_Vol,Uptrend,Low_Correlation,Bull_Market
2021-08-10,1.3799596527090336,0.11877361516385733,82868733011,Crypto,Low_Vol,Uptrend,Medium_Correlation,Bull_Market
2021-08-11,0.1270676817846839,0.12137485526865505,93996281523,Crypto,Low_Vol,Uptrend,Low_Correlation,Bull_Market
2021-08-12,0.015969510483743087,0.12251340410653819,90223735504,Crypto,Low_Vol,Uptrend,Low_Correlation,Bull_Market
2021-08-13,0.02893095633027629,0.12650573133522927,84993627142,Crypto,Low_Vol,Uptrend,Low_Correlation,Bull_Market
2021-08-14,0.16042400893104708,0.12715508469242212,87231201582,Crypto,Low_Vol,Uptrend,Low_Correlation,Bull_Market
2021-08-15,0.06498753571520911,0.12849397809751886,90091780642,Crypto,Low_Vol,Uptrend,Low_Correlation,Bull_Market
2021-08-16,0.05863478810688806,0.12997545970431115,93316132357,Crypto,Low_Vol,Uptrend,Low_Correlation,Bull_Market
2021-08-17,0.07556592888287599,0.13310972653730996,95073150478,Crypto,Low_Vol,Uptrend,Low_Correlation,Bull_Market
2021-08-18,0.11814623543939208,0.1339233392724299,90442268023,Crypto,Low_Vol,Uptrend,Low_Correlation,Bull_Market
2021-08-19,0.21976031250177075,0.1365129524499803,91693570801,Crypto,Low_Vol,Uptrend,Medium_Correlation,Bull_Market
2021-08-20,0.0621862364030582,0.13780540869757182,90046071388,Crypto,Low_Vol,Uptrend,Low_Correlation,Bull_Market
2021-08-21,0.3232179239352682,0.13847022211567886,86645716321,Crypto,Low_Vol,Uptrend,Low_Correlation,Bull_Market
2021-08-22,0.04151065261458842,0.13827595154075203,67853310380,Crypto,Low_Vol,Uptrend,Low_Correlation,Bull_Market
2021-08-23,0.03365216839737596,0.13772782598598676,90034832968,Crypto,Low_Vol,Uptrend,Low_Correlation,Bull_Market
2021-08-24,0.07196372760457795,0.14050587592048563,91108597232,Crypto,Low_Vol,Uptrend,Low_Correlation,Bull_Market
2021-08-25,0.051645144013550075,0.1413729276343237,81305243379,Crypto,Low_Vol,Uptrend,Low_Correlation,Bull_Market
2021-08-26,0.035492357843613834,0.14409618734386906,80353603112,Crypto,Low_Vol,Sideways,Low_Correlation,Transition_Regime
2021-08-27,0.0650394925379019,0.1427486044315607,85983134871,Crypto,Low_Vol,Uptrend,Low_Correlation,Bull_Market
2021-08-28,0.0651049766755128,0.1416508547206672,66292790614,Crypto,Low_Vol,Uptrend,Low_Correlation,Bull_Market
2021-08-29,0.0776195954205233,0.14093270467500102,61725512640,Crypto,Low_Vol,Uptrend,Low_Correlation,Bull_Market
2021-08-30,0.06316538770453906,0.08492945262828439,79167790174,Crypto,Low_Vol,Sideways,Medium_Correlation,Transition_Regime
2021-08-31,0.06044576099629378,0.08400348654252114,99414944279,Crypto,Low_Vol,Sideways,Medium_Correlation,Transition_Regime
2021-09-01,0.029593425569879043,0.08468871432442131,101292712461,Crypto,Low_Vol,Uptrend,Medium_Correlation,Bull_Market
2021-09-02,0.05398821260525529,0.08149096277800151,99192243159,Crypto,Low_Vol,Uptrend,Medium_Correlation,Bull_Market
2021-09-03,0.053462251402054725,0.08044187099453547,108516015181,Crypto,Low_Vol,Uptrend,Medium_Correlation,Bull_Market
2021-09-04,0.056444356030227426,0.08030193191395833,88971625571,Crypto,Low_Vol,Uptrend,Medium_Correlation,Bull_Market
2021-09-05,0.038095030949929214,0.08038440031044067,78088307692,Crypto,Low_Vol,Uptrend,Medium_Correlation,Bull_Market
2021-09-06,0.056683313622961654,0.078979609510182,95708170989,Crypto,Low_Vol,Uptrend,Medium_Correlation,Bull_Market
2021-09-07,0.0919562921996996,0.08940651476018222,178762081767,Crypto,Low_Vol,Sideways,Medium_Correlation,Transition_Regime
2021-09-08,0.16915963260810876,0.0892882728318816,136831522531,Crypto,Low_Vol,Sideways,Medium_Correlation,Transition_Regime
2021-09-09,0.05860698551253656,0.08817100734157782,111022643286,Crypto,Low_Vol,Sideways,Medium_Correlation,Transition_Regime
2021-09-10,0.07087370583580639,0.07799899552657519,106040849018,Crypto,Low_Vol,Sideways,Medium_Correlation,Transition_Regime
2021-09-11,0.04756070543292231,0.07810387503061841,90467222045,Crypto,Low_Vol,Sideways,Medium_Correlation,Transition_Regime
2021-09-12,0.05755728387179065,0.07852956407091424,81630416293,Crypto,Low_Vol,Sideways,Medium_Correlation,Transition_Regime
2021-09-13,0.026678223587153462,0.07712553380921844,114724241050,Crypto,Low_Vol,Sideways,Medium_Correlation,Transition_Regime
2021-09-14,0.05155852598644331,0.07763453002191083,91858964016,Crypto,Low_Vol,Sideways,Medium_Correlation,Transition_Regime
2021-09-15,0.26485072756743094,0.08550314847949876,77025047807,Crypto,Low_Vol,Sideways,Medium_Correlation,Transition_Regime
2021-09-16,0.05231501090504955,0.08291345939640225,83291406886,Crypto,Low_Vol,Sideways,Medium_Correlation,Transition_Regime
2021-09-17,0.03028825594218961,0.08295047356087148,77424555870,Crypto,Low_Vol,Sideways,Medium_Correlation,Transition_Regime
2021-09-18,0.0430116657347324,0.08276568111437094,71035970530,Crypto,Low_Vol,Sideways,Medium_Correlation,Transition_Regime
2021-09-19,0.023871076180106227,0.08209903847665338,64716766534,Crypto,Low_Vol,Sideways,Medium_Correlation,Transition_Regime
2021-09-20,0.029760102714462656,0.08689358279719675,113111189731,Crypto,Low_Vol,Sideways,Medium_Correlation,Transition_Regime
2021-09-21,0.028686983458545465,0.0858862887083093,117397115002,Crypto,Low_Vol,Sideways,High_Correlation,Transition_Regime
2021-09-22,0.053107677350267314,0.09255697598716418,97050431703,Crypto,Low_Vol,Sideways,Medium_Correlation,Transition_Regime
2021-09-23,0.02479779047869702,0.0912618911586123,81153335566,Crypto,Low_Vol,Sideways,High_Correlation,Transition_Regime
2021-09-24,0.020399415162203845,0.09160116551878449,104959941693,Crypto,Low_Vol,Sideways,High_Correlation,Transition_Regime
2021-09-25,0.024067690930955045,0.09046114269684595,77639967646,Crypto,Low_Vol,Downtrend,Medium_Correlation,Bear_Market
2021-09-26,0.022975531439450445,0.08966268801460366,81132441985,Crypto,Low_Vol,Downtrend,Medium_Correlation,Bear_Market
2021-09-27,0.09468154368922113,0.08115954732626528,74764134178,Crypto,Low_Vol,Downtrend,Medium_Correlation,Bear_Market
2021-09-28,0.01707173293858726,0.07689132719537488,66226234978,Crypto,Low_Vol,Downtrend,Medium_Correlation,Bear_Market
2021-09-29,0.02465283105182844,0.07672255172314152,67252932353,Crypto,Low_Vol,Downtrend,Medium_Correlation,Bear_Market
2021-09-30,0.014568336715990279,0.07622193541168792,67528716579,Crypto,Low_Vol,Downtrend,Medium_Correlation,Bear_Market
2021-10-01,0.029270440956226794,0.0791809412692022,92074026354,Crypto,Low_Vol,Sideways,Medium_Correlation,Transition_Regime
2021-10-02,0.017255765114496138,0.0776663386525449,72378073929,Crypto,Low_Vol,Sideways,Medium_Correlation,Transition_Regime
2021-10-03,0.029440648300580352,0.07680591805301219,62949613504,Crypto,Low_Vol,Sideways,Medium_Correlation,Transition_Regime
2021-10-04,0.03432079054702719,0.0761705270538213,74293485258,Crypto,Low_Vol,Sideways,High_Correlation,Transition_Regime
2021-10-05,0.023568205434987752,0.06558303479492163,74887095595,Crypto,Low_Vol,Sideways,High_Correlation,Transition_Regime
2021-10-06,0.04719407731339985,0.06557480993016786,98315536837,Crypto,Low_Vol,Sideways,Medium_Correlation,Transition_Regime
2021-10-07,0.026460815152464866,0.06518698436693778,81267929269,Crypto,Low_Vol,Sideways,Medium_Correlation,Transition_Regime
2021-10-08,0.02338568632982896,0.06465670724930254,72580992049,Crypto,Low_Vol,Sideways,Medium_Correlation,Transition_Regime
2021-10-09,0.21165172615883526,0.07204181296501125,65118241896,Crypto,Low_Vol,Sideways,Medium_Correlation,Transition_Regime
2021-10-10,0.07740142861525957,0.06644917314319382,75575310727,Crypto,Low_Vol,Sideways,Medium_Correlation,Transition_Regime
2021-10-11,0.02597129723255166,0.06465254343591717,80883275948,Crypto,Low_Vol,Sideways,Medium_Correlation,Transition_Regime
2021-10-12,0.03344474248282895,0.054851255068971594,83569689826,Crypto,Low_Vol,Uptrend,Medium_Correlation,Bull_Market
2021-10-13,0.04564216533119752,0.05570641399505167,84931759900,Crypto,Low_Vol,Uptrend,Medium_Correlation,Bull_Market
2021-10-14,0.04868483385081004,0.05288076023681345,76926310979,Crypto,Low_Vol,Uptrend,Medium_Correlation,Bull_Market
2021-10-15,0.066074278924858,0.05490461794702253,105365323020,Crypto,Low_Vol,Uptrend,Medium_Correlation,Bull_Market
2021-10-16,0.020699436035889442,0.05496549596667055,71961779868,Crypto,Low_Vol,Uptrend,Medium_Correlation,Bull_Market
2021-10-17,0.017896403647958144,0.052784079476707255,63187723572,Crypto,Low_Vol,Uptrend,Medium_Correlation,Bull_Market
2021-10-18,0.02050508838958669,0.05143104800432598,78442411161,Crypto,Low_Vol,Uptrend,Medium_Correlation,Bull_Market
2021-10-19,0.016791383655322255,0.05076678213818737,74271780453,Crypto,Low_Vol,Uptrend,Medium_Correlation,Bull_Market
2021-10-20,0.028296811485793227,0.05184635068803996,83850153795,Crypto,Low_Vol,Uptrend,Medium_Correlation,Bull_Market
2021-10-21,0.04013612757343215,0.048789427518578295,104500248120,Crypto,Low_Vol,Uptrend,Medium_Correlation,Bull_Market
2021-10-22,0.026931076250666687,0.04917922212489243,85119118618,Crypto,Low_Vol,Uptrend,Medium_Correlation,Bull_Market
2021-10-23,0.029242938002027433,0.049235841014223534,59968357750,Crypto,Low_Vol,Uptrend,Medium_Correlation,Bull_Market
2021-10-24,0.03691038211462956,0.049367183093782144,63671428204,Crypto,Low_Vol,Uptrend,Medium_Correlation,Bull_Market
2021-10-25,0.04077533939640001,0.05013750693919336,69865399594,Crypto,Low_Vol,Uptrend,Medium_Correlation,Bull_Market
2021-10-26,0.023829305441373058,0.04937683158090829,76122394852,Crypto,Low_Vol,Sideways,Medium_Correlation,Transition_Regime
2021-10-27,0.03835295382243889,0.05435546553793591,108270416250,Crypto,Low_Vol,Sideways,Medium_Correlation,Transition_Regime
2021-10-28,0.06791864532412085,0.05868156084307595,120152787168,Crypto,Low_Vol,Sideways,Medium_Correlation,Transition_Regime
2021-10-29,0.05959715535877063,0.05089855657898031,87152577686,Crypto,Low_Vol,Uptrend,Medium_Correlation,Bull_Market
2021-10-30,0.12413466752145208,0.05208330731755191,67393068480,Crypto,Low_Vol,Uptrend,Medium_Correlation,Bull_Market
2021-10-31,0.5048606933528053,0.0745459589884167,73417984590,Crypto,Low_Vol,Sideways,Medium_Correlation,Transition_Regime
2021-11-01,0.14272879926318519,0.07594535649247965,79952426554,Crypto,Low_Vol,Sideways,Medium_Correlation,Transition_Regime
2021-11-02,0.021084475191770508,0.07510516305925692,82361164188,Crypto,Low_Vol,Uptrend,Medium_Correlation,Bull_Market
2021-11-03,0.10325700471635096,0.0763975118703937,91279792794,Crypto,Low_Vol,Uptrend,Medium_Correlation,Bull_Market
2021-11-04,0.026026461467177433,0.07486283627262846,78133568051,Crypto,Low_Vol,Sideways,Medium_Correlation,Transition_Regime
2021-11-05,0.037660901883308034,0.07540746930895595,67801727643,Crypto,Low_Vol,Sideways,Medium_Correlation,Transition_Regime
2021-11-06,0.03173831823757577,0.07547365484920626,62796449197,Crypto,Low_Vol,Sideways,Medium_Correlation,Transition_Regime
2021-11-07,0.03213379572285512,0.07579049436480764,56936589506,Crypto,Low_Vol,Uptrend,Medium_Correlation,Bull_Market
2021-11-08,0.03620933976552857,0.07744200500623238,90702584098,Crypto,Low_Vol,Uptrend,Medium_Correlation,Bull_Market
2021-11-09,0.06331724319161729,0.07841405997994191,98295855046,Crypto,Low_Vol,Uptrend,Medium_Correlation,Bull_Market
2021-11-10,0.02719048938194489,0.07865953557970246,115717244134,Crypto,Low_Vol,Uptrend,Medium_Correlation,Bull_Market
2021-11-11,0.015064277935057565,0.07846905019173096,80290122973,Crypto,Low_Vol,Uptrend,Medium_Correlation,Bull_Market
2021-11-12,0.023587025945937565,0.07842061934520149,81369858350,Crypto,Low_Vol,Uptrend,Medium_Correlation,Bull_Market
2021-11-13,0.041349237142924634,0.07826402462579787,63499637058,Crypto,Low_Vol,Uptrend,Medium_Correlation,Bull_Market
2021-11-14,0.02698959115568669,0.07732801341959038,54311903368,Crypto,Low_Vol,Uptrend,Medium_Correlation,Bull_Market
2021-11-15,0.014990347433525477,0.0775796900572971,64909184232,Crypto,Low_Vol,Sideways,Medium_Correlation,Transition_Regime
2021-11-16,0.036599807460020915,0.07670938753275752,106391306765,Crypto,Low_Vol,Sideways,Medium_Correlation,Transition_Regime
2021-11-17,0.032733927211237045,0.07159237491052184,86358213399,Crypto,Low_Vol,Sideways,Low_Correlation,Transition_Regime
2021-11-18,0.05144364055596898,0.074399031929044,94332705717,Crypto,Low_Vol,Sideways,Low_Correlation,Transition_Regime
2021-11-19,0.030269485337778314,0.07505513101390486,81406127106,Crypto,Low_Vol,Sideways,Low_Correlation,Transition_Regime
2021-11-20,0.03188145915039523,0.05294006216126115,63911555716,Crypto,Low_Vol,Sideways,Low_Correlation,Transition_Regime
2021-11-21,0.02847052023111014,0.048465509937098,58392579622,Crypto,Low_Vol,Sideways,Low_Correlation,Transition_Regime
2021-11-22,0.02835068771340072,0.048715496527092124,75592124522,Crypto,Low_Vol,Sideways,Low_Correlation,Transition_Regime
2021-11-23,0.04334075632318855,0.045941157359422766,80410589543,Crypto,Low_Vol,Sideways,Low_Correlation,Transition_Regime
2021-11-24,0.007195217612519027,0.045942284959330865,79433822811,Crypto,Low_Vol,Sideways,Low_Correlation,Transition_Regime
2021-11-25,0.03668854709120554,0.0458084624690402,75218675903,Crypto,Low_Vol,Sideways,Low_Correlation,Transition_Regime
2021-11-26,0.026984485607232697,0.04892906743550674,97371207450,Crypto,Low_Vol,Sideways,Low_Correlation,Transition_Regime
2021-11-27,0.02354364482815597,0.048713717722354964,62467248319,Crypto,Low_Vol,Sideways,Medium_Correlation,Transition_Regime
2021-11-28,0.4139194014103357,0.06942167192174219,62656658625,Crypto,Low_Vol,Sideways,Medium_Correlation,Transition_Regime
2021-11-29,0.02779441465949089,0.06844004621251625,70302923762,Crypto,Low_Vol,Downtrend,Medium_Correlation,Bear_Market
2021-11-30,0.018817506082644948,0.06769451429218543,87189826321,Crypto,Low_Vol,Downtrend,Medium_Correlation,Bear_Market
2021-12-01,0.046890400869769484,0.0684170861621161,85590555987,Crypto,Low_Vol,Downtrend,Medium_Correlation,Bear_Market
2021-12-02,0.11247555478698094,0.07027104451917807,77814952759,Crypto,Low_Vol,Downtrend,Medium_Correlation,Bear_Market
2021-12-03,0.039601389300454794,0.07110702393538287,90806676720,Crypto,Low_Vol,Downtrend,Medium_Correlation,Bear_Market
2021-12-04,0.08889304342816777,0.07442806665816491,144193363798,Crypto,Low_Vol,Downtrend,Medium_Correlation,Bear_Market
2021-12-05,0.03752849156306515,0.07470558434641053,88065143483,Crypto,Low_Vol,Downtrend,Medium_Correlation,Bear_Market
2021-12-06,0.0320241795101123,0.07352621245932836,94997819771,Crypto,Low_Vol,Downtrend,Medium_Correlation,Bear_Market
2021-12-07,0.03489203454902629,0.07372666909160373,78767142872,Crypto,Low_Vol,Downtrend,Medium_Correlation,Bear_Market
2021-12-08,0.026641856535872106,0.07156961407271874,69233696471,Crypto,Low_Vol,Downtrend,Medium_Correlation,Bear_Market
2021-12-09,0.030189178649918092,0.0717697617800211,73079372193,Crypto,Low_Vol,Downtrend,Medium_Correlation,Bear_Market
2021-12-10,0.02686542532243509,0.0715692049901438,78856649862,Crypto,Low_Vol,Downtrend,Medium_Correlation,Bear_Market
2021-12-11,0.02529814789541214,0.07328925027195647,60349768633,Crypto,Low_Vol,Downtrend,Medium_Correlation,Bear_Market
2021-12-12,0.01879665921814055,0.07281626619940397,47336265969,Crypto,Low_Vol,Downtrend,Medium_Correlation,Bear_Market
2021-12-13,0.02510558251048078,0.07536507465467565,73437018805,Crypto,Low_Vol,Downtrend,Medium_Correlation,Bear_Market
2021-12-14,0.04578976028623994,0.07660734252328874,82612792730,Crypto,Low_Vol,Downtrend,Medium_Correlation,Bear_Market
2021-12-15,0.05141730457464633,0.07995551747118294,91084066887,Crypto,Low_Vol,Downtrend,Medium_Correlation,Bear_Market
2021-12-16,0.012234606146348947,0.0774373575747576,68499371751,Crypto,Low_Vol,Downtrend,Medium_Correlation,Bear_Market
2021-12-17,0.04214390202944777,0.07742498038053319,78063960983,Crypto,Low_Vol,Downtrend,Medium_Correlation,Bear_Market
2021-12-18,0.015508389403035443,0.05933023614529111,63372455841,Crypto,Low_Vol,Downtrend,Medium_Correlation,Bear_Market
2021-12-19,0.022365440689945188,0.05870955040076482,58266421815,Crypto,Low_Vol,Downtrend,Medium_Correlation,Bear_Market
2021-12-20,0.028951573031938384,0.05878893411252841,75156002111,Crypto,Low_Vol,Downtrend,Medium_Correlation,Bear_Market
2021-12-21,0.029274367861233105,0.05919242209180905,63990351457,Crypto,Low_Vol,Sideways,Medium_Correlation,Transition_Regime
2021-12-22,0.031077317362932053,0.05556716831695542,60826221944,Crypto,Low_Vol,Sideways,Medium_Correlation,Transition_Regime
2021-12-23,0.07585672077009221,0.05727181555548151,72125885426,Crypto,Low_Vol,Sideways,Medium_Correlation,Transition_Regime
2021-12-24,0.03908848207267632,0.05248560301997356,60406221229,Crypto,Low_Vol,Sideways,Medium_Correlation,Transition_Regime
2021-12-25,0.02282817459436678,0.05176767860472321,46357192380,Crypto,Low_Vol,Sideways,Medium_Correlation,Transition_Regime
2021-12-26,0.03252518625840074,0.05123748041295748,52708662029,Crypto,Low_Vol,Sideways,Medium_Correlation,Transition_Regime
2021-12-27,0.023387454399270077,0.05107813081180718,56936153407,Crypto,Low_Vol,Sideways,Medium_Correlation,Transition_Regime
2021-12-28,0.020837953599544583,0.053508623657289436,77028112616,Crypto,Low_Vol,Downtrend,Medium_Correlation,Bear_Market
2021-12-29,0.030694976225444634,0.05130118902939141,68089871157,Crypto,Low_Vol,Downtrend,Medium_Correlation,Bear_Market
2021-12-30,0.02359212913455744,0.050571707986595674,58834780568,Crypto,Low_Vol,Downtrend,Medium_Correlation,Bear_Market
2021-12-31,0.025811696039654424,0.04928827706269997,70366223179,Crypto,Low_Vol,Downtrend,Medium_Correlation,Bear_Market
2022-01-01,0.015507879560491352,0.04985542180287257,48863041235,Crypto,Low_Vol,Sideways,Medium_Correlation,Transition_Regime
2022-01-02,0.022226269961669987,0.04419917004945571,52903527879,Crypto,Low_Vol,Sideways,Medium_Correlation,Transition_Regime
2022-01-03,0.03829556858111379,0.04381962753849817,63268977442,Crypto,Low_Vol,Downtrend,Medium_Correlation,Bear_Market
2022-01-04,0.01913632854928958,0.039687899216380454,75622348850,Crypto,Low_Vol,Downtrend,Medium_Correlation,Bear_Market
2022-01-05,0.24681757790539738,0.052177059119252724,80605108181,Crypto,Low_Vol,Downtrend,Medium_Correlation,Bear_Market
2022-01-06,0.019120340989645577,0.05135311232927723,79307218952,Crypto,Low_Vol,Downtrend,Medium_Correlation,Bear_Market
2022-01-07,0.030774732756694546,0.05251219431448603,138255715242,Crypto,Low_Vol,Downtrend,Medium_Correlation,Bear_Market
2022-01-08,0.02198516065853669,0.052625547685988906,67816111445,Crypto,Low_Vol,Downtrend,Medium_Correlation,Bear_Market
2022-01-09,0.02780215029415277,0.05271796237915852,53812397853,Crypto,Low_Vol,Downtrend,Medium_Correlation,Bear_Market
2022-01-10,0.017990281807175837,0.05132380036930206,76476567261,Crypto,Low_Vol,Downtrend,Medium_Correlation,Bear_Market
2022-01-11,0.04002076983937496,0.05358532648779338,65364904443,Crypto,Low_Vol,Downtrend,Medium_Correlation,Bear_Market
2022-01-12,0.02681238835132863,0.05279401514401479,73526171131,Crypto,Low_Vol,Downtrend,Medium_Correlation,Bear_Market
2022-01-13,0.034606187139156946,0.0532277208676308,86724893335,Crypto,Low_Vol,Downtrend,Medium_Correlation,Bear_Market
2022-01-14,0.022429401322117515,0.053782821349105094,62826593966,Crypto,Low_Vol,Downtrend,Medium_Correlation,Bear_Market
2022-01-15,0.01173471782531036,0.053315544323047005,44253950303,Crypto,Low_Vol,Downtrend,Medium_Correlation,Bear_Market
2022-01-16,0.027690717673974737,0.05342695701643566,44149722236,Crypto,Low_Vol,Downtrend,Medium_Correlation,Bear_Market
2022-01-17,0.13489104768231866,0.05393605344619087,56751691937,Crypto,Low_Vol,Downtrend,Medium_Correlation,Bear_Market
2022-01-18,0.02578032315421163,0.05375852403509773,56621373105,Crypto,Low_Vol,Downtrend,Medium_Correlation,Bear_Market
2022-01-19,0.0188097921539891,0.05370921249491767,55201070238,Crypto,Low_Vol,Downtrend,Medium_Correlation,Bear_Market
2022-01-20,0.2585028987857412,0.05964645945490007,45616606243,Crypto,Low_Vol,Downtrend,Medium_Correlation,Bear_Market
2022-01-21,0.021120612300607716,0.06583141657488067,98961350824,Crypto,Low_Vol,Downtrend,Medium_Correlation,Bear_Market
2022-01-22,0.11813872213217719,0.0690653427033889,101178782668,Crypto,Low_Vol,Downtrend,Medium_Correlation,Bear_Market
2022-01-23,0.015313206108453492,0.07083635817860341,64757936042,Crypto,Low_Vol,Downtrend,Medium_Correlation,Bear_Market
2022-01-24,0.025937420524738037,0.07112041065232269,100057961218,Crypto,Low_Vol,Downtrend,Medium_Correlation,Bear_Market
2022-01-25,0.02506913351932524,0.06611618452386447,63860059554,Crypto,Low_Vol,Downtrend,Medium_Correlation,Bear_Market
2022-01-26,0.017125168408495314,0.06606202199514094,76693813126,Crypto,Low_Vol,Downtrend,Medium_Correlation,Bear_Market
2022-01-27,0.017975900592207182,0.06513248349234757,59343868529,Crypto,Low_Vol,Downtrend,Medium_Correlation,Bear_Market
2022-01-28,0.02041878223804179,0.06569537681004534,53035999111,Crypto,Low_Vol,Downtrend,Medium_Correlation,Bear_Market
2022-01-29,0.019684997827170328,0.0654262415483573,42047106294,Crypto,Low_Vol,Downtrend,Medium_Correlation,Bear_Market
2022-01-30,0.03517923454457371,0.0657695711131571,36821313898,Crypto,Low_Vol,Downtrend,Medium_Correlation,Bear_Market
2022-01-31,0.026791443033094386,0.06407787572014627,49401016372,Crypto,Low_Vol,Downtrend,Medium_Correlation,Bear_Market
2022-02-01,0.028331582002587393,0.06291652517982622,50167599813,Crypto,Low_Vol,Sideways,Medium_Correlation,Transition_Regime
2022-02-02,0.013923272461701063,0.06287832372571231,49290540222,Crypto,Low_Vol,Downtrend,Medium_Correlation,Bear_Market
2022-02-03,0.08848134417324062,0.06241712139813438,45675193452,Crypto,Low_Vol,Downtrend,Medium_Correlation,Bear_Market
2022-02-04,0.020298145002514627,0.06793372220251509,65982891524,Crypto,Low_Vol,Sideways,Medium_Correlation,Transition_Regime
2022-02-05,0.017630492505956594,0.06797984007768881,50300517783,Crypto,Low_Vol,Sideways,Medium_Correlation,Transition_Regime
2022-02-06,0.010678998931088061,0.06550707338847786,39377244224,Crypto,Low_Vol,Sideways,Medium_Correlation,Transition_Regime
2022-02-07,0.0536583688808089,0.0685211897539698,67854107735,Crypto,Low_Vol,Sideways,Medium_Correlation,Transition_Regime
2022-02-08,0.031575342522473106,0.06831627621362522,77369915131,Crypto,Low_Vol,Sideways,Medium_Correlation,Transition_Regime
2022-02-09,0.017521850463945297,0.05949549769893548,55893846167,Crypto,Low_Vol,Sideways,Medium_Correlation,Transition_Regime
2022-02-10,0.02371243359296968,0.05211731686925729,73774275767,Crypto,Low_Vol,Sideways,Medium_Correlation,Transition_Regime
2022-02-11,0.024859781657190865,0.04742288016203071,63396835557,Crypto,Low_Vol,Sideways,Medium_Correlation,Transition_Regime
2022-02-12,0.024498934806970348,0.04629083479868706,47133834492,Crypto,Low_Vol,Sideways,Medium_Correlation,Transition_Regime
2022-02-13,0.01677303346863079,0.045178759307915324,39302255588,Crypto,Low_Vol,Sideways,Medium_Correlation,Transition_Regime
2022-02-14,0.018283083150632037,0.04496633199650513,49530139224,Crypto,Low_Vol,Sideways,Medium_Correlation,Transition_Regime
2022-02-15,0.02790528316688255,0.047483207638061624,55213211773,Crypto,Low_Vol,Sideways,Medium_Correlation,Transition_Regime
2022-02-16,0.01448162011533933,0.0475081224571853,49438111044,Crypto,Low_Vol,Sideways,Medium_Correlation,Transition_Regime
2022-02-17,0.011569455924832309,0.05118853611823134,60665195160,Crypto,Low_Vol,Sideways,Medium_Correlation,Transition_Regime
2022-02-18,0.01833846285210924,0.051246160385410834,56610542126,Crypto,Low_Vol,Sideways,Medium_Correlation,Transition_Regime
2022-02-19,0.01340985332417159,0.05049516943182552,38288151899,Crypto,Low_Vol,Sideways,Medium_Correlation,Transition_Regime
2022-02-20,0.01985089668234934,0.051508912032453905,46444538247,Crypto,Low_Vol,Sideways,Medium_Correlation,Transition_Regime
2022-02-21,0.021902943284184153,0.0529068730684487,70370921044,Crypto,Low_Vol,Sideways,Medium_Correlation,Transition_Regime
2022-02-22,0.010832822439389982,0.05250057197610328,62201851679,Crypto,Low_Vol,Sideways,Medium_Correlation,Transition_Regime
2022-02-23,0.008946684867357372,0.04972895355190523,54608608017,Crypto,Low_Vol,Sideways,Medium_Correlation,Transition_Regime
2022-02-24,0.025080547952163097,0.04425643394157427,111094081184,Crypto,Low_Vol,Sideways,Medium_Correlation,Transition_Regime
2022-02-25,0.025028610276686274,0.04594622889120549,65548244974,Crypto,Low_Vol,Sideways,Medium_Correlation,Transition_Regime
2022-02-26,0.021278708255631534,0.045732389861550884,46590540750,Crypto,Low_Vol,Sideways,High_Correlation,Transition_Regime
2022-02-27,0.01671626063990144,0.04300598689834061,57673769200,Crypto,Low_Vol,Sideways,High_Correlation,Transition_Regime
2022-02-28,0.024914688669684066,0.05102955710405888,77172272223,Crypto,Low_Vol,Sideways,High_Correlation,Transition_Regime
2022-03-01,0.018100589924262032,0.0507971076143551,74850208433,Crypto,Low_Vol,Sideways,Medium_Correlation,Transition_Regime
2022-03-02,0.016634014291242352,0.050126445141642134,66485106274,Crypto,Low_Vol,Sideways,Medium_Correlation,Transition_Regime
2022-03-03,0.015492195177614082,0.04840372747971965,55172410753,Crypto,Low_Vol,Sideways,Medium_Correlation,Transition_Regime
2022-03-04,0.014720884652780018,0.05053803508817341,61149746615,Crypto,Low_Vol,Sideways,Medium_Correlation,Transition_Regime
2022-03-05,0.01268913515764678,0.05086758202501455,38217459402,Crypto,Low_Vol,Sideways,Medium_Correlation,Transition_Regime
2022-03-06,0.011544988554848331,0.05129352310906457,41359703895,Crypto,Low_Vol,Sideways,Medium_Correlation,Transition_Regime
2022-03-07,0.015285922770655132,0.047844001172889825,60597254439,Crypto,Low_Vol,Sideways,Medium_Correlation,Transition_Regime
2022-03-08,0.012648204094762912,0.04816252588488514,55168110049,Crypto,Low_Vol,Sideways,Medium_Correlation,Transition_Regime
2022-03-09,0.017953400272063515,0.04766482324075802,64328427316,Crypto,Low_Vol,Sideways,Medium_Correlation,Transition_Regime
2022-03-10,0.008012104416205916,0.048700243403089864,60367550055,Crypto,Low_Vol,Sideways,Medium_Correlation,Transition_Regime
2022-03-11,0.03310881424488834,0.04898316814270872,55371926771,Crypto,Low_Vol,Sideways,Medium_Correlation,Transition_Regime
2022-03-12,0.009509755231567354,0.04773836135769323,34171667551,Crypto,Low_Vol,Sideways,Medium_Correlation,Transition_Regime
2022-03-13,0.010915921254382743,0.04584845769801609,37707069499,Crypto,Low_Vol,Sideways,Medium_Correlation,Transition_Regime
2022-03-14,0.01214242794900132,0.04557558330333138,50332524165,Crypto,Low_Vol,Sideways,Medium_Correlation,Transition_Regime
2022-03-15,0.011383510746673013,0.045277926424928686,50047717590,Crypto,Low_Vol,Sideways,Medium_Correlation,Transition_Regime
2022-03-16,0.014115990212324302,0.046292499341691,74781914839,Crypto,Low_Vol,Sideways,Medium_Correlation,Transition_Regime
2022-03-17,0.0219086438730969,0.044710109461480387,49741565493,Crypto,Low_Vol,Sideways,Medium_Correlation,Transition_Regime
2022-03-18,0.017728673218708368,0.045000990954371343,65699248408,Crypto,Low_Vol,Sideways,Medium_Correlation,Transition_Regime
2022-03-19,0.0220165192331552,0.0439136426104757,46700720509,Crypto,Low_Vol,Sideways,Medium_Correlation,Transition_Regime
2022-03-20,0.013031623320675315,0.03651015267761027,46027316664,Crypto,Low_Vol,Sideways,Medium_Correlation,Transition_Regime
2022-03-21,0.02909052093927008,0.037213910189032,56287504772,Crypto,Low_Vol,Sideways,Medium_Correlation,Transition_Regime
2022-03-22,0.03634155988193208,0.03839976757212942,67699684038,Crypto,Low_Vol,Sideways,Medium_Correlation,Transition_Regime
2022-03-23,0.037193717098078116,0.03883395812023127,60512036720,Crypto,Low_Vol,Sideways,Medium_Correlation,Transition_Regime
2022-03-24,0.021155459416409634,0.03534208194228665,72568351959,Crypto,Low_Vol,Sideways,Medium_Correlation,Transition_Regime
2022-03-25,0.018445512019443562,0.03576167248490526,65585143118,Crypto,Low_Vol,Sideways,Medium_Correlation,Transition_Regime
2022-03-26,0.014800881277930599,0.03430405135714849,38553063055,Crypto,Low_Vol,Sideways,Medium_Correlation,Transition_Regime
2022-03-27,0.013684335688775952,0.03456869979780706,57129497259,Crypto,Low_Vol,Sideways,Medium_Correlation,Transition_Regime
2022-03-28,0.014443107041487432,0.03495985576173124,79771637709,Crypto,Low_Vol,Uptrend,Medium_Correlation,Bull_Market
2022-03-29,0.013049961548199747,0.0328122516539187,70948888805,Crypto,Low_Vol,Uptrend,Medium_Correlation,Bull_Market
2022-03-30,0.022736867856048264,0.029812584201405864,65202425740,Crypto,Low_Vol,Uptrend,Medium_Correlation,Bull_Market
2022-03-31,0.02462210376912609,0.030317242176721278,75275456960,Crypto,Low_Vol,Uptrend,Medium_Correlation,Bull_Market
2022-04-01,0.02641431097536037,0.030862356707430684,81597267084,Crypto,Low_Vol,Uptrend,Medium_Correlation,Bull_Market
2022-04-02,0.014643437199213113,0.029733521699591613,72451248560,Crypto,Low_Vol,Uptrend,Medium_Correlation,Bull_Market
2022-04-03,0.011180688732053305,0.029555469148744275,58193585766,Crypto,Low_Vol,Uptrend,Medium_Correlation,Bull_Market
2022-04-04,0.02057490678497719,0.0303581449354486,71969655761,Crypto,Low_Vol,Uptrend,Medium_Correlation,Bull_Market
2022-04-05,0.05192017351216391,0.03131475499988883,67594668607,Crypto,Low_Vol,Uptrend,Medium_Correlation,Bull_Market
2022-04-06,0.028907649830274173,0.03770156012703173,88737665311,Crypto,Low_Vol,Sideways,Medium_Correlation,Transition_Regime
2022-04-07,0.015495449125565386,0.037695385709194326,59949748574,Crypto,Low_Vol,Sideways,Medium_Correlation,Transition_Regime
2022-04-08,0.25476526405357663,0.05105824121314912,61666806284,Crypto,Low_Vol,Sideways,Medium_Correlation,Transition_Regime
2022-04-09,0.00848837794311875,0.05047472579972213,37257921092,Crypto,Low_Vol,Sideways,Medium_Correlation,Transition_Regime
2022-04-10,0.017169635207263292,0.050045479148901166,40912162333,Crypto,Low_Vol,Sideways,Medium_Correlation,Transition_Regime
2022-04-11,0.01775692391729702,0.053107882716659637,74091286940,Crypto,Low_Vol,Sideways,Medium_Correlation,Transition_Regime
2022-04-12,0.011792465716810297,0.052849887764827956,66955004567,Crypto,Low_Vol,Sideways,Medium_Correlation,Transition_Regime
2022-04-13,0.027829930812557642,0.05336768825953089,58795658069,Crypto,Low_Vol,Sideways,Medium_Correlation,Transition_Regime
2022-04-14,0.018900996232710902,0.053512578134582815,55709617296,Crypto,Low_Vol,Sideways,Medium_Correlation,Transition_Regime
2022-04-15,0.019076522368742823,0.053811743143334034,46937965287,Crypto,Low_Vol,Sideways,Medium_Correlation,Transition_Regime
2022-04-16,0.010407113964902088,0.05222472475886,36238148516,Crypto,Low_Vol,Sideways,Medium_Correlation,Transition_Regime
2022-04-17,0.01050258097233626,0.05259381681344228,40774413698,Crypto,Low_Vol,Sideways,Medium_Correlation,Transition_Regime
2022-04-18,0.012060760401775854,0.052918847324665536,68158175102,Crypto,Low_Vol,Sideways,High_Correlation,Transition_Regime
2022-04-19,0.015365024333139653,0.053069480251009264,53587878601,Crypto,Low_Vol,Sideways,High_Correlation,Transition_Regime
2022-04-20,0.011181518011301949,0.052516176577247296,58587872857,Crypto,Low_Vol,Sideways,High_Correlation,Transition_Regime
2022-04-21,0.05915557215518505,0.052623911419818155,71505584067,Crypto,Low_Vol,Sideways,Medium_Correlation,Transition_Regime
2022-04-22,0.012284259324320515,0.05259204607018784,59026986007,Crypto,Low_Vol,Sideways,High_Correlation,Transition_Regime
2022-04-23,0.01220743399338304,0.051827565331789296,36016939796,Crypto,Low_Vol,Sideways,Medium_Correlation,Transition_Regime
2022-04-24,0.008301054873591004,0.05163252769344266,37854194450,Crypto,Low_Vol,Downtrend,Medium_Correlation,Bear_Market
2022-04-25,0.04873587700239348,0.051944378529068184,78035997851,Crypto,Low_Vol,Sideways,Medium_Correlation,Transition_Regime
2022-04-26,0.019488740365222513,0.050446143903367616,72233765063,Crypto,Low_Vol,Downtrend,Medium_Correlation,Bear_Market
2022-04-27,0.008259971898435903,0.049918049028787055,62975474074,Crypto,Low_Vol,Downtrend,High_Correlation,Bear_Market
2022-04-28,0.021477992643729585,0.03864612813167347,66925929573,Crypto,Low_Vol,Sideways,High_Correlation,Transition_Regime
2022-04-29,0.01957544398330173,0.039454884496357596,64958321358,Crypto,Low_Vol,Downtrend,High_Correlation,Bear_Market
2022-04-30,0.030289905753366517,0.041641170969306876,51146979777,Crypto,Low_Vol,Downtrend,High_Correlation,Bear_Market
2022-05-01,0.014825268410032564,0.039067688710192415,56477172331,Crypto,Low_Vol,Downtrend,Medium_Correlation,Bear_Market
2022-05-02,0.01677844449972295,0.03820483762301871,65238776811,Crypto,Low_Vol,Downtrend,Medium_Correlation,Bear_Market
2022-05-03,0.027401923209038965,0.036952995653484644,52897184030,Crypto,Low_Vol,Downtrend,Medium_Correlation,Bear_Market
2022-05-04,0.03195454689073975,0.042172278686021254,70779964028,Crypto,Low_Vol,Sideways,Medium_Correlation,Transition_Regime
2022-05-05,0.020719255241261187,0.04564955183872101,83933898537,Crypto,Low_Vol,Downtrend,High_Correlation,Bear_Market
2022-05-06,0.03117580014708358,0.04587758818477853,74762690592,Crypto,Low_Vol,Downtrend,High_Correlation,Bear_Market
2022-05-07,0.02993040107845934,0.04591330904749013,50485351403,Crypto,Low_Vol,Downtrend,High_Correlation,Bear_Market
2022-05-08,0.014015356263677975,0.04550740579035209,72068087959,Crypto,Low_Vol,Downtrend,High_Correlation,Bear_Market
2022-05-09,0.029309414480383034,0.055227792074158635,122703616272,Crypto,Low_Vol,Downtrend,High_Correlation,Bear_Market
2022-05-10,0.01954250070644119,0.0572240950931864,124598509206,Crypto,Low_Vol,Downtrend,High_Correlation,Bear_Market
2022-05-11,0.06690647330842837,0.06740938070132385,149455412693,Crypto,Low_Vol,Downtrend,High_Correlation,Bear_Market
2022-05-12,0.0363437671679192,0.06762235710912166,140576452666,Crypto,Low_Vol,Downtrend,High_Correlation,Bear_Market
2022-05-13,0.04816752181947911,0.07167979822435176,89266654367,Crypto,Low_Vol,Downtrend,High_Correlation,Bear_Market
2022-05-14,0.023108651343702723,0.07287587930773563,59787377997,Crypto,Low_Vol,Downtrend,High_Correlation,Bear_Market
2022-05-15,0.029498912678771066,0.07378167123265869,54292313363,Crypto,Low_Vol,Downtrend,High_Correlation,Bear_Market
2022-05-16,0.019850563791974023,0.0735624375412495,68640274658,Crypto,Low_Vol,Downtrend,High_Correlation,Bear_Market
2022-05-17,0.022752832032180304,0.0744148885982146,60988753351,Crypto,Low_Vol,Downtrend,High_Correlation,Bear_Market
2022-05-18,0.03199220877747437,0.07636643013958122,61852060428,Crypto,Low_Vol,Downtrend,High_Correlation,Bear_Market
2022-05-19,0.014571769048438599,0.07797995701504415,65757848239,Crypto,Low_Vol,Downtrend,High_Correlation,Bear_Market
2022-05-20,0.010172430888224013,0.0772900633746499,59253673836,Crypto,Low_Vol,Downtrend,High_Correlation,Bear_Market
2022-05-21,0.0115265513694546,0.07660746060095895,34425593064,Crypto,Low_Vol,Downtrend,High_Correlation,Bear_Market
2022-05-22,0.012869473773201686,0.07734754920501895,42211868651,Crypto,Low_Vol,Downtrend,High_Correlation,Bear_Market
2022-05-23,0.018806970374111224,0.07747288536024739,60826544788,Crypto,Low_Vol,Downtrend,High_Correlation,Bear_Market
2022-05-24,0.011081908003289629,0.07444344584528109,51128034662,Crypto,Low_Vol,Downtrend,High_Correlation,Bear_Market
2022-05-25,0.01631300838979801,0.07271523075285863,52114213179,Crypto,Low_Vol,Downtrend,High_Correlation,Bear_Market
2022-05-26,0.03049465603952894,0.0731604513908663,75329844776,Crypto,Low_Vol,Downtrend,High_Correlation,Bear_Market
2022-05-27,0.17169449986825183,0.08016481243127639,77506504257,Crypto,Low_Vol,Downtrend,Medium_Correlation,Bear_Market
2022-05-28,0.02952110702296539,0.08105081168817561,68388798350,Crypto,Low_Vol,Downtrend,Medium_Correlation,Bear_Market
2022-05-29,0.01406678319394474,0.07398133575972228,37578608699,Crypto,Low_Vol,Sideways,Medium_Correlation,Transition_Regime
2022-05-30,0.0351655237529239,0.07642605314009003,71392260443,Crypto,Low_Vol,Sideways,Medium_Correlation,Transition_Regime
2022-05-31,0.033711361141426206,0.061953285095461864,66912669635,Crypto,Low_Vol,Sideways,Medium_Correlation,Transition_Regime
2022-06-01,0.021036501389837984,0.06379437840427052,75224708822,Crypto,Low_Vol,Sideways,Medium_Correlation,Transition_Regime
2022-06-02,0.014269219484033004,0.06087361081104434,56765491722,Crypto,Low_Vol,Sideways,Medium_Correlation,Transition_Regime
2022-06-03,0.0143339327155484,0.0606927062639608,50381354352,Crypto,Low_Vol,Sideways,Medium_Correlation,Transition_Regime
2022-06-04,0.022353511715109464,0.059084546746671816,32612854934,Crypto,Low_Vol,Sideways,Medium_Correlation,Transition_Regime
2022-06-05,0.016623785279630446,0.057114139280983904,33401313784,Crypto,Low_Vol,Sideways,Medium_Correlation,Transition_Regime
2022-06-06,0.029171335185714665,0.0568840254359716,60127497579,Crypto,Low_Vol,Sideways,Medium_Correlation,Transition_Regime
2022-06-07,0.0369094380710738,0.05202441971835371,77580359287,Crypto,Low_Vol,Sideways,Medium_Correlation,Transition_Regime
2022-06-08,0.024052370150047894,0.050665923386373504,58688467115,Crypto,Low_Vol,Sideways,Medium_Correlation,Transition_Regime
2022-06-09,0.025068627089446245,0.05027687277369846,43298434358,Crypto,Low_Vol,Sideways,Medium_Correlation,Transition_Regime
2022-06-10,0.029466863866364573,0.052454355156164985,59100490268,Crypto,Low_Vol,Downtrend,Medium_Correlation,Bear_Market
2022-06-11,0.028717555150196708,0.054059011657119446,58443882996,Crypto,Low_Vol,Downtrend,Medium_Correlation,Bear_Market
2022-06-12,0.02251676606079003,0.055441917632505895,69037731948,Crypto,Low_Vol,Downtrend,Medium_Correlation,Bear_Market
2022-06-13,0.040163227273640155,0.060984630325303595,132577940235,Crypto,Low_Vol,Downtrend,Medium_Correlation,Bear_Market
2022-06-14,0.04284181871274043,0.062434341371369086,100038502736,Crypto,Low_Vol,Downtrend,Medium_Correlation,Bear_Market
2022-06-15,0.050051923602854556,0.06549407868465844,110039571392,Crypto,Low_Vol,Downtrend,Medium_Correlation,Bear_Market
2022-06-16,0.020335000761860914,0.06371345345488348,61863256651,Crypto,Low_Vol,Downtrend,High_Correlation,Bear_Market
2022-06-17,0.02665243584221238,0.06381384784943456,50906591018,Crypto,Low_Vol,Downtrend,High_Correlation,Bear_Market
2022-06-18,0.03824217408963146,0.06442780560857932,75515683225,Crypto,Low_Vol,Downtrend,High_Correlation,Bear_Market
2022-06-19,0.033373874560466955,0.06505190950797117,68982444154,Crypto,Low_Vol,Downtrend,High_Correlation,Bear_Market
2022-06-20,0.02721915058816797,0.065176647883118,61175618214,Crypto,Low_Vol,Downtrend,High_Correlation,Bear_Market
2022-06-21,0.029259998717855114,0.06378579546693076,55247154671,Crypto,Low_Vol,Downtrend,High_Correlation,Bear_Market
2022-06-22,0.03611030706413905,0.06366810593153308,52701580199,Crypto,Low_Vol,Downtrend,High_Correlation,Bear_Market
2022-06-23,0.05200287861387241,0.06692508164968673,50235388287,Crypto,Low_Vol,Downtrend,High_Correlation,Bear_Market
2022-06-24,0.04024037538480815,0.06826045776637445,53367209430,Crypto,Low_Vol,Downtrend,High_Correlation,Bear_Market
2022-06-25,0.018528760188260114,0.06842994357329855,38999011428,Crypto,Low_Vol,Downtrend,High_Correlation,Bear_Market
2022-06-26,0.035246477042559995,0.06787599684166157,38300925238,Crypto,Low_Vol,Downtrend,High_Correlation,Bear_Market
2022-06-27,0.011710983268332604,0.06750656651903078,41917020868,Crypto,Low_Vol,Downtrend,High_Correlation,Bear_Market
2022-06-28,0.019811826375535305,0.06800045238598633,44117102628,Crypto,Low_Vol,Downtrend,High_Correlation,Bear_Market
2022-06-29,0.026780625781532487,0.06797292558731997,47519727371,Crypto,Low_Vol,Downtrend,High_Correlation,Bear_Market
2022-06-30,0.024724094767172192,0.06684093852590854,52094444937,Crypto,Low_Vol,Downtrend,High_Correlation,Bear_Market
2022-07-01,0.01600166490507144,0.06544297256266804,57118945444,Crypto,Low_Vol,Downtrend,High_Correlation,Bear_Market
2022-07-02,0.02022832880355835,0.063811082943173,34025603406,Crypto,Low_Vol,Downtrend,High_Correlation,Bear_Market
2022-07-03,0.01970101820100152,0.05757859169168925,30552125823,Crypto,Low_Vol,Downtrend,High_Correlation,Bear_Market
2022-07-04,0.02299253066995239,0.0577370529402609,42939660496,Crypto,Low_Vol,Sideways,Medium_Correlation,Transition_Regime
2022-07-05,0.023651074835379152,0.05448222602759488,52509170134,Crypto,Low_Vol,Sideways,Medium_Correlation,Transition_Regime
2022-07-06,0.01628063668414811,0.04661534048921973,48654686750,Crypto,Low_Vol,Sideways,Medium_Correlation,Transition_Regime
2022-07-07,0.014153978479955689,0.046653110412674774,48133026603,Crypto,Low_Vol,Sideways,Medium_Correlation,Transition_Regime
2022-07-08,0.027368961420459356,0.0439119603494056,75559264510,Crypto,Low_Vol,Sideways,Medium_Correlation,Transition_Regime
2022-07-09,0.019081253875258573,0.03920329540416441,44837792581,Crypto,Low_Vol,Sideways,Medium_Correlation,Transition_Regime
2022-07-10,0.007678455197094976,0.039963836768132754,46370607891,Crypto,Low_Vol,Sideways,Medium_Correlation,Transition_Regime
2022-07-11,0.023337778736445595,0.04160815323854146,43563005662,Crypto,Low_Vol,Downtrend,Medium_Correlation,Bear_Market
2022-07-12,0.012117818948650117,0.04105130292200384,45696529629,Crypto,Low_Vol,Downtrend,Medium_Correlation,Bear_Market
2022-07-13,0.039294681944147355,0.039361710316979236,60913902730,Crypto,Low_Vol,Sideways,Medium_Correlation,Transition_Regime
2022-07-14,0.029527990169973466,0.03805997239464351,60074697427,Crypto,Low_Vol,Sideways,Medium_Correlation,Transition_Regime
2022-07-15,0.012741935723020561,0.03794788707731,51904985121,Crypto,Low_Vol,Sideways,Medium_Correlation,Transition_Regime
2022-07-16,0.02447560508184986,0.03826432215948732,50291418488,Crypto,Low_Vol,Sideways,Medium_Correlation,Transition_Regime
2022-07-17,0.019101624094287284,0.03829663265211469,46307773950,Crypto,Low_Vol,Sideways,Medium_Correlation,Transition_Regime
2022-07-18,0.05907659262839402,0.04369691672398869,80291411224,Crypto,Low_Vol,Sideways,Medium_Correlation,Transition_Regime
2022-07-19,0.02599528751066671,0.04335084188869144,90568349684,Crypto,Low_Vol,Sideways,Medium_Correlation,Transition_Regime
2022-07-20,0.029573705887004597,0.04456364818848568,79033241435,Crypto,Low_Vol,Sideways,Medium_Correlation,Transition_Regime
2022-07-21,0.024763375663713515,0.04362282061814591,63544778093,Crypto,Low_Vol,Sideways,Medium_Correlation,Transition_Regime
2022-07-22,0.01743452804802561,0.044563642352866896,59054037157,Crypto,Low_Vol,Sideways,Medium_Correlation,Transition_Regime
2022-07-23,0.05933705897974185,0.046399333886491374,46026944045,Crypto,Low_Vol,Sideways,Medium_Correlation,Transition_Regime
2022-07-24,0.022252016059784878,0.04564531010292748,47735840789,Crypto,Low_Vol,Sideways,Medium_Correlation,Transition_Regime
2022-07-25,0.021366331086248552,0.04974859524820496,64157300024,Crypto,Low_Vol,Sideways,Medium_Correlation,Transition_Regime
2022-07-26,0.009581523525633377,0.049540565814841266,54162527157,Crypto,Low_Vol,Sideways,Medium_Correlation,Transition_Regime
2022-07-27,0.029334178204063373,0.05320769546039965,64903566637,Crypto,Low_Vol,Sideways,Medium_Correlation,Transition_Regime
2022-07-28,0.04931146563975136,0.05473761614781666,81407203225,Crypto,Low_Vol,Sideways,Medium_Correlation,Transition_Regime
2022-07-29,0.03409634205266217,0.05515712300270594,73922068890,Crypto,Low_Vol,Uptrend,Medium_Correlation,Bull_Market
2022-07-30,0.024369383797685704,0.05430464276678142,55563187383,Crypto,Low_Vol,Uptrend,Medium_Correlation,Bull_Market
2022-07-31,0.020060114935206215,0.05237976970843807,47398364434,Crypto,Low_Vol,Uptrend,Medium_Correlation,Bull_Market
2022-08-01,0.017909696548713206,0.05187431971423121,49725953362,Crypto,Low_Vol,Uptrend,Medium_Correlation,Bull_Market
2022-08-02,0.015984830682225584,0.0513265629206257,57416429025,Crypto,Low_Vol,Uptrend,Medium_Correlation,Bull_Market
2022-08-03,0.017596450852893557,0.05082211365676382,52361221449,Crypto,Low_Vol,Sideways,Medium_Correlation,Transition_Regime
2022-08-04,0.014786433022152065,0.05090789055774184,46954677834,Crypto,Low_Vol,Sideways,Medium_Correlation,Transition_Regime
2022-08-05,0.023149225818500322,0.05092667753333427,54888409183,Crypto,Low_Vol,Uptrend,Medium_Correlation,Bull_Market
2022-08-06,0.023706859181606296,0.05093098769688594,33039221903,Crypto,Low_Vol,Sideways,Medium_Correlation,Transition_Regime
2022-08-07,0.018847916550834634,0.04430229254752543,31264592511,Crypto,Low_Vol,Sideways,Medium_Correlation,Transition_Regime
2022-08-08,0.017613370348203383,0.04418896750231141,53546321333,Crypto,Low_Vol,Uptrend,Medium_Correlation,Bull_Market
2022-08-09,0.019892783466163074,0.04353276747978387,50577158626,Crypto,Low_Vol,Sideways,Medium_Correlation,Transition_Regime
2022-08-10,0.018297290427307596,0.04424117566213308,66363549991,Crypto,Low_Vol,Uptrend,Medium_Correlation,Bull_Market
2022-08-11,0.01238227916064232,0.04350021276862148,69939134567,Crypto,Low_Vol,Uptrend,High_Correlation,Bull_Market
2022-08-12,0.015815085684881883,0.0415688317210587,50917283344,Crypto,Low_Vol,Uptrend,High_Correlation,Bull_Market
2022-08-13,0.02879710690351334,0.041806844650027424,46128798333,Crypto,Low_Vol,Uptrend,Medium_Correlation,Bull_Market
2022-08-14,0.03926879560914875,0.037164419329311894,45159758871,Crypto,Low_Vol,Uptrend,High_Correlation,Bull_Market
2022-08-15,0.018571098794133427,0.03781150290323997,63608364920,Crypto,Low_Vol,Uptrend,High_Correlation,Bull_Market
2022-08-16,0.038369902254738714,0.03227359540874354,51317830946,Crypto,Low_Vol,Sideways,High_Correlation,Transition_Regime
2022-08-17,0.022171704180357958,0.030705098934877762,59914909035,Crypto,Low_Vol,Sideways,Medium_Correlation,Transition_Regime
2022-08-18,0.07341757302470399,0.03342298771682328,44994416413,Crypto,Low_Vol,Sideways,Medium_Correlation,Transition_Regime
2022-08-19,0.016198373510122464,0.04004975911308513,77425349123,Crypto,Low_Vol,Sideways,Medium_Correlation,Transition_Regime
2022-08-20,0.01411170422354371,0.03990917244888339,53180962892,Crypto,Low_Vol,Sideways,High_Correlation,Transition_Regime
2022-08-21,0.014452157480195835,0.040615129145923586,45112041011,Crypto,Low_Vol,Sideways,High_Correlation,Transition_Regime
2022-08-22,0.01595395794553425,0.04027489020551923,57775421624,Crypto,Low_Vol,Sideways,High_Correlation,Transition_Regime
2022-08-23,0.02306271214310082,0.04062771311748467,56476818596,Crypto,Low_Vol,Sideways,Medium_Correlation,Transition_Regime
2022-08-24,0.006178771635917612,0.04045949036301776,54649245319,Crypto,Low_Vol,Sideways,Medium_Correlation,Transition_Regime
2022-08-25,0.007742087718406019,0.038644986848670355,51598007661,Crypto,Low_Vol,Sideways,Medium_Correlation,Transition_Regime
2022-08-26,0.021311141740416706,0.04227318652520914,78126443149,Crypto,Low_Vol,Sideways,Medium_Correlation,Transition_Regime
2022-08-27,0.022026168748284305,0.042019040423001724,54173108126,Crypto,Low_Vol,Sideways,High_Correlation,Transition_Regime
2022-08-28,0.020511501967594888,0.041552969678309175,41954104479,Crypto,Low_Vol,Sideways,High_Correlation,Transition_Regime
2022-08-29,0.016431029347911505,0.043317103345498015,56918829907,Crypto,Low_Vol,Sideways,High_Correlation,Transition_Regime
2022-08-30,0.015083539226040889,0.0416082490122005,62440145582,Crypto,Low_Vol,Sideways,High_Correlation,Transition_Regime
2022-08-31,0.011025785551234712,0.04169280518646396,59346365426,Crypto,Low_Vol,Downtrend,Medium_Correlation,Bear_Market
2022-09-01,0.020787030716240645,0.04172940939353547,52369222094,Crypto,Low_Vol,Downtrend,Medium_Correlation,Bear_Market
2022-09-02,0.0209312487654584,0.041404163121530696,52655582226,Crypto,Low_Vol,Downtrend,Medium_Correlation,Bear_Market
2022-09-03,0.018220329692470002,0.040996470084698616,37176042368,Crypto,Low_Vol,Downtrend,Medium_Correlation,Bear_Market
2022-09-04,0.014875311277796585,0.04124161220099118,38320031235,Crypto,Low_Vol,Downtrend,Medium_Correlation,Bear_Market
2022-09-05,0.022586229551617695,0.04071453211138822,46649464942,Crypto,Low_Vol,Downtrend,Medium_Correlation,Bear_Market
2022-09-06,0.022501486924367754,0.04209585026354499,74497647651,Crypto,Low_Vol,Downtrend,Medium_Correlation,Bear_Market
2022-09-07,0.01334189406460161,0.0412056174326859,61130282953,Crypto,Low_Vol,Downtrend,Medium_Correlation,Bear_Market
2022-09-08,0.02028061375480956,0.03498233683648762,56251306214,Crypto,Low_Vol,Downtrend,Medium_Correlation,Bear_Market
2022-09-09,0.020348531181811496,0.03772270630657515,77022348202,Crypto,Low_Vol,Sideways,Medium_Correlation,Transition_Regime
2022-09-10,0.15812826601677488,0.044226890230560166,56438363105,Crypto,Low_Vol,Sideways,High_Correlation,Transition_Regime
2022-09-11,0.012661430236358158,0.04422353944475829,52227898493,Crypto,Low_Vol,Sideways,High_Correlation,Transition_Regime
2022-09-12,0.02824669145163481,0.04429983415192104,76278748005,Crypto,Low_Vol,Sideways,High_Correlation,Transition_Regime
2022-09-13,0.018595879247461367,0.04794844113025036,83857091819,Crypto,Low_Vol,Sideways,High_Correlation,Transition_Regime
2022-09-14,0.016326705647264732,0.048085806372291866,62637579368,Crypto,Low_Vol,Sideways,High_Correlation,Transition_Regime
2022-09-15,0.023984246821130623,0.0450361931772417,70978751146,Crypto,Low_Vol,Downtrend,High_Correlation,Bear_Market
2022-09-16,0.029344007214081834,0.04542062945098475,53096824668,Crypto,Low_Vol,Downtrend,High_Correlation,Bear_Market
2022-09-17,0.01606035872838733,0.04515637162920985,40925204459,Crypto,Low_Vol,Sideways,High_Correlation,Transition_Regime
2022-09-18,0.022253490561930316,0.04710814405113762,54301908775,Crypto,Low_Vol,Downtrend,High_Correlation,Bear_Market
2022-09-19,0.03078355332543556,0.047559297294383115,67802652943,Crypto,Low_Vol,Downtrend,High_Correlation,Bear_Market
2022-09-20,0.03375458432085039,0.04810807320645411,60426598871,Crypto,Low_Vol,Downtrend,High_Correlation,Bear_Market
2022-09-21,0.018366056706039382,0.04784452242647741,77444823461,Crypto,Low_Vol,Downtrend,High_Correlation,Bear_Market
2022-09-22,0.04581721567301415,0.050930260533685344,69708061528,Crypto,Low_Vol,Downtrend,High_Correlation,Bear_Market
2022-09-23,0.026470333241870817,0.05135840892400099,72093198607,Crypto,Low_Vol,Downtrend,High_Correlation,Bear_Market
2022-09-24,0.01662156469847589,0.0513949665518759,47198710909,Crypto,Low_Vol,Downtrend,Medium_Correlation,Bear_Market
2022-09-25,0.018237178128021007,0.05128391482265347,42947272349,Crypto,Low_Vol,Downtrend,Medium_Correlation,Bear_Market
2022-09-26,0.02990094141477813,0.04923637300062971,68198763192,Crypto,Low_Vol,Downtrend,Medium_Correlation,Bear_Market
2022-09-27,0.015601131542841618,0.048206489493991284,85440490591,Crypto,Low_Vol,Downtrend,Medium_Correlation,Bear_Market
2022-09-28,0.016068956513404915,0.04799470762033658,80534029515,Crypto,Low_Vol,Downtrend,Medium_Correlation,Bear_Market
2022-09-29,0.01914127470147006,0.04570036410047125,62949808548,Crypto,Low_Vol,Sideways,Medium_Correlation,Transition_Regime
2022-09-30,0.016783851490065657,0.038486415365783455,67470444880,Crypto,Low_Vol,Sideways,Medium_Correlation,Transition_Regime
2022-10-01,0.008915782311018805,0.03845501354150871,29706838284,Crypto,Low_Vol,Sideways,Medium_Correlation,Transition_Regime
2022-10-02,0.014608686846480928,0.03814105277335596,33112957241,Crypto,Low_Vol,Downtrend,Medium_Correlation,Bear_Market
2022-10-03,0.012841749935546643,0.03473676404277855,46336636841,Crypto,Low_Vol,Sideways,Medium_Correlation,Transition_Regime
2022-10-04,0.02058920153313355,0.03572951904984588,52988934785,Crypto,Low_Vol,Sideways,Medium_Correlation,Transition_Regime
2022-10-05,0.013706871435648407,0.03437265785888843,49737983254,Crypto,Low_Vol,Sideways,Medium_Correlation,Transition_Regime
2022-10-06,0.011239007097225688,0.034339381042232796,52922594147,Crypto,Low_Vol,Sideways,Medium_Correlation,Transition_Regime
2022-10-07,0.017676261663174705,0.03372183438773304,45817110079,Crypto,Low_Vol,Sideways,Medium_Correlation,Transition_Regime
2022-10-08,0.008538570980964234,0.02897188885469382,26531545035,Crypto,Low_Vol,Sideways,Medium_Correlation,Transition_Regime
2022-10-09,0.010082112225096045,0.02828848799864342,26633093348,Crypto,Low_Vol,Sideways,Medium_Correlation,Transition_Regime
2022-10-10,0.015826319405023187,0.02857677702305643,42340446405,Crypto,Low_Vol,Sideways,Medium_Correlation,Transition_Regime
2022-10-11,0.014103330289499111,0.0282135387162944,44211195735,Crypto,Low_Vol,Sideways,Medium_Correlation,Transition_Regime
2022-10-12,0.009275698556036492,0.023206507400461714,37634714328,Crypto,Low_Vol,Sideways,Medium_Correlation,Transition_Regime
2022-10-13,0.014811655138754834,0.021957179081944295,71286732510,Crypto,Low_Vol,Sideways,Medium_Correlation,Transition_Regime
2022-10-14,0.014663674624695217,0.02165203682140011,57973936059,Crypto,Low_Vol,Sideways,Medium_Correlation,Transition_Regime
2022-10-15,0.008026966583063396,0.02131113816539929,26569681307,Crypto,Low_Vol,Downtrend,Medium_Correlation,Bear_Market
2022-10-16,0.011237573739790726,0.020839209193308807,29397637270,Crypto,Low_Vol,Sideways,Medium_Correlation,Transition_Regime
2022-10-17,0.015232215076868788,0.021056610058658328,41639818549,Crypto,Low_Vol,Sideways,Medium_Correlation,Transition_Regime
2022-10-18,0.015092170660310364,0.021133535955103748,46198871459,Crypto,Low_Vol,Sideways,Medium_Correlation,Transition_Regime
2022-10-19,0.013876408675052049,0.021347867842436752,35720903749,Crypto,Low_Vol,Sideways,Medium_Correlation,Transition_Regime
2022-10-20,0.016667139363613574,0.02146364061822498,38960057904,Crypto,Low_Vol,Sideways,High_Correlation,Transition_Regime
2022-10-21,4064.0133516527194,234.6565051209965,48761730996,Crypto,High_Vol,Sideways,High_Correlation,Crisis_Regime
2022-10-22,0.088820152956472,234.6563135601496,26838087604,Crypto,Medium_Vol,Sideways,Medium_Correlation,Consolidation
2022-10-23,0.019339491832339656,234.65648584100865,36298582857,Crypto,Medium_Vol,Sideways,Medium_Correlation,Consolidation
2022-10-24,0.25367861800735897,234.6555486164779,48252350307,Crypto,Medium_Vol,Sideways,Medium_Correlation,Consolidation
2022-10-25,0.08994205532337021,234.66008997729517,81233202620,Crypto,Medium_Vol,Sideways,Medium_Correlation,Consolidation
2022-10-26,0.5694117767727029,234.65996500667364,100152876705,Crypto,Medium_Vol,Sideways,Medium_Correlation,Consolidation
2022-10-27,0.04575656718316757,234.66018920816674,82331983874,Crypto,Medium_Vol,Sideways,Medium_Correlation,Consolidation
2022-10-28,0.04857232356412901,234.6614386830114,73593504707,Crypto,Medium_Vol,Sideways,Medium_Correlation,Consolidation
2022-10-29,0.11270497288769672,234.66596693092086,81899277166,Crypto,Medium_Vol,Sideways,Medium_Correlation,Consolidation
2022-10-30,0.02604110664602636,234.66508931890883,59728211998,Crypto,Medium_Vol,Sideways,Medium_Correlation,Consolidation
2022-10-31,0.027408619175522494,234.6649932739256,79322472038,Crypto,Medium_Vol,Sideways,Medium_Correlation,Consolidation
2022-11-01,0.0362953645081994,234.66526769551913,68192186735,Crypto,Medium_Vol,Uptrend,Medium_Correlation,Transition_Regime
2022-11-02,0.042444792014695226,234.66674678312125,92646878865,Crypto,Medium_Vol,Uptrend,Medium_Correlation,Transition_Regime
2022-11-03,0.027902670721795326,234.66710688029323,68144784422,Crypto,Medium_Vol,Uptrend,Medium_Correlation,Transition_Regime
2022-11-04,0.04706510700181863,234.67342696717444,101963065017,Crypto,Medium_Vol,Uptrend,Medium_Correlation,Transition_Regime
2022-11-05,0.026807928382506816,234.6738048660104,61542829812,Crypto,Medium_Vol,Uptrend,Medium_Correlation,Transition_Regime
2022-11-06,0.025910548812455556,234.6760433722159,55808342751,Crypto,Medium_Vol,Uptrend,Medium_Correlation,Transition_Regime
2022-11-07,0.0480747676893203,234.6766216106717,82049160310,Crypto,Medium_Vol,Uptrend,Medium_Correlation,Transition_Regime
2022-11-08,0.047545629105692405,234.68686704477517,191150833159,Crypto,Medium_Vol,Sideways,Medium_Correlation,Consolidation
2022-11-09,0.07226742816164189,234.70171843311076,164977482322,Crypto,Medium_Vol,Sideways,Medium_Correlation,Consolidation
2022-11-10,0.07107164908802903,0.11629845031578703,131747864829,Crypto,Low_Vol,Sideways,Medium_Correlation,Transition_Regime
2022-11-11,0.026386295769367307,0.11647379335053834,88805419766,Crypto,Low_Vol,Sideways,Medium_Correlation,Transition_Regime
2022-11-12,0.04657176755549789,0.11720156221204796,48729333745,Crypto,Low_Vol,Sideways,Medium_Correlation,Transition_Regime
2022-11-13,0.023390100761990152,0.11363439359567622,44443090277,Crypto,Low_Vol,Sideways,Medium_Correlation,Transition_Regime
2022-11-14,0.029974272926087956,0.11240720323207262,74892411991,Crypto,Low_Vol,Sideways,High_Correlation,Transition_Regime
2022-11-15,0.01893645740141078,0.08288917904719509,55606086806,Crypto,Low_Vol,Sideways,Medium_Correlation,Transition_Regime
2022-11-16,0.013563199791011235,0.08224409475972151,51735086444,Crypto,Low_Vol,Downtrend,High_Correlation,Bear_Market
2022-11-17,0.030012865313682177,0.081392678639604,43279697354,Crypto,Low_Vol,Downtrend,High_Correlation,Bear_Market
2022-11-18,0.030134489002659783,0.0781481077079149,39308669411,Crypto,Low_Vol,Downtrend,High_Correlation,Bear_Market
2022-11-19,0.01057611170684418,0.07796187418523846,25620964185,Crypto,Low_Vol,Downtrend,High_Correlation,Bear_Market
2022-11-20,0.033439507491016124,0.0784408401219971,36153641210,Crypto,Low_Vol,Downtrend,High_Correlation,Bear_Market
2022-11-21,0.016727427517114223,0.07806262516848149,59030812028,Crypto,Low_Vol,Downtrend,High_Correlation,Bear_Market
2022-11-22,0.03767631561744564,0.07896731228886716,49666091724,Crypto,Low_Vol,Downtrend,High_Correlation,Bear_Market
2022-11-23,0.06392822467807485,0.081955381869226,52841746612,Crypto,Low_Vol,Downtrend,High_Correlation,Bear_Market
2022-11-24,0.20658486132880724,0.08628589543847452,42175854867,Crypto,Low_Vol,Downtrend,High_Correlation,Bear_Market
2022-11-25,0.033623401937309644,0.08639199404150828,29864963093,Crypto,Low_Vol,Downtrend,High_Correlation,Bear_Market
2022-11-26,0.019721254833059396,0.08600612346483896,28224621327,Crypto,Low_Vol,Downtrend,High_Correlation,Bear_Market
2022-11-27,0.03146574954867215,0.08568568715983377,30223174165,Crypto,Low_Vol,Sideways,High_Correlation,Transition_Regime
2022-11-28,0.02167518854687942,0.07995629656583202,41732439540,Crypto,Low_Vol,Sideways,High_Correlation,Transition_Regime
2022-11-29,0.01803600361669999,0.06620163069612675,36932507318,Crypto,Low_Vol,Sideways,High_Correlation,Transition_Regime
2022-11-30,0.02407683880188549,0.049075812021445515,45577110530,Crypto,Low_Vol,Sideways,High_Correlation,Transition_Regime
2022-12-01,0.12481500610406025,0.0502044635420452,35277374667,Crypto,Low_Vol,Sideways,Medium_Correlation,Transition_Regime
2022-12-02,0.017302870544333018,0.04830838878262818,30356181771,Crypto,Low_Vol,Sideways,Medium_Correlation,Transition_Regime
2022-12-03,0.013626489202556009,0.04769262543577915,25378302376,Crypto,Low_Vol,Sideways,Medium_Correlation,Transition_Regime
2022-12-04,0.012080971889416038,0.04700013882691274,25324888311,Crypto,Low_Vol,Sideways,Medium_Correlation,Transition_Regime
2022-12-05,0.016066475767172374,0.04671895954346257,33698756330,Crypto,Low_Vol,Sideways,Medium_Correlation,Transition_Regime
2022-12-06,0.012536936724725342,0.046343525456938726,28901960453,Crypto,Low_Vol,Sideways,Medium_Correlation,Transition_Regime
2022-12-07,0.012053800341354018,0.04677297776518797,29782231997,Crypto,Low_Vol,Sideways,Medium_Correlation,Transition_Regime
2022-12-08,0.008267263432841796,0.04650095126482793,30558702832,Crypto,Low_Vol,Sideways,Medium_Correlation,Transition_Regime
2022-12-09,0.009737370852929042,0.04668686323550678,29426126475,Crypto,Low_Vol,Sideways,Medium_Correlation,Transition_Regime
2022-12-10,0.004042989551409969,0.043422230082228744,18094005008,Crypto,Low_Vol,Sideways,Medium_Correlation,Transition_Regime
2022-12-11,0.012088022013798933,0.04309786409013463,19943963317,Crypto,Low_Vol,Sideways,Medium_Correlation,Transition_Regime
2022-12-12,0.013798424332151022,0.04107929687775052,29157265422,Crypto,Low_Vol,Sideways,Medium_Correlation,Transition_Regime
2022-12-13,0.016941341015500794,0.03740618768425312,42102137102,Crypto,Low_Vol,Sideways,Medium_Correlation,Transition_Regime
2022-12-14,0.013197055118384423,0.03118223328810666,38281450166,Crypto,Low_Vol,Sideways,Medium_Correlation,Transition_Regime
2022-12-15,0.013813505609216497,0.031328931079571076,30832206480,Crypto,Low_Vol,Sideways,Medium_Correlation,Transition_Regime
2022-12-16,0.02688072709207249,0.03798966935792554,39282099214,Crypto,Low_Vol,Downtrend,Medium_Correlation,Bear_Market
2022-12-17,0.01816743985543901,0.038177681687826835,24074654534,Crypto,Low_Vol,Downtrend,Medium_Correlation,Bear_Market
2022-12-18,0.013254925247219697,0.03780672982438242,16987423521,Crypto,Low_Vol,Downtrend,Medium_Correlation,Bear_Market
2022-12-19,0.02154555591037652,0.038139833212428316,26454138075,Crypto,Low_Vol,Downtrend,Medium_Correlation,Bear_Market
2022-12-20,0.009314013731217383,0.03719609656191244,33304768401,Crypto,Low_Vol,Sideways,Medium_Correlation,Transition_Regime
2022-12-21,0.01079988278795,0.030593248585587304,22135879511,Crypto,Low_Vol,Sideways,Medium_Correlation,Transition_Regime
2022-12-22,0.014564693951990277,0.03027817440652391,25049205946,Crypto,Low_Vol,Sideways,Medium_Correlation,Transition_Regime
2022-12-23,0.007405723558072796,0.02996516727026708,22842901165,Crypto,Low_Vol,Sideways,Medium_Correlation,Transition_Regime
2022-12-24,0.00817080891050778,0.02931586165175285,13913617937,Crypto,Low_Vol,Sideways,Medium_Correlation,Transition_Regime
2022-12-25,0.016857944797307723,0.02938962946245905,17766822385,Crypto,Low_Vol,Sideways,Medium_Correlation,Transition_Regime
2022-12-26,0.01583774743653742,0.029848834526103856,17837791741,Crypto,Low_Vol,Sideways,Medium_Correlation,Transition_Regime
2022-12-27,0.01088868592164833,0.029405264636443423,22972709960,Crypto,Low_Vol,Sideways,Medium_Correlation,Transition_Regime
2022-12-28,0.02699194337811111,0.029591668962170213,25771421920,Crypto,Low_Vol,Sideways,Medium_Correlation,Transition_Regime
2022-12-29,0.01425248385196582,0.02966403372727455,22211428082,Crypto,Low_Vol,Sideways,Medium_Correlation,Transition_Regime
2022-12-30,0.017590679020455996,0.02983769221032593,23585566504,Crypto,Low_Vol,Sideways,Medium_Correlation,Transition_Regime
2022-12-31,0.013251309564838176,0.03003972722344245,16564579401,Crypto,Low_Vol,Sideways,Medium_Correlation,Transition_Regime
2023-01-01,0.009009200858485916,0.030092630201480286,13562972827,Crypto,Low_Vol,Sideways,Medium_Correlation,Transition_Regime
2023-01-02,0.03142902716472423,0.030282379435244956,20150297208,Crypto,Low_Vol,Sideways,Medium_Correlation,Transition_Regime
2023-01-03,0.04817460331026294,0.031313044953373066,21406797915,Crypto,Low_Vol,Sideways,Medium_Correlation,Transition_Regime
2023-01-04,0.019602531731626408,0.03173868268182637,29665100017,Crypto,Low_Vol,Sideways,Medium_Correlation,Transition_Regime
2023-01-05,0.011635958946698305,0.024324385853485675,21111834199,Crypto,Low_Vol,Sideways,Medium_Correlation,Transition_Regime
2023-01-06,0.009287437281546239,0.023893669142920976,23075775344,Crypto,Low_Vol,Sideways,Medium_Correlation,Transition_Regime
2023-01-07,0.012947052178757775,0.02382919861821511,12449752275,Crypto,Low_Vol,Sideways,Medium_Correlation,Transition_Regime
2023-01-08,0.02417649059477264,0.02236993618162429,16592790613,Crypto,Low_Vol,Sideways,Medium_Correlation,Transition_Regime
2023-01-09,0.036918242672157764,0.021987844063457558,35203612436,Crypto,Low_Vol,Sideways,Medium_Correlation,Transition_Regime
2023-01-10,1.0071453311290528,0.07944715913493149,26265738403,Crypto,Low_Vol,Sideways,Medium_Correlation,Transition_Regime
2023-01-11,0.05939227749341072,0.08270285243378198,30341628334,Crypto,Low_Vol,Sideways,Medium_Correlation,Transition_Regime
2023-01-12,0.026570582074762972,0.08368848415277334,54461744603,Crypto,Low_Vol,Sideways,Medium_Correlation,Transition_Regime
2023-01-13,0.022432699919907907,0.08442008658779555,42925381489,Crypto,Low_Vol,Sideways,Medium_Correlation,Transition_Regime
2023-01-14,0.19686300581499838,0.08900174724236577,67300248718,Crypto,Low_Vol,Uptrend,Medium_Correlation,Bull_Market
2023-01-15,0.021110468657919317,0.08941375944542722,32508341863,Crypto,Low_Vol,Uptrend,Medium_Correlation,Bull_Market
2023-01-16,0.01947542369179777,0.08919705886252506,42651136657,Crypto,Low_Vol,Uptrend,Medium_Correlation,Bull_Market
2023-01-17,0.017013287426917163,0.08749489633690716,38395205075,Crypto,Low_Vol,Uptrend,Medium_Correlation,Bull_Market
2023-01-18,0.022819314647656075,0.09079782695504178,48611094788,Crypto,Low_Vol,Uptrend,Medium_Correlation,Bull_Market
2023-01-19,0.007613706422683678,0.09058922134838784,32212352320,Crypto,Low_Vol,Uptrend,Medium_Correlation,Bull_Market
2023-01-20,0.03558703002178763,0.09318478457570611,43464400546,Crypto,Low_Vol,Uptrend,Medium_Correlation,Bull_Market
2023-01-21,0.016205227752530537,0.09384628139380598,49113215648,Crypto,Low_Vol,Uptrend,Medium_Correlation,Bull_Market
2023-01-22,0.016567674846469274,0.09378285397005434,38551105246,Crypto,Low_Vol,Uptrend,Medium_Correlation,Bull_Market
2023-01-23,0.020972742259696774,0.09360032105307345,42066848007,Crypto,Low_Vol,Uptrend,Medium_Correlation,Bull_Market
2023-01-24,0.016408148285200534,0.0955088549683079,40947366753,Crypto,Low_Vol,Uptrend,Medium_Correlation,Bull_Market
2023-01-25,0.014375648681556033,0.09530236144942375,47467278144,Crypto,Low_Vol,Uptrend,Medium_Correlation,Bull_Market
2023-01-26,0.04362912413758356,0.0959935767774883,40840414324,Crypto,Low_Vol,Uptrend,Medium_Correlation,Bull_Market
2023-01-27,0.04318906013433505,0.09639587137968052,39311889903,Crypto,Low_Vol,Uptrend,Medium_Correlation,Bull_Market
2023-01-28,0.012683492262643545,0.0965242422779977,25357269530,Crypto,Low_Vol,Uptrend,Medium_Correlation,Bull_Market
2023-01-29,0.018635964188179827,0.09634689598121847,42300881134,Crypto,Low_Vol,Uptrend,Medium_Correlation,Bull_Market
2023-01-30,0.019320892820531222,0.04980570511166306,43408735415,Crypto,Low_Vol,Uptrend,Medium_Correlation,Bull_Market
2023-01-31,0.022222931095429943,0.04844791385044224,35832595313,Crypto,Low_Vol,Uptrend,High_Correlation,Bull_Market
2023-02-01,0.023062430612931315,0.04838490736284289,42145282112,Crypto,Low_Vol,Uptrend,High_Correlation,Bull_Market
2023-02-02,0.015750909581945083,0.047918026998312185,50354161744,Crypto,Low_Vol,Uptrend,High_Correlation,Bull_Market
2023-02-03,0.02261726871170702,0.03714617677545181,41277352650,Crypto,Low_Vol,Uptrend,High_Correlation,Bull_Market
2023-02-04,0.012073721930686948,0.036931237091147984,26035804546,Crypto,Low_Vol,Uptrend,Medium_Correlation,Bull_Market
2023-02-05,0.01040269269850613,0.037535904241487075,31673875140,Crypto,Low_Vol,Sideways,Medium_Correlation,Transition_Regime
2023-02-06,0.009191661501097355,0.037729282991453644,35251723412,Crypto,Low_Vol,Sideways,Medium_Correlation,Transition_Regime
2023-02-07,0.02064874759096904,0.036506583125826414,40812467323,Crypto,Low_Vol,Sideways,Medium_Correlation,Transition_Regime
2023-02-08,0.020602836400746432,0.036772459264948924,38714136328,Crypto,Low_Vol,Sideways,Medium_Correlation,Transition_Regime
2023-02-09,0.030140118918578755,0.03676191531771087,52064142268,Crypto,Low_Vol,Sideways,Medium_Correlation,Transition_Regime
2023-02-10,0.008762932441089126,0.03655444760426228,41327488119,Crypto,Low_Vol,Sideways,Medium_Correlation,Transition_Regime
2023-02-11,0.008604575513301967,0.0365749642948596,24530628566,Crypto,Low_Vol,Sideways,Medium_Correlation,Transition_Regime
2023-02-12,0.015842723486209916,0.036193516552146573,27205371695,Crypto,Low_Vol,Sideways,Medium_Correlation,Transition_Regime
2023-02-13,0.01776425303780368,0.03529844476497452,40210812343,Crypto,Low_Vol,Sideways,Medium_Correlation,Transition_Regime
2023-02-14,0.01884033584434622,0.035242888428229695,41930809254,Crypto,Low_Vol,Sideways,Medium_Correlation,Transition_Regime
2023-02-15,0.014826310632216216,0.0380919019192045,48888576602,Crypto,Low_Vol,Uptrend,Medium_Correlation,Bull_Market
2023-02-16,0.024609586372425128,0.0384288332197087,60141478036,Crypto,Low_Vol,Uptrend,Medium_Correlation,Bull_Market
2023-02-17,0.0364802505128888,0.04057216677343394,58305702384,Crypto,Low_Vol,Uptrend,Medium_Correlation,Bull_Market
2023-02-18,0.015064654398634999,0.03984412966293365,30369584861,Crypto,Low_Vol,Uptrend,Medium_Correlation,Bull_Market
2023-02-19,0.3871357208579713,0.058176020460369446,38825285682,Crypto,Low_Vol,Uptrend,Medium_Correlation,Bull_Market
2023-02-20,0.11271644111066352,0.058742153650370534,44398371229,Crypto,Low_Vol,Uptrend,Medium_Correlation,Bull_Market
2023-02-21,0.02777733042026744,0.05884143303587164,46743570711,Crypto,Low_Vol,Uptrend,Medium_Correlation,Bull_Market
2023-02-22,0.03028824406283877,0.05902012945644504,46299523686,Crypto,Low_Vol,Uptrend,Medium_Correlation,Bull_Market
2023-02-23,0.01425239656368308,0.0586989380547667,44728543583,Crypto,Low_Vol,Uptrend,Medium_Correlation,Bull_Market
2023-02-24,0.015755699102675533,0.059845212317179784,41257174046,Crypto,Low_Vol,Sideways,Medium_Correlation,Transition_Regime
2023-02-25,0.011150299439876025,0.05941682082426874,25715798539,Crypto,Low_Vol,Sideways,Medium_Correlation,Transition_Regime
2023-02-26,0.0075292510291696275,0.05947701536444205,25565806012,Crypto,Low_Vol,Sideways,Medium_Correlation,Transition_Regime
2023-02-27,0.011122038924896662,0.058054559335605646,34324065340,Crypto,Low_Vol,Sideways,Medium_Correlation,Transition_Regime
2023-02-28,0.014144509580085344,0.05806393837348873,31073462936,Crypto,Low_Vol,Sideways,Medium_Correlation,Transition_Regime
2023-03-01,0.012131318647025107,0.054633950330459286,36463674085,Crypto,Low_Vol,Sideways,Medium_Correlation,Transition_Regime
2023-03-02,0.00930224669034331,0.054922910327640816,31137691627,Crypto,Low_Vol,Sideways,Medium_Correlation,Transition_Regime
2023-03-03,0.013674824548767145,0.05599340812252877,41424830404,Crypto,Low_Vol,Sideways,Medium_Correlation,Transition_Regime
2023-03-04,0.012266371098609686,0.05598078188866795,18486719152,Crypto,Low_Vol,Sideways,Medium_Correlation,Transition_Regime
2023-03-05,0.007520529140625335,0.05564933847928654,21107427217,Crypto,Low_Vol,Sideways,Medium_Correlation,Transition_Regime
2023-03-06,0.012016455024788594,0.05466072138612888,26577722233,Crypto,Low_Vol,Sideways,Medium_Correlation,Transition_Regime
2023-03-07,0.07024710144386535,0.0501978799548446,34405871636,Crypto,Low_Vol,Sideways,Medium_Correlation,Transition_Regime
2023-03-08,0.029396058187269633,0.050126290565676156,35300263433,Crypto,Low_Vol,Sideways,Medium_Correlation,Transition_Regime
2023-03-09,0.014977703976639846,0.04806131207824666,46274741273,Crypto,Low_Vol,Sideways,Medium_Correlation,Transition_Regime
2023-03-10,0.029001435311324614,0.0485574446294587,59372023055,Crypto,Low_Vol,Sideways,Medium_Correlation,Transition_Regime
2023-03-11,0.018652773415499646,0.03291681082898081,51245314093,Crypto,Low_Vol,Sideways,Medium_Correlation,Transition_Regime
2023-03-12,0.024260242630437148,0.03414869951440843,46278986079,Crypto,Low_Vol,Downtrend,Medium_Correlation,Bear_Market
2023-03-13,0.0279287885146376,0.036144965419321884,73787321528,Crypto,Low_Vol,Sideways,Medium_Correlation,Transition_Regime
2023-03-14,0.014488669784657269,0.03647659745953184,79094111651,Crypto,Low_Vol,Sideways,Medium_Correlation,Transition_Regime
2023-03-15,0.0281998717616703,0.038399316775419225,62934689617,Crypto,Low_Vol,Sideways,Medium_Correlation,Transition_Regime
2023-03-16,0.016379615354022038,0.03824252304558456,48276906068,Crypto,Low_Vol,Sideways,Medium_Correlation,Transition_Regime
2023-03-17,0.022418293254454883,0.042255201977388274,69045478366,Crypto,Low_Vol,Sideways,Medium_Correlation,Transition_Regime
2023-03-18,0.012568992576975907,0.04263905552480842,51672295995,Crypto,Low_Vol,Sideways,Medium_Correlation,Transition_Regime
2023-03-19,0.011535987249478099,0.043016608242059585,51703219270,Crypto,Low_Vol,Sideways,Medium_Correlation,Transition_Regime
2023-03-20,0.023619371471251142,0.04356506485006126,61850467694,Crypto,Low_Vol,Sideways,Medium_Correlation,Transition_Regime
2023-03-21,0.060536402513916315,0.04723780217796139,55937395396,Crypto,Low_Vol,Uptrend,Medium_Correlation,Bull_Market
2023-03-22,0.031515681347112634,0.04833076334602309,55917099020,Crypto,Low_Vol,Uptrend,Medium_Correlation,Bull_Market
2023-03-23,0.014577330706557218,0.048154610543780646,42059745726,Crypto,Low_Vol,Uptrend,Medium_Correlation,Bull_Market
2023-03-24,0.015367442756471008,0.04892349760194559,42196853278,Crypto,Low_Vol,Uptrend,Medium_Correlation,Bull_Market
2023-03-25,0.0168466783298075,0.049023431785361164,24513041830,Crypto,Low_Vol,Uptrend,Medium_Correlation,Bull_Market
2023-03-26,0.007996148535963725,0.0490748107967951,24329026484,Crypto,Low_Vol,Uptrend,Medium_Correlation,Bull_Market
2023-03-27,0.030185656946181205,0.047774827736952324,32975736221,Crypto,Low_Vol,Uptrend,Medium_Correlation,Bull_Market
2023-03-28,0.02255199853665392,0.04668246040556265,32320362384,Crypto,Low_Vol,Uptrend,Medium_Correlation,Bull_Market
2023-03-29,0.0367641387290629,0.04548125833764116,37673976148,Crypto,Low_Vol,Uptrend,Medium_Correlation,Bull_Market
2023-03-30,0.012323754216958367,0.045429484298693965,38595543656,Crypto,Low_Vol,Uptrend,Medium_Correlation,Bull_Market
2023-03-31,0.0169163844870762,0.045495419262177636,33549076777,Crypto,Low_Vol,Uptrend,Medium_Correlation,Bull_Market
2023-04-01,0.031273090539908434,0.04322038926706339,21562242982,Crypto,Low_Vol,Uptrend,Medium_Correlation,Bull_Market
2023-04-02,0.20807865018550742,0.052564105559909625,23262419589,Crypto,Low_Vol,Uptrend,Medium_Correlation,Bull_Market
2023-04-03,0.05873789740016776,0.05381779653306317,38093139246,Crypto,Low_Vol,Sideways,Medium_Correlation,Transition_Regime
2023-04-04,0.014591295821254884,0.05145324859754346,32835248910,Crypto,Low_Vol,Sideways,Medium_Correlation,Transition_Regime
2023-04-05,0.01186708192332104,0.05089457150056463,33300625385,Crypto,Low_Vol,Sideways,Medium_Correlation,Transition_Regime
2023-04-06,0.018599654224346115,0.04726728925461885,26912033281,Crypto,Low_Vol,Sideways,Medium_Correlation,Transition_Regime
2023-04-07,0.013058697829813842,0.046520691216908834,23135371853,Crypto,Low_Vol,Sideways,Medium_Correlation,Transition_Regime
2023-04-08,0.007577192312815643,0.04605496626175758,17246688017,Crypto,Low_Vol,Sideways,Medium_Correlation,Transition_Regime
2023-04-09,0.006471257241641235,0.04476598038553132,21305537023,Crypto,Low_Vol,Sideways,Medium_Correlation,Transition_Regime
2023-04-10,0.011104491691493242,0.041618171028269244,31440349376,Crypto,Low_Vol,Uptrend,Medium_Correlation,Bull_Market
2023-04-11,0.027089499607872037,0.04009802138907093,34743119357,Crypto,Low_Vol,Uptrend,Medium_Correlation,Bull_Market
2023-04-12,0.01723463285571758,0.038773406076408695,35105175107,Crypto,Low_Vol,Uptrend,Medium_Correlation,Bull_Market
2023-04-13,0.01364992236640469,0.03771691230898074,35458586981,Crypto,Low_Vol,Uptrend,Medium_Correlation,Bull_Market
2023-04-14,0.012114882130344165,0.03769627911998546,46779787538,Crypto,Low_Vol,Uptrend,Medium_Correlation,Bull_Market
2023-04-15,0.016404586769968015,0.037701550647989406,24413674137,Crypto,Low_Vol,Uptrend,Medium_Correlation,Bull_Market
2023-04-16,0.01987394630253919,0.03571245647014,25702244030,Crypto,Low_Vol,Uptrend,Medium_Correlation,Bull_Market
2023-04-17,0.02307072336041351,0.03598282031892183,34449470852,Crypto,Low_Vol,Uptrend,Medium_Correlation,Bull_Market
2023-04-18,0.012831703485143224,0.034421576280695955,34465923570,Crypto,Low_Vol,Uptrend,Medium_Correlation,Bull_Market
2023-04-19,0.018993430237443997,0.04098833881226971,46843361459,Crypto,Low_Vol,Sideways,Medium_Correlation,Transition_Regime
2023-04-20,0.014224509870940589,0.041041266261935744,40180057150,Crypto,Low_Vol,Sideways,Medium_Correlation,Transition_Regime
2023-04-21,0.01986526251904097,0.042043444155499855,39175828896,Crypto,Low_Vol,Sideways,Medium_Correlation,Transition_Regime
2023-04-22,0.010698671709744121,0.03190144601078272,23918962977,Crypto,Low_Vol,Sideways,Medium_Correlation,Transition_Regime
2023-04-23,0.0064342814106716105,0.02995665444251631,23081409778,Crypto,Low_Vol,Sideways,Medium_Correlation,Transition_Regime
2023-04-24,0.008168113736280031,0.029643288286617043,30769374283,Crypto,Low_Vol,Sideways,Medium_Correlation,Transition_Regime
2023-04-25,0.008847034175304774,0.03007732171949624,31004590324,Crypto,Low_Vol,Sideways,Medium_Correlation,Transition_Regime
2023-04-26,0.01670550601550175,0.029976839556927964,53186510981,Crypto,Low_Vol,Sideways,Medium_Correlation,Transition_Regime
2023-04-27,0.01356476368528887,0.030373683651930085,47329288141,Crypto,Low_Vol,Sideways,Medium_Correlation,Transition_Regime
2023-04-28,0.017464135840401754,0.030512434325453974,29945073981,Crypto,Low_Vol,Sideways,Medium_Correlation,Transition_Regime
2023-04-29,0.00975733493384417,0.030512518203600746,18559941987,Crypto,Low_Vol,Sideways,Medium_Correlation,Transition_Regime
2023-04-30,0.018076068338270065,0.030137729494339904,24723131981,Crypto,Low_Vol,Sideways,Medium_Correlation,Transition_Regime
2023-05-01,0.01011558857914814,0.03011719066759889,31660883312,Crypto,Low_Vol,Sideways,Medium_Correlation,Transition_Regime
2023-05-02,0.011558576683638886,0.030262833190742616,27538777551,Crypto,Low_Vol,Sideways,Medium_Correlation,Transition_Regime
2023-05-03,0.008664009407102194,0.029611434900884467,31855288598,Crypto,Low_Vol,Sideways,Medium_Correlation,Transition_Regime
2023-05-04,0.0071173104630207025,0.0290676499566012,25156404082,Crypto,Low_Vol,Sideways,Medium_Correlation,Transition_Regime
2023-05-05,0.014918214832512856,0.029812800600718184,31178406399,Crypto,Low_Vol,Uptrend,Medium_Correlation,Bull_Market
2023-05-06,0.013108932581477986,0.029794091237084135,29074596380,Crypto,Low_Vol,Sideways,Medium_Correlation,Transition_Regime
2023-05-07,0.005854508004625779,0.029112627364905407,20780752791,Crypto,Low_Vol,Sideways,Medium_Correlation,Transition_Regime
2023-05-08,0.0170342869456911,0.029283284088227012,34371782924,Crypto,Low_Vol,Sideways,Medium_Correlation,Transition_Regime
2023-05-09,0.027298008851664377,0.025168040567481613,23884683053,Crypto,Low_Vol,Sideways,Medium_Correlation,Transition_Regime
2023-05-10,0.01761204882113834,0.024985235677950135,35318331293,Crypto,Low_Vol,Sideways,Medium_Correlation,Transition_Regime
2023-05-11,0.010354122999020903,0.023722600689743776,29031771736,Crypto,Low_Vol,Sideways,Medium_Correlation,Transition_Regime
2023-05-12,0.015028984418382671,0.023306758108139796,32640160960,Crypto,Low_Vol,Sideways,Medium_Correlation,Transition_Regime
2023-05-13,0.008363963963474268,0.02326240570251823,16897302491,Crypto,Low_Vol,Sideways,Medium_Correlation,Transition_Regime
2023-05-14,0.009933680164342196,0.02344987114663514,16989344189,Crypto,Low_Vol,Sideways,Medium_Correlation,Transition_Regime
2023-05-15,0.012646819682464958,0.02289041036215256,24716639667,Crypto,Low_Vol,Sideways,Medium_Correlation,Transition_Regime
2023-05-16,0.015227192458416748,0.022684365119473717,21965864502,Crypto,Low_Vol,Downtrend,Medium_Correlation,Bear_Market
2023-05-17,0.013022898202962005,0.022496180950260215,26318235846,Crypto,Low_Vol,Downtrend,Medium_Correlation,Bear_Market
2023-05-18,0.01597546326654169,0.02274733925688693,24898747288,Crypto,Low_Vol,Downtrend,Medium_Correlation,Bear_Market
2023-05-19,0.006954697319477108,0.022677797795434464,19133602395,Crypto,Low_Vol,Downtrend,Medium_Correlation,Bear_Market
2023-05-20,0.004805654287445058,0.02223125542677922,11927456805,Crypto,Low_Vol,Downtrend,Medium_Correlation,Bear_Market
2023-05-21,0.008055582797098046,0.021698621927948948,14254273187,Crypto,Low_Vol,Downtrend,Medium_Correlation,Bear_Market
2023-05-22,0.010370935947919558,0.021528901792273618,18562596018,Crypto,Low_Vol,Downtrend,Medium_Correlation,Bear_Market
2023-05-23,0.008508607818774572,0.021511100859609427,23313538649,Crypto,Low_Vol,Sideways,Medium_Correlation,Transition_Regime
2023-05-24,0.011754230428593922,0.02246028523580406,27120588368,Crypto,Low_Vol,Downtrend,Medium_Correlation,Bear_Market
2023-05-25,0.010515761525904293,0.021077453511144036,23184171459,Crypto,Low_Vol,Downtrend,Medium_Correlation,Bear_Market
2023-05-26,0.009173211011808924,0.020233640351593273,21509818230,Crypto,Low_Vol,Sideways,Medium_Correlation,Transition_Regime
2023-05-27,0.01346059276066991,0.020594025890599176,13411761349,Crypto,Low_Vol,Sideways,Medium_Correlation,Transition_Regime
2023-05-28,0.011161963253783774,0.019350889533036954,23784044060,Crypto,Low_Vol,Sideways,Medium_Correlation,Transition_Regime
2023-05-29,0.012743998374309323,0.018846466552311356,24423133853,Crypto,Low_Vol,Sideways,Medium_Correlation,Transition_Regime
2023-05-30,0.017878896664944167,0.018712327113490267,23166120006,Crypto,Low_Vol,Sideways,Medium_Correlation,Transition_Regime
2023-05-31,0.005949155789153537,0.018011235932070904,25620244733,Crypto,Low_Vol,Sideways,Medium_Correlation,Transition_Regime
2023-06-01,0.015541223230041168,0.017890916297366374,23995505699,Crypto,Low_Vol,Sideways,Medium_Correlation,Transition_Regime
2023-06-02,0.009430104453419774,0.01833564999680047,24256222543,Crypto,Low_Vol,Sideways,Medium_Correlation,Transition_Regime
2023-06-03,0.0060815867172019575,0.018257238310843808,14132235964,Crypto,Low_Vol,Sideways,Medium_Correlation,Transition_Regime
2023-06-04,0.01321783717683664,0.018195210983256153,15912306734,Crypto,Low_Vol,Sideways,Medium_Correlation,Transition_Regime
2023-06-05,0.01638157740990104,0.023335498038216936,37179319621,Crypto,Low_Vol,Downtrend,Medium_Correlation,Bear_Market
2023-06-06,0.023749362202778315,0.02447211386717337,35805367520,Crypto,Low_Vol,Sideways,Medium_Correlation,Transition_Regime
2023-06-07,0.0251018095277355,0.02673301235074046,32646123647,Crypto,Low_Vol,Downtrend,Medium_Correlation,Bear_Market
2023-06-08,0.009352321283479273,0.026831273262169393,19700251108,Crypto,Low_Vol,Sideways,Medium_Correlation,Transition_Regime
2023-06-09,0.035124036144643815,0.02769234822972216,19813623413,Crypto,Low_Vol,Sideways,Medium_Correlation,Transition_Regime
2023-06-10,0.042102513265792445,0.03428323993831808,41223709065,Crypto,Low_Vol,Downtrend,Medium_Correlation,Bear_Market
2023-06-11,0.01461421436524215,0.034178051481494484,19152686056,Crypto,Low_Vol,Downtrend,Medium_Correlation,Bear_Market
2023-06-12,0.010561949068200585,0.03396857469404526,22317993583,Crypto,Low_Vol,Downtrend,Medium_Correlation,Bear_Market
2023-06-13,0.01770949345990048,0.03382374165285588,26073582674,Crypto,Low_Vol,Downtrend,Medium_Correlation,Bear_Market
2023-06-14,0.019123341447303713,0.034740283658103985,26393775482,Crypto,Low_Vol,Downtrend,Medium_Correlation,Bear_Market
2023-06-15,0.021937240606163512,0.034805396153444274,27201729585,Crypto,Low_Vol,Downtrend,Medium_Correlation,Bear_Market
2023-06-16,0.01464772965214168,0.035012884149914984,26097699669,Crypto,Low_Vol,Sideways,Medium_Correlation,Transition_Regime
2023-06-17,0.013156566236885589,0.03423156286132411,18641235568,Crypto,Low_Vol,Sideways,Medium_Correlation,Transition_Regime
2023-06-18,0.013558833464105515,0.034221851995221,15948159764,Crypto,Low_Vol,Sideways,Medium_Correlation,Transition_Regime
2023-06-19,0.013279603763082862,0.03428169820584255,20637050978,Crypto,Low_Vol,Sideways,Medium_Correlation,Transition_Regime
2023-06-20,0.016113149569169784,0.03560544947679167,32810859873,Crypto,Low_Vol,Sideways,Medium_Correlation,Transition_Regime
2023-06-21,0.05244025198186189,0.03952629049254965,50568862221,Crypto,Low_Vol,Sideways,Medium_Correlation,Transition_Regime
2023-06-22,0.014073708555962967,0.03914576276474192,34380395543,Crypto,Low_Vol,Sideways,Medium_Correlation,Transition_Regime
2023-06-23,0.08591837214521249,0.04304845888631525,37800415974,Crypto,Low_Vol,Sideways,Low_Correlation,Transition_Regime
2023-06-24,0.05091168403811327,0.04335385483950846,22044774503,Crypto,Low_Vol,Sideways,Low_Correlation,Transition_Regime
2023-06-25,0.029058624137642233,0.041153708581367715,23716969777,Crypto,Low_Vol,Sideways,Low_Correlation,Transition_Regime
2023-06-26,0.34531825423745105,0.0585232914453286,30064598220,Crypto,Low_Vol,Sideways,Medium_Correlation,Transition_Regime
2023-06-27,0.01146675814494014,0.05669731741176885,28277931571,Crypto,Low_Vol,Uptrend,Medium_Correlation,Bull_Market
2023-06-28,0.019111266815098307,0.05810648252408775,26524158919,Crypto,Low_Vol,Uptrend,Medium_Correlation,Bull_Market
2023-06-29,0.038226648905651923,0.058260424277758495,23295593801,Crypto,Low_Vol,Uptrend,Medium_Correlation,Bull_Market
2023-06-30,0.07720716315879961,0.0547576805675978,51333837998,Crypto,Low_Vol,Uptrend,Medium_Correlation,Bull_Market
2023-07-01,0.02416966846001031,0.054984997502772116,20707884693,Crypto,Low_Vol,Uptrend,Medium_Correlation,Bull_Market
2023-07-02,0.021285868794639947,0.0550222472380194,23681652206,Crypto,Low_Vol,Uptrend,Medium_Correlation,Bull_Market
2023-07-03,0.02552214639874803,0.05516701733505737,28509208394,Crypto,Low_Vol,Uptrend,Medium_Correlation,Bull_Market
2023-07-04,0.014489616220815425,0.05390323129833335,22958495162,Crypto,Low_Vol,Uptrend,Medium_Correlation,Bull_Market
2023-07-05,0.011072399919049942,0.05437004790924713,23531152196,Crypto,Low_Vol,Uptrend,Medium_Correlation,Bull_Market
2023-07-06,0.025963257952632744,0.055284305055264486,36553773393,Crypto,Low_Vol,Sideways,Low_Correlation,Transition_Regime
2023-07-07,0.021369994985388028,0.05540987338074646,24432681079,Crypto,Low_Vol,Sideways,Low_Correlation,Transition_Regime
2023-07-08,0.02078536635758228,0.055376135877051105,15186089762,Crypto,Low_Vol,Sideways,Low_Correlation,Transition_Regime
2023-07-09,0.01037777926419721,0.05552806994524535,15122135023,Crypto,Low_Vol,Sideways,Low_Correlation,Transition_Regime
2023-07-10,0.022172886775576613,0.05534915698916564,26470850921,Crypto,Low_Vol,Sideways,Low_Correlation,Transition_Regime
2023-07-11,0.011992912628260865,0.0531695841585067,20654005972,Crypto,Low_Vol,Sideways,Low_Correlation,Transition_Regime
2023-07-12,0.013506984026285775,0.05301463083066649,25142592369,Crypto,Low_Vol,Sideways,Low_Correlation,Transition_Regime
2023-07-13,0.1776630739036174,0.06777257015492087,53174834575,Crypto,Low_Vol,Uptrend,Low_Correlation,Bull_Market
2023-07-14,0.038912512764633284,0.06826699955496006,46587829530,Crypto,Low_Vol,Sideways,Medium_Correlation,Transition_Regime
2023-07-15,0.01974399795482173,0.06809175029614732,20228403048,Crypto,Low_Vol,Sideways,Medium_Correlation,Transition_Regime
2023-07-16,0.025128788478606064,0.04905099157631085,20242119380,Crypto,Low_Vol,Sideways,Medium_Correlation,Transition_Regime
2023-07-17,0.02723772985888194,0.04938433286910783,26954972792,Crypto,Low_Vol,Sideways,Medium_Correlation,Transition_Regime
2023-07-18,0.027655582035765208,0.04835047324142271,25544661693,Crypto,Low_Vol,Sideways,Medium_Correlation,Transition_Regime
2023-07-19,0.25615484222903306,0.061548818199335525,25687952400,Crypto,Low_Vol,Sideways,Medium_Correlation,Transition_Regime
2023-07-20,0.05682242154657439,0.05790572445916114,29920726408,Crypto,Low_Vol,Sideways,Medium_Correlation,Transition_Regime
2023-07-21,0.13092016533965742,0.059816621488899144,21152536893,Crypto,Low_Vol,Sideways,Medium_Correlation,Transition_Regime
2023-07-22,0.01467675940289602,0.05998146231702261,16258710469,Crypto,Low_Vol,Sideways,Medium_Correlation,Transition_Regime
2023-07-23,0.009911157080161602,0.05990921933165212,17628536582,Crypto,Low_Vol,Sideways,Medium_Correlation,Transition_Regime
2023-07-24,0.021730176443550325,0.060585874585565226,28393340153,Crypto,Low_Vol,Sideways,Medium_Correlation,Transition_Regime
2023-07-25,0.02935100499093694,0.060755684805972515,19943013550,Crypto,Low_Vol,Sideways,Medium_Correlation,Transition_Regime
2023-07-26,0.027091176268825443,0.060239363879064596,24712987481,Crypto,Low_Vol,Sideways,Medium_Correlation,Transition_Regime
2023-07-27,0.010236779350811112,0.05994185953410678,19608810631,Crypto,Low_Vol,Sideways,Medium_Correlation,Transition_Regime
2023-07-28,0.8315209356817678,0.09320910686430214,18457691229,Crypto,Low_Vol,Sideways,Medium_Correlation,Transition_Regime
2023-07-29,0.018762192153781616,0.09320709904462099,11880051951,Crypto,Low_Vol,Sideways,Medium_Correlation,Transition_Regime
2023-07-30,0.02021419593130364,0.09310629131496556,17231840099,Crypto,Low_Vol,Sideways,Medium_Correlation,Transition_Regime
2023-07-31,0.009386852884254325,0.09317941647918664,21108439294,Crypto,Low_Vol,Sideways,Medium_Correlation,Transition_Regime
2023-08-01,0.00912840500119728,0.09310860640842565,31086818574,Crypto,Low_Vol,Sideways,Medium_Correlation,Transition_Regime
2023-08-02,0.015427921144586626,0.07611068810540902,30426489503,Crypto,Low_Vol,Sideways,Medium_Correlation,Transition_Regime
2023-08-03,0.015492232725193109,0.07387942607748633,22008759179,Crypto,Low_Vol,Sideways,Medium_Correlation,Transition_Regime
2023-08-04,0.011779681925485369,0.073690239073073,20951859082,Crypto,Low_Vol,Sideways,Medium_Correlation,Transition_Regime
2023-08-05,0.009923512284435079,0.07300178933740417,12712135469,Crypto,Low_Vol,Sideways,Medium_Correlation,Transition_Regime
2023-08-06,0.014226761795325423,0.07277574526935071,13247108156,Crypto,Low_Vol,Sideways,Medium_Correlation,Transition_Regime
2023-08-07,0.020412159283423947,0.07205341404621067,24128196144,Crypto,Low_Vol,Sideways,Medium_Correlation,Transition_Regime
2023-08-08,0.010000358994353985,0.07050173554692316,28117114774,Crypto,Low_Vol,Sideways,Medium_Correlation,Transition_Regime
2023-08-09,0.01010576931123356,0.06842223931970483,30243498535,Crypto,Low_Vol,Sideways,Medium_Correlation,Transition_Regime
2023-08-10,0.009004963539347917,0.06727871647238391,19243521901,Crypto,Low_Vol,Sideways,Medium_Correlation,Transition_Regime
2023-08-11,0.005506594402425363,0.06652749242659825,16394383077,Crypto,Low_Vol,Sideways,Medium_Correlation,Transition_Regime
2023-08-12,0.2252421218982608,0.06855094139761891,10689669792,Crypto,Low_Vol,Sideways,Medium_Correlation,Transition_Regime
2023-08-13,0.009565775435852374,0.06679586652440793,12915032238,Crypto,Low_Vol,Sideways,Medium_Correlation,Transition_Regime
2023-08-14,0.01076901711527833,0.0660576461742219,21306533634,Crypto,Low_Vol,Sideways,Medium_Correlation,Transition_Regime
2023-08-15,0.019466340929184867,0.06696524059599403,21384211781,Crypto,Low_Vol,Sideways,Medium_Correlation,Transition_Regime
2023-08-16,0.021075366216089485,0.0684890149866572,25005257101,Crypto,Low_Vol,Downtrend,Medium_Correlation,Bear_Market
2023-08-17,0.026412519032317526,0.03725018369127675,52624931757,Crypto,Low_Vol,Downtrend,Medium_Correlation,Bear_Market
2023-08-18,0.019631427800950573,0.037350210059712105,39272642631,Crypto,Low_Vol,Downtrend,Medium_Correlation,Bear_Market
2023-08-19,0.009387490843565686,0.03734469587838659,18691047129,Crypto,Low_Vol,Downtrend,Medium_Correlation,Bear_Market
2023-08-20,0.010263803546597845,0.03759327907716456,16367232448,Crypto,Low_Vol,Downtrend,Medium_Correlation,Bear_Market
2023-08-21,0.017692187757150032,0.037503301920661876,22580293881,Crypto,Low_Vol,Downtrend,Medium_Correlation,Bear_Market
2023-08-22,0.011626023592888345,0.03689305368077847,25820008552,Crypto,Low_Vol,Downtrend,Medium_Correlation,Bear_Market
2023-08-23,0.01349999583582836,0.037890482086394485,27838493640,Crypto,Low_Vol,Downtrend,Medium_Correlation,Bear_Market
2023-08-24,0.012676661577948087,0.03799772175176725,20914315147,Crypto,Low_Vol,Downtrend,Medium_Correlation,Bear_Market
2023-08-25,0.05165361542726889,0.038412145690799746,21083946258,Crypto,Low_Vol,Downtrend,Medium_Correlation,Bear_Market
2023-08-26,0.005189072838007557,0.038267336504270916,10402663378,Crypto,Low_Vol,Downtrend,Medium_Correlation,Bear_Market
2023-08-27,0.011404882396959576,0.03818112310510742,11741816162,Crypto,Low_Vol,Downtrend,Medium_Correlation,Bear_Market
2023-08-28,0.015449824035602518,0.03757606453881739,18617372550,Crypto,Low_Vol,Downtrend,Medium_Correlation,Bear_Market
2023-08-29,0.0375681657019635,0.04096929879299131,46013314286,Crypto,Low_Vol,Sideways,Medium_Correlation,Transition_Regime
2023-08-30,0.011711898137375902,0.04133689226163102,24697891669,Crypto,Low_Vol,Sideways,High_Correlation,Transition_Regime
2023-08-31,0.012038350188057616,0.04235700017814037,30697985787,Crypto,Low_Vol,Downtrend,High_Correlation,Bear_Market
2023-09-01,0.011414121075553577,0.03220853723488599,26750836403,Crypto,Low_Vol,Downtrend,High_Correlation,Bear_Market
2023-09-02,0.011240470013242132,0.032391919378186945,15367463226,Crypto,Low_Vol,Downtrend,High_Correlation,Bear_Market
2023-09-03,0.005619441279683461,0.03225985162323874,14214606596,Crypto,Low_Vol,Downtrend,High_Correlation,Bear_Market
2023-09-04,0.008049468970030522,0.03148320207225105,17222944195,Crypto,Low_Vol,Downtrend,High_Correlation,Bear_Market
2023-09-05,0.012575327518174565,0.03067266812929771,18170141209,Crypto,Low_Vol,Sideways,High_Correlation,Transition_Regime
2023-09-06,0.01143015381780153,0.024056872542978797,20512008047,Crypto,Low_Vol,Sideways,Medium_Correlation,Transition_Regime
2023-09-07,0.01056351102474579,0.02382778714578139,18527979174,Crypto,Low_Vol,Sideways,Medium_Correlation,Transition_Regime
2023-09-08,0.006685835248310408,0.02381833992535782,17836548808,Crypto,Low_Vol,Sideways,Medium_Correlation,Transition_Regime
2023-09-09,0.006763462923491552,0.023645573453801368,8974126837,Crypto,Low_Vol,Sideways,Medium_Correlation,Transition_Regime
2023-09-10,0.0157146097508866,0.023666257241040933,14923775454,Crypto,Low_Vol,Sideways,Medium_Correlation,Transition_Regime
2023-09-11,0.00812377632511567,0.0246400015645671,25979071238,Crypto,Low_Vol,Downtrend,Medium_Correlation,Bear_Market
2023-09-12,0.01943104400487559,0.024238731478278583,28904177469,Crypto,Low_Vol,Sideways,Medium_Correlation,Transition_Regime
2023-09-13,0.00801562986195632,0.024266393073628836,21055768752,Crypto,Low_Vol,Sideways,Medium_Correlation,Transition_Regime
2023-09-14,0.009361919022057035,0.022686116655087612,22227568968,Crypto,Low_Vol,Sideways,Medium_Correlation,Transition_Regime
2023-09-15,0.01601930908988281,0.023230111003183267,18864655883,Crypto,Low_Vol,Sideways,Medium_Correlation,Transition_Regime
2023-09-16,0.006756825930887433,0.023139215856270677,12482347549,Crypto,Low_Vol,Sideways,Medium_Correlation,Transition_Regime
2023-09-17,0.011319684057710791,0.023194720338463464,11931412678,Crypto,Low_Vol,Sideways,Medium_Correlation,Transition_Regime
2023-09-18,0.018826781507629776,0.020000673819504728,25200305841,Crypto,Low_Vol,Sideways,Medium_Correlation,Transition_Regime
2023-09-19,0.01129659547223671,0.01973154897348293,21323103434,Crypto,Low_Vol,Sideways,Medium_Correlation,Transition_Regime
2023-09-20,0.016993786533636358,0.017430157117774833,21742099937,Crypto,Low_Vol,Sideways,Medium_Correlation,Transition_Regime
2023-09-21,0.010115551143306973,0.018239183454400298,22297579265,Crypto,Low_Vol,Sideways,Medium_Correlation,Transition_Regime
2023-09-22,0.01458502680698501,0.01831351120112303,16412544043,Crypto,Low_Vol,Sideways,Medium_Correlation,Transition_Regime
2023-09-23,0.010945716442487229,0.018392445042361642,11270548315,Crypto,Low_Vol,Sideways,Medium_Correlation,Transition_Regime
2023-09-24,0.007468325969960533,0.01856409187993594,13054844969,Crypto,Low_Vol,Sideways,Medium_Correlation,Transition_Regime
2023-09-25,0.02139611421096462,0.018873005297338912,18976799964,Crypto,Low_Vol,Sideways,Medium_Correlation,Transition_Regime
2023-09-26,0.011867795881214154,0.01897656820173679,16397766859,Crypto,Low_Vol,Sideways,Medium_Correlation,Transition_Regime
2023-09-27,0.021043644294115572,0.018995486161131083,20650809214,Crypto,Low_Vol,Sideways,Medium_Correlation,Transition_Regime
2023-09-28,0.00969884847516539,0.01988725340177227,23855368501,Crypto,Low_Vol,Sideways,Medium_Correlation,Transition_Regime
2023-09-29,0.014145072032993063,0.020041830843713023,19659400229,Crypto,Low_Vol,Sideways,Medium_Correlation,Transition_Regime
2023-09-30,0.01601961201143145,0.019260499083219848,10794752139,Crypto,Low_Vol,Sideways,Medium_Correlation,Transition_Regime
2023-10-01,0.028530140036573677,0.01946995589813166,17788443993,Crypto,Low_Vol,Sideways,Medium_Correlation,Transition_Regime
2023-10-02,0.019790893650748872,0.020671936575871918,32449208591,Crypto,Low_Vol,Sideways,Medium_Correlation,Transition_Regime
2023-10-03,0.025018388832454542,0.02122545653561332,19924033610,Crypto,Low_Vol,Uptrend,Medium_Correlation,Bull_Market
2023-10-04,0.02378203309961956,0.021570994936514033,20212548537,Crypto,Low_Vol,Uptrend,Medium_Correlation,Bull_Market
2023-10-05,0.01193078533527163,0.02145374019961134,20117510837,Crypto,Low_Vol,Sideways,Medium_Correlation,Transition_Regime
2023-10-06,0.01334883740870903,0.02180412048029288,20974240424,Crypto,Low_Vol,Uptrend,Medium_Correlation,Bull_Market
2023-10-07,0.008603642511331732,0.0214886909508404,11191363335,Crypto,Low_Vol,Uptrend,Medium_Correlation,Bull_Market
2023-10-08,0.010639719485537859,0.021091388244588838,13157279989,Crypto,Low_Vol,Uptrend,Medium_Correlation,Bull_Market
2023-10-09,0.014447735305131068,0.022471342098312256,22422025349,Crypto,Low_Vol,Sideways,Medium_Correlation,Transition_Regime
2023-10-10,0.011220940549269613,0.02234021287041634,17783087831,Crypto,Low_Vol,Sideways,Medium_Correlation,Transition_Regime
2023-10-11,0.012789546920477884,0.021788216137541908,21691897943,Crypto,Low_Vol,Sideways,Medium_Correlation,Transition_Regime
2023-10-12,0.00905287942864105,0.021770623100836863,16904466505,Crypto,Low_Vol,Sideways,Low_Correlation,Transition_Regime
2023-10-13,0.006626355910926411,0.021814277414633522,22156595087,Crypto,Low_Vol,Sideways,Medium_Correlation,Transition_Regime
2023-10-14,0.007591418272028087,0.02168176664236281,9299431030,Crypto,Low_Vol,Sideways,Low_Correlation,Transition_Regime
2023-10-15,0.007723124695432286,0.02126951314168242,11812682308,Crypto,Low_Vol,Sideways,Low_Correlation,Transition_Regime
2023-10-16,0.02505011548053542,0.02265319481021331,41050053784,Crypto,Low_Vol,Uptrend,Low_Correlation,Bull_Market
2023-10-17,0.010896212566741078,0.02283396523851828,22834371196,Crypto,Low_Vol,Uptrend,Medium_Correlation,Bull_Market
2023-10-18,0.009781117151751948,0.0221590737421925,19569551622,Crypto,Low_Vol,Uptrend,Medium_Correlation,Bull_Market
2023-10-19,0.022123848608995397,0.022467860985455775,22942927479,Crypto,Low_Vol,Uptrend,Medium_Correlation,Bull_Market
2023-10-20,0.0216159546576949,0.02331864279266099,32504001337,Crypto,Low_Vol,Uptrend,Medium_Correlation,Bull_Market
2023-10-21,0.044072958016600654,0.02396509845645169,19903567354,Crypto,Low_Vol,Uptrend,Low_Correlation,Bull_Market
2023-10-22,0.03738043534844131,0.02378377035575634,19761585454,Crypto,Low_Vol,Uptrend,Low_Correlation,Bull_Market
2023-10-23,0.02346368294006172,0.02830991055159803,61124332498,Crypto,Low_Vol,Uptrend,Medium_Correlation,Bull_Market
2023-10-24,0.02487262848995323,0.028544651088798237,69893962421,Crypto,Low_Vol,Uptrend,Medium_Correlation,Bull_Market
2023-10-25,0.024345037629704764,0.028436329474331837,41371967496,Crypto,Low_Vol,Uptrend,Medium_Correlation,Bull_Market
2023-10-26,0.02178655913154977,0.028638617111655707,37105370976,Crypto,Low_Vol,Uptrend,Medium_Correlation,Bull_Market
2023-10-27,0.020746915881029213,0.02921174059946903,29020484667,Crypto,Low_Vol,Uptrend,Medium_Correlation,Bull_Market
2023-10-28,0.014237067800676908,0.02929545097265212,17439573546,Crypto,Low_Vol,Uptrend,Medium_Correlation,Bull_Market
2023-10-29,0.012815402781094607,0.02771085528766698,18495061714,Crypto,Low_Vol,Uptrend,Medium_Correlation,Bull_Market
2023-10-30,0.02223332701878773,0.02780912045309945,29887569765,Crypto,Low_Vol,Uptrend,Medium_Correlation,Bull_Market
2023-10-31,0.03268155739876449,0.027980679196178908,29285866971,Crypto,Low_Vol,Uptrend,Medium_Correlation,Bull_Market
2023-11-01,0.025460928374225894,0.028137524591702663,41935870588,Crypto,Low_Vol,Uptrend,Medium_Correlation,Bull_Market
2023-11-02,0.024138740351966285,0.029219566377074232,37943094853,Crypto,Low_Vol,Uptrend,Medium_Correlation,Bull_Market
2023-11-03,0.015056899546007012,0.029291094510567012,30559627046,Crypto,Low_Vol,Uptrend,Medium_Correlation,Bull_Market
2023-11-04,0.01737838221862098,0.02932725696531146,18451626158,Crypto,Low_Vol,Uptrend,Medium_Correlation,Bull_Market
2023-11-05,0.0279835499988174,0.02933087401161783,27277143199,Crypto,Low_Vol,Uptrend,Medium_Correlation,Bull_Market
2023-11-06,0.027202532023852883,0.029547781658932428,28728536948,Crypto,Low_Vol,Uptrend,Medium_Correlation,Bull_Market
2023-11-07,0.021989326188672213,0.029930501997446995,36791320524,Crypto,Low_Vol,Uptrend,Medium_Correlation,Bull_Market
2023-11-08,0.03747781949333883,0.03019844707487874,30471554201,Crypto,Low_Vol,Uptrend,Medium_Correlation,Bull_Market
2023-11-09,0.04418541137617332,0.0313915906108845,75631857674,Crypto,Low_Vol,Uptrend,Medium_Correlation,Bull_Market
2023-11-10,0.0697523542868793,0.032781746297200834,48556765009,Crypto,Low_Vol,Uptrend,Medium_Correlation,Bull_Market
2023-11-11,0.04408267606429379,0.033189423902426435,36483214413,Crypto,Low_Vol,Uptrend,Medium_Correlation,Bull_Market
2023-11-12,0.049045681816892096,0.030732543527442542,29360925598,Crypto,Low_Vol,Uptrend,Medium_Correlation,Bull_Market
2023-11-13,0.042721950097706275,0.03335707688940471,45222435977,Crypto,Low_Vol,Uptrend,Medium_Correlation,Bull_Market
2023-11-14,0.04078137742055699,0.03417829548540348,48606051266,Crypto,Low_Vol,Sideways,Medium_Correlation,Transition_Regime
2023-11-15,0.05201765274887822,0.03723589179669576,51192933528,Crypto,Low_Vol,Uptrend,Medium_Correlation,Bull_Market
2023-11-16,0.04181493655086436,0.03903413769457196,54451280751,Crypto,Low_Vol,Sideways,Medium_Correlation,Transition_Regime
2023-11-17,0.026847571095558877,0.039475106699105166,46304531464,Crypto,Low_Vol,Uptrend,Medium_Correlation,Bull_Market
2023-11-18,0.02051452344180897,0.03976390551043776,27422668510,Crypto,Low_Vol,Sideways,Medium_Correlation,Transition_Regime
2023-11-19,0.02154092689158071,0.03987167380718083,27503352442,Crypto,Low_Vol,Uptrend,Medium_Correlation,Bull_Market
2023-11-20,0.03144957093403304,0.040441141733432336,41780667863,Crypto,Low_Vol,Uptrend,Medium_Correlation,Bull_Market
2023-11-21,0.025745297661168724,0.04393693806035377,50363349881,Crypto,Low_Vol,Sideways,Medium_Correlation,Transition_Regime
2023-11-22,0.019996593844741953,0.04500065171484114,45697616938,Crypto,Low_Vol,Uptrend,Medium_Correlation,Bull_Market
2023-11-23,0.010267357052335849,0.04501577026440668,27835357501,Crypto,Low_Vol,Uptrend,Low_Correlation,Bull_Market
2023-11-24,0.011202006227297471,0.044946566826648264,40989734792,Crypto,Low_Vol,Uptrend,Low_Correlation,Bull_Market
2023-11-25,0.014348466695224531,0.04442801153105633,18874791464,Crypto,Low_Vol,Uptrend,Low_Correlation,Bull_Market
2023-11-26,0.06960982464024958,0.04567875788883673,26840332642,Crypto,Low_Vol,Sideways,Low_Correlation,Transition_Regime
2023-11-27,0.9564293394578947,0.09638970391406226,35879779120,Crypto,Low_Vol,Sideways,Low_Correlation,Transition_Regime
2023-11-28,0.013143074950788331,0.09566430109601286,37864682960,Crypto,Low_Vol,Sideways,Medium_Correlation,Transition_Regime
2023-11-29,0.010973728316176306,0.09434574296354534,36215141741,Crypto,Low_Vol,Sideways,Medium_Correlation,Transition_Regime
2023-11-30,0.018929594704110857,0.09261794841624275,32093943296,Crypto,Low_Vol,Sideways,Medium_Correlation,Transition_Regime
2023-12-01,0.014386865131079217,0.09219485980764121,40405629283,Crypto,Low_Vol,Uptrend,Medium_Correlation,Bull_Market
2023-12-02,0.2301416513851721,0.09382215120236258,30185221617,Crypto,Low_Vol,Uptrend,Medium_Correlation,Bull_Market
2023-12-03,0.011399866534670284,0.09166392960550203,30089676742,Crypto,Low_Vol,Uptrend,Medium_Correlation,Bull_Market
2023-12-04,0.030829062982385833,0.09167046849830668,68263462743,Crypto,Low_Vol,Uptrend,Medium_Correlation,Bull_Market
2023-12-05,0.027866679600918702,0.08843380882132242,60376142837,Crypto,Low_Vol,Uptrend,Low_Correlation,Bull_Market
2023-12-06,0.0282432535660423,0.08659293308875092,56121690180,Crypto,Low_Vol,Uptrend,Low_Correlation,Bull_Market
2023-12-07,0.029536295882205608,0.08695017766530823,53211220158,Crypto,Low_Vol,Uptrend,Medium_Correlation,Bull_Market
2023-12-08,0.056349678742415296,0.09095114951367633,50077398953,Crypto,Low_Vol,Uptrend,Medium_Correlation,Bull_Market
2023-12-09,0.03771056716720958,0.09120771101587355,43007170467,Crypto,Low_Vol,Uptrend,Medium_Correlation,Bull_Market
2023-12-10,0.04172494190826444,0.09067749456571357,29436920749,Crypto,Low_Vol,Uptrend,Medium_Correlation,Bull_Market
2023-12-11,0.0399850576922596,0.08951760705019515,76136006440,Crypto,Low_Vol,Uptrend,Low_Correlation,Bull_Market
2023-12-12,0.027999311425346327,0.0883340838497906,48652245220,Crypto,Low_Vol,Uptrend,Medium_Correlation,Bull_Market
2023-12-13,0.03836576364741418,0.08890979224222245,51951270999,Crypto,Low_Vol,Uptrend,Low_Correlation,Bull_Market
2023-12-14,0.02908732641385228,0.08932732313172533,49099560013,Crypto,Low_Vol,Uptrend,Low_Correlation,Bull_Market
2023-12-15,0.0257235258219037,0.09164908563447648,40170838729,Crypto,Low_Vol,Uptrend,Low_Correlation,Bull_Market
2023-12-16,0.015923352437035347,0.09140286805674706,29038726912,Crypto,Low_Vol,Uptrend,Low_Correlation,Bull_Market
2023-12-17,0.011458482883299972,0.04763128767503864,30848390759,Crypto,Low_Vol,Sideways,Low_Correlation,Transition_Regime
2023-12-18,0.0201827767792378,0.04774413287414651,45516930592,Crypto,Low_Vol,Sideways,Low_Correlation,Transition_Regime
2023-12-19,0.021468069995446912,0.04842407377495623,42034764943,Crypto,Low_Vol,Sideways,Low_Correlation,Transition_Regime
2023-12-20,0.034130790869813396,0.048944403502893516,51439519555,Crypto,Low_Vol,Uptrend,Low_Correlation,Bull_Market
2023-12-21,0.058424627400185294,0.051211894089015324,48318975152,Crypto,Low_Vol,Uptrend,Low_Correlation,Bull_Market
2023-12-22,0.0333576070403019,0.04030667680632629,50954994456,Crypto,Low_Vol,Uptrend,Medium_Correlation,Bull_Market
2023-12-23,0.03501299981325444,0.04050620306793177,31115769451,Crypto,Low_Vol,Sideways,Medium_Correlation,Transition_Regime
2023-12-24,0.021799208096625965,0.03976735700618654,42669724494,Crypto,Low_Vol,Sideways,Low_Correlation,Transition_Regime
2023-12-25,0.0248113622956416,0.039786568440326665,42465565008,Crypto,Low_Vol,Sideways,Medium_Correlation,Transition_Regime
2023-12-26,0.055903929243134365,0.04180293654900556,56912453623,Crypto,Low_Vol,Sideways,Medium_Correlation,Transition_Regime
2023-12-27,0.05501008855373081,0.04399624248131625,53637711482,Crypto,Low_Vol,Sideways,Low_Correlation,Transition_Regime
2023-12-28,0.02165006741253216,0.04126393615161305,53810618888,Crypto,Low_Vol,Sideways,Low_Correlation,Transition_Regime
2023-12-29,0.02045180491495726,0.04113329308252072,50931215646,Crypto,Low_Vol,Sideways,Medium_Correlation,Transition_Regime
2023-12-30,0.0237501339656813,0.040434310203570446,29591061703,Crypto,Low_Vol,Sideways,Medium_Correlation,Transition_Regime
2023-12-31,0.014193167702027113,0.03739700406796304,29749778694,Crypto,Low_Vol,Sideways,Medium_Correlation,Transition_Regime
2019-01-04,0.01643862014289307,,1586349063,Stock,Low_Vol,Sideways,,Transition_Regime
2019-01-07,0.016369158035928283,,1615748811,Stock,Low_Vol,Sideways,,Transition_Regime
2019-01-08,0.012096595620825875,,1629341517,Stock,Low_Vol,Sideways,,Transition_Regime
2019-01-09,0.01599686349702714,,1405769564,Stock,Low_Vol,Sideways,,Transition_Regime
2019-01-10,0.00855130503397981,,1271400132,Stock,Low_Vol,Sideways,,Transition_Regime
2019-01-11,0.007799968434723639,,1463212635,Stock,Low_Vol,Sideways,,Transition_Regime
2019-01-14,0.011236567633023596,,1413004759,Stock,Low_Vol,Sideways,,Transition_Regime
2019-01-15,0.013203005989443479,,1342700667,Stock,Low_Vol,Sideways,,Transition_Regime
2019-01-16,0.015980125707795275,,1246729884,Stock,Low_Vol,Sideways,,Transition_Regime
2019-01-17,0.007269573197235354,,1134530705,Stock,Low_Vol,Sideways,,Transition_Regime
2019-01-18,0.027353980180670485,,1729251896,Stock,Medium_Vol,Sideways,,Consolidation
2019-01-22,0.012047539629352533,,1511672988,Stock,Low_Vol,Sideways,,Transition_Regime
2019-01-23,0.014092510745368452,,1350560346,Stock,Low_Vol,Sideways,Medium_Correlation,Transition_Regime
2019-01-24,0.016904465644982117,,1375409244,Stock,Low_Vol,Sideways,Medium_Correlation,Transition_Regime
2019-01-25,0.01683390341582852,,1884785454,Stock,Low_Vol,Sideways,Medium_Correlation,Transition_Regime
2019-01-28,0.026145815313829538,,3174876466,Stock,Medium_Vol,Sideways,Medium_Correlation,Consolidation
2019-01-29,0.01461737601171843,,1839950901,Stock,Low_Vol,Sideways,Medium_Correlation,Transition_Regime
2019-01-30,0.018314511574381895,,1942282410,Stock,Low_Vol,Sideways,Medium_Correlation,Transition_Regime
2019-01-31,0.023985745017538213,0.019513317097404597,2026428910,Stock,Medium_Vol,Sideways,Medium_Correlation,Consolidation
2019-02-01,0.017102810686823674,0.017673598112480367,1502421538,Stock,Medium_Vol,Sideways,Medium_Correlation,Consolidation
2019-02-04,0.012971050825911897,0.01619393289698267,1247099250,Stock,Low_Vol,Sideways,Medium_Correlation,Transition_Regime
2019-02-05,0.008365454914916188,0.015957345813317033,1251921431,Stock,Low_Vol,Sideways,Medium_Correlation,Transition_Regime
2019-02-06,0.00960134693136853,0.01583005313829741,1250611931,Stock,Low_Vol,Sideways,Medium_Correlation,Transition_Regime
2019-02-07,0.01046541955066509,0.015843407185337798,1295882715,Stock,Low_Vol,Sideways,Medium_Correlation,Transition_Regime
2019-02-08,0.009367577841339425,0.01589676234109964,1040047265,Stock,Low_Vol,Sideways,Medium_Correlation,Transition_Regime
2019-02-11,0.00953478408459563,0.015979192972602006,1032103076,Stock,Low_Vol,Sideways,Medium_Correlation,Transition_Regime
2019-02-12,0.009165650243033402,0.015997135930341536,1180512663,Stock,Low_Vol,Sideways,Medium_Correlation,Transition_Regime
2019-02-13,0.007070153986027932,0.015612407318956394,1132152701,Stock,Low_Vol,Sideways,Medium_Correlation,Transition_Regime
2019-02-14,0.016295420473182956,0.015731428005401844,1386715791,Stock,Low_Vol,Sideways,Medium_Correlation,Transition_Regime
2019-02-15,0.011838661319134037,0.01609842734951944,2124344193,Stock,Low_Vol,Sideways,Medium_Correlation,Transition_Regime
2019-02-19,0.007415732541007856,0.01535899340994624,1092164632,Stock,Low_Vol,Sideways,Medium_Correlation,Transition_Regime
2019-02-20,0.007458886889640914,0.014994739737838214,1144786901,Stock,Low_Vol,Sideways,Low_Correlation,Transition_Regime
2019-02-21,0.01089721897282356,0.014856829684639755,1018920016,Stock,Low_Vol,Sideways,Medium_Correlation,Transition_Regime
2019-02-22,0.00978027502322359,0.01461505898829222,949857798,Stock,Low_Vol,Sideways,Medium_Correlation,Transition_Regime
2019-02-25,0.007378631453798146,0.014312283252446996,1245122180,Stock,Low_Vol,Sideways,Medium_Correlation,Transition_Regime
2019-02-26,0.005537432389440026,0.013264626041044251,1065258871,Stock,Low_Vol,Sideways,Medium_Correlation,Transition_Regime
2019-02-27,0.016126546858591044,0.013221607097907437,1135979552,Stock,Low_Vol,Sideways,Medium_Correlation,Transition_Regime
2019-02-28,0.009254305725070256,0.012289276265661097,1048849492,Stock,Low_Vol,Sideways,Medium_Correlation,Transition_Regime
2019-03-01,0.01720925020025189,0.0114378911361483,1223825186,Stock,Low_Vol,Sideways,Medium_Correlation,Transition_Regime
2019-03-04,0.014518136040882973,0.011240615024935348,1241765075,Stock,Low_Vol,Sideways,Medium_Correlation,Transition_Regime
2019-03-05,0.010140710873036864,0.01092770583171155,1125561402,Stock,Low_Vol,Sideways,Medium_Correlation,Transition_Regime
2019-03-06,0.008396924132910037,0.011010956958895783,997044628,Stock,Low_Vol,Sideways,Medium_Correlation,Transition_Regime
2019-03-07,0.007217572069940321,0.01111143436079058,1118040937,Stock,Low_Vol,Sideways,Medium_Correlation,Transition_Regime
2019-03-08,0.011844134009465082,0.010886075499233485,1032730745,Stock,Low_Vol,Sideways,Medium_Correlation,Transition_Regime
2019-03-11,0.012317569017915005,0.011656774712823488,1495291358,Stock,Low_Vol,Sideways,Medium_Correlation,Transition_Regime
2019-03-12,0.007444520049966314,0.01153444999042024,1195723520,Stock,Low_Vol,Sideways,Medium_Correlation,Transition_Regime
2019-03-13,0.008754078103936058,0.011278318900861799,1408596065,Stock,Low_Vol,Sideways,Medium_Correlation,Transition_Regime
2019-03-14,0.009316382770484707,0.011366448885248924,1131704302,Stock,Low_Vol,Sideways,Medium_Correlation,Transition_Regime
2019-03-15,0.021599490418994303,0.01157688319209833,1965476198,Stock,Medium_Vol,Sideways,Medium_Correlation,Consolidation
2019-03-18,0.012086335670953813,0.011253451398075764,1258693359,Stock,Low_Vol,Sideways,Medium_Correlation,Transition_Regime
2019-03-19,0.0114569371753508,0.011359706412982626,1694767920,Stock,Low_Vol,Sideways,Medium_Correlation,Transition_Regime
2019-03-20,0.013284596357695312,0.01159125972905018,1478938825,Stock,Low_Vol,Sideways,Medium_Correlation,Transition_Regime
2019-03-21,0.014250058127914963,0.01180764143684449,1605738644,Stock,Low_Vol,Uptrend,Medium_Correlation,Bull_Market
2019-03-22,0.014547789890206109,0.012660173252043586,1628216696,Stock,Low_Vol,Sideways,Medium_Correlation,Transition_Regime
2019-03-25,0.007899081632396736,0.01263511707517858,1279048770,Stock,Low_Vol,Sideways,Medium_Correlation,Transition_Regime
2019-03-26,0.009407601549671647,0.012878114353236205,1440248610,Stock,Low_Vol,Sideways,Medium_Correlation,Transition_Regime
2019-03-27,0.008760536438021792,0.012693891733281495,1124489214,Stock,Low_Vol,Sideways,Medium_Correlation,Transition_Regime
2019-03-28,0.007602749889878965,0.012705799533647743,1022274239,Stock,Low_Vol,Sideways,Medium_Correlation,Transition_Regime
2019-03-29,0.004756695401444316,0.012467888960235585,1076321328,Stock,Low_Vol,Sideways,Medium_Correlation,Transition_Regime
2019-04-01,0.011686391154735923,0.012489815364714194,1154415028,Stock,Low_Vol,Uptrend,Medium_Correlation,Bull_Market
2019-04-02,0.01047299191285583,0.012542264241043728,967218817,Stock,Low_Vol,Uptrend,Medium_Correlation,Bull_Market
2019-04-03,0.008241289598974837,0.012363702301380498,1378189836,Stock,Low_Vol,Uptrend,Medium_Correlation,Bull_Market
2019-04-04,0.017886504916499072,0.012483895366134408,1218972291,Stock,Medium_Vol,Sideways,Medium_Correlation,Consolidation
2019-04-05,0.00650273998636357,0.012234408494503999,1061069505,Stock,Low_Vol,Sideways,Medium_Correlation,Transition_Regime
2019-04-08,0.0048593574618364934,0.011529541233163656,982490190,Stock,Low_Vol,Sideways,Medium_Correlation,Transition_Regime
2019-04-09,0.006806304656653226,0.011627969093320447,994738454,Stock,Low_Vol,Sideways,Medium_Correlation,Transition_Regime
2019-04-10,0.006488979756922472,0.011509592748516045,916102683,Stock,Low_Vol,Sideways,Medium_Correlation,Transition_Regime
2019-04-11,0.01141943538304962,0.011579018121848873,909468995,Stock,Low_Vol,Sideways,Medium_Correlation,Transition_Regime
2019-04-12,0.02599697843672761,0.011854911488321134,1159369708,Stock,Medium_Vol,Sideways,Medium_Correlation,Consolidation
2019-04-15,0.010716643583261522,0.011769968746437839,1032846279,Stock,Low_Vol,Sideways,Medium_Correlation,Transition_Regime
2019-04-16,0.014672178682919163,0.011928713480677292,1027951326,Stock,Low_Vol,Sideways,Medium_Correlation,Transition_Regime
2019-04-17,0.019499406947465027,0.012359236943538599,1012144380,Stock,Medium_Vol,Sideways,Medium_Correlation,Consolidation
2019-04-18,0.007425338511229404,0.011886982753855888,1000799819,Stock,Low_Vol,Sideways,Medium_Correlation,Transition_Regime
2019-04-22,0.011503285338833703,0.0109476260897273,863263445,Stock,Low_Vol,Sideways,Medium_Correlation,Transition_Regime
2019-04-23,0.0107578735792366,0.011264216164235131,1046690025,Stock,Low_Vol,Sideways,Medium_Correlation,Transition_Regime
2019-04-24,0.007004204936993867,0.011114465921704243,940597196,Stock,Low_Vol,Sideways,Medium_Correlation,Transition_Regime
2019-04-25,0.01847716361676759,0.01146996398931341,1382448819,Stock,Medium_Vol,Uptrend,Medium_Correlation,Transition_Regime
2019-04-26,0.017864836998365326,0.011894263720066862,1737539486,Stock,Low_Vol,Uptrend,Medium_Correlation,Bull_Market
2019-04-29,0.008709014110725034,0.011932283141773343,1176501118,Stock,Low_Vol,Uptrend,Medium_Correlation,Bull_Market
2019-04-30,0.019538807263081714,0.012403795111668467,1204588839,Stock,Medium_Vol,Uptrend,Medium_Correlation,Transition_Regime
2019-05-01,0.013510450848217722,0.012802203674343898,1181846649,Stock,Low_Vol,Sideways,Medium_Correlation,Transition_Regime
2019-05-02,0.01118798888733627,0.01289755435882468,1174774752,Stock,Low_Vol,Sideways,Medium_Correlation,Transition_Regime
2019-05-03,0.010354687486448839,0.0128070140135771,1164236441,Stock,Low_Vol,Uptrend,Medium_Correlation,Bull_Market
2019-05-06,0.010452114167272344,0.012985748881551845,1093826740,Stock,Low_Vol,Sideways,Medium_Correlation,Transition_Regime
2019-05-07,0.007921705409799518,0.013758394277128824,1316536325,Stock,Low_Vol,Sideways,Medium_Correlation,Transition_Regime
2019-05-08,0.005210054996407218,0.013731672602538925,969872976,Stock,Low_Vol,Sideways,Medium_Correlation,Transition_Regime
2019-05-09,0.005976842897563598,0.013717649502763203,1299762022,Stock,Low_Vol,Sideways,Medium_Correlation,Transition_Regime
2019-05-10,0.009510281348215384,0.013729954063474834,1259193185,Stock,Low_Vol,Sideways,Medium_Correlation,Transition_Regime
2019-05-13,0.016793163188327687,0.014070656711366928,1547725993,Stock,Low_Vol,Sideways,Medium_Correlation,Transition_Regime
2019-05-14,0.011749607979568295,0.014361329176716694,1216336085,Stock,Low_Vol,Sideways,Medium_Correlation,Transition_Regime
2019-05-15,0.01298986674549328,0.014265327643283515,1148465821,Stock,Low_Vol,Sideways,Medium_Correlation,Transition_Regime
2019-05-16,0.010311002633959085,0.013744392689557346,1480731417,Stock,Low_Vol,Sideways,Medium_Correlation,Transition_Regime
2019-05-17,0.016052904353375332,0.013973634304813793,1838180591,Stock,Low_Vol,Sideways,Medium_Correlation,Transition_Regime
2019-05-20,0.015835624279572667,0.01413475704759124,1442977882,Stock,Low_Vol,Sideways,Medium_Correlation,Transition_Regime
2019-05-21,0.007384295922655049,0.013887357087731911,1092984490,Stock,Low_Vol,Sideways,Medium_Correlation,Transition_Regime
2019-05-22,0.01593183922345021,0.014038994034571126,1039446451,Stock,Low_Vol,Sideways,Medium_Correlation,Transition_Regime
2019-05-23,0.013201959715847146,0.013929977203654291,1556596742,Stock,Low_Vol,Sideways,Medium_Correlation,Transition_Regime
2019-05-24,0.009087753416056879,0.013623840525261445,946065929,Stock,Low_Vol,Sideways,Medium_Correlation,Transition_Regime
2019-05-28,0.010465932299142722,0.01373232410902406,1166390343,Stock,Low_Vol,Sideways,Medium_Correlation,Transition_Regime
2019-05-29,0.009455947536536509,0.01336816118317717,1267680151,Stock,Low_Vol,Sideways,Medium_Correlation,Transition_Regime
2019-05-30,0.009193492790758455,0.013172653265170094,910213376,Stock,Low_Vol,Sideways,Medium_Correlation,Transition_Regime
2019-05-31,0.009609597927721304,0.013337990283631395,1084355237,Stock,Low_Vol,Sideways,Medium_Correlation,Transition_Regime
2019-06-03,0.025326572402482556,0.01390749095289488,1472368785,Stock,Medium_Vol,Sideways,Medium_Correlation,Consolidation
2019-06-04,0.0191775388027057,0.015439289299407946,1486921443,Stock,Medium_Vol,Sideways,Medium_Correlation,Consolidation
2019-06-05,0.01177037658041798,0.015316095446378405,1241743622,Stock,Low_Vol,Sideways,Medium_Correlation,Transition_Regime
2019-06-06,0.009818217340826382,0.015558540189301147,1178957283,Stock,Low_Vol,Sideways,Medium_Correlation,Transition_Regime
2019-06-07,0.011657906294580191,0.015888668010244564,1141253106,Stock,Low_Vol,Sideways,Medium_Correlation,Transition_Regime
2019-06-10,0.01579001807860838,0.01608616280407965,1077724500,Stock,Low_Vol,Sideways,Medium_Correlation,Transition_Regime
2019-06-11,0.009839573051611122,0.01498891654180167,1051569841,Stock,Low_Vol,Sideways,Medium_Correlation,Transition_Regime
2019-06-12,0.01162104325417794,0.014835475496984085,967788405,Stock,Low_Vol,Sideways,Medium_Correlation,Transition_Regime
2019-06-13,0.0114268638313858,0.014861651341890443,838396043,Stock,Low_Vol,Sideways,Medium_Correlation,Transition_Regime
2019-06-14,0.0131329858088443,0.014749891037706816,964823424,Stock,Low_Vol,Sideways,Medium_Correlation,Transition_Regime
2019-06-17,0.012349338365779972,0.014559500968726501,827641510,Stock,Low_Vol,Sideways,Medium_Correlation,Transition_Regime
2019-06-18,0.014824253480082674,0.014543754549252157,1331481520,Stock,Low_Vol,Sideways,Medium_Correlation,Transition_Regime
2019-06-19,0.011486446807332368,0.014637451588926093,889562030,Stock,Low_Vol,Sideways,Medium_Correlation,Transition_Regime
2019-06-20,0.01178793270386259,0.014531666513184943,1045556483,Stock,Low_Vol,Sideways,Medium_Correlation,Transition_Regime
2019-06-21,0.0076277810314209805,0.014194783901930361,1338834597,Stock,Low_Vol,Sideways,Medium_Correlation,Transition_Regime
2019-06-24,0.009121631050340093,0.014191209169923962,758703015,Stock,Low_Vol,Sideways,Medium_Correlation,Transition_Regime
2019-06-25,0.029901658142948744,0.015131850164661596,965162609,Stock,Medium_Vol,Sideways,Medium_Correlation,Consolidation
2019-06-26,0.016145492195350865,0.015181500541953656,1217554649,Stock,Low_Vol,Sideways,Medium_Correlation,Transition_Regime
2019-06-27,0.008921903660013492,0.015185414092650035,936319947,Stock,Low_Vol,Sideways,Medium_Correlation,Transition_Regime
2019-06-28,0.011365351473134121,0.014760352610461719,1219412246,Stock,Low_Vol,Sideways,Medium_Correlation,Transition_Regime
2019-07-01,0.009781380532697514,0.013561376654689577,1337116955,Stock,Low_Vol,Uptrend,Medium_Correlation,Bull_Market
2019-07-02,0.009456218200426697,0.01267396312005062,894224591,Stock,Low_Vol,Uptrend,Medium_Correlation,Bull_Market
2019-07-03,0.012155379976271618,0.01246317094753736,755059912,Stock,Low_Vol,Uptrend,Medium_Correlation,Bull_Market
2019-07-05,0.0077550679587588605,0.012480151553107912,865627785,Stock,Low_Vol,Uptrend,Medium_Correlation,Bull_Market
2019-07-08,0.009441502851451187,0.01224685793645292,841887885,Stock,Low_Vol,Sideways,Medium_Correlation,Transition_Regime
2019-07-09,0.007357600621738622,0.01193818047467844,865687199,Stock,Low_Vol,Sideways,Medium_Correlation,Transition_Regime
2019-07-10,0.00987575528593257,0.012021557530411769,1034485131,Stock,Low_Vol,Uptrend,Medium_Correlation,Bull_Market
2019-07-11,0.017224050388298544,0.012308927174479617,1266481844,Stock,Low_Vol,Uptrend,Medium_Correlation,Bull_Market
2019-07-12,0.014502421949222827,0.012403436782476768,1051955803,Stock,Low_Vol,Uptrend,Medium_Correlation,Bull_Market
2019-07-15,0.008325726075003379,0.012268203830866022,849127682,Stock,Low_Vol,Uptrend,Medium_Correlation,Bull_Market
2019-07-16,0.006737958204872269,0.012224191634260468,858475348,Stock,Low_Vol,Sideways,Medium_Correlation,Transition_Regime
2019-07-17,0.010422020327934012,0.012080580178209342,893310731,Stock,Low_Vol,Sideways,Medium_Correlation,Transition_Regime
2019-07-18,0.009081570686597025,0.012010837742279611,924486438,Stock,Low_Vol,Sideways,Medium_Correlation,Transition_Regime
2019-07-19,0.007434845700798051,0.011928108197069224,900956061,Stock,Low_Vol,Sideways,Medium_Correlation,Transition_Regime
2019-07-22,0.010392376203394725,0.01199868080477317,837175183,Stock,Low_Vol,Sideways,Medium_Correlation,Transition_Regime
2019-07-23,0.013368160368652994,0.012263607431865137,936897673,Stock,Low_Vol,Sideways,Medium_Correlation,Transition_Regime
2019-07-24,0.010141719704702177,0.010944010319201053,946780035,Stock,Low_Vol,Sideways,Medium_Correlation,Transition_Regime
2019-07-25,0.025578876559308433,0.011482829981727517,1191020640,Stock,Medium_Vol,Sideways,Medium_Correlation,Consolidation
2019-07-26,0.018596742675575,0.011991234474255168,966240164,Stock,Medium_Vol,Sideways,Medium_Correlation,Consolidation
2019-07-29,0.013411222686054986,0.012063925416148504,882525168,Stock,Low_Vol,Sideways,Medium_Correlation,Transition_Regime
2019-07-30,0.01626672247889856,0.012175198612959213,836418233,Stock,Low_Vol,Sideways,Medium_Correlation,Transition_Regime
2019-07-31,0.011288714628756635,0.012764750854546276,1274067051,Stock,Low_Vol,Sideways,Medium_Correlation,Transition_Regime
2019-08-01,0.012110586466925376,0.012870245589129237,1299649526,Stock,Low_Vol,Sideways,Medium_Correlation,Transition_Regime
2019-08-02,0.010838280662815742,0.01307144733466705,1130092307,Stock,Low_Vol,Sideways,Medium_Correlation,Transition_Regime
2019-08-05,0.014004323205048519,0.01486344591872747,1520517761,Stock,Low_Vol,Sideways,Medium_Correlation,Transition_Regime
2019-08-06,0.00919282708043573,0.015297418245713073,1075332817,Stock,Low_Vol,Sideways,Medium_Correlation,Transition_Regime
2019-08-07,0.014261911730369302,0.01536333825248648,1065537913,Stock,Low_Vol,Sideways,Medium_Correlation,Transition_Regime
2019-08-08,0.008405436122746546,0.01554179166041473,883992691,Stock,Low_Vol,Sideways,Medium_Correlation,Transition_Regime
2019-08-09,0.009080211767209335,0.015245631451229109,837536163,Stock,Low_Vol,Sideways,Medium_Correlation,Transition_Regime
2019-08-12,0.00783072223249459,0.015421100725636856,781906074,Stock,Low_Vol,Sideways,Medium_Correlation,Transition_Regime
2019-08-13,0.009525643823949104,0.015996844437288663,1026710911,Stock,Low_Vol,Sideways,Medium_Correlation,Transition_Regime
2019-08-14,0.012612584288331436,0.01709395564703697,1247041069,Stock,Low_Vol,Sideways,Medium_Correlation,Transition_Regime
2019-08-15,0.014074311668286118,0.01736495126820135,1155051877,Stock,Low_Vol,Sideways,Medium_Correlation,Transition_Regime
2019-08-16,0.012819613682706942,0.017782009600495943,1586041605,Stock,Low_Vol,Sideways,Medium_Correlation,Transition_Regime
2019-08-19,0.013628934662817819,0.018038661556423804,1321241117,Stock,Low_Vol,Sideways,Medium_Correlation,Transition_Regime
2019-08-20,0.01208959830745969,0.01795349283860272,936568508,Stock,Low_Vol,Sideways,Medium_Correlation,Transition_Regime
2019-08-21,0.008738092901772533,0.017981423352262885,914737100,Stock,Low_Vol,Sideways,Medium_Correlation,Transition_Regime
2019-08-22,0.0086105196275103,0.017533286630421953,789565118,Stock,Low_Vol,Sideways,Medium_Correlation,Transition_Regime
2019-08-23,0.014567736090711393,0.017938330737060904,1401491905,Stock,Low_Vol,Sideways,Medium_Correlation,Transition_Regime
2019-08-26,0.005663922098156652,0.01818941383766692,801842105,Stock,Low_Vol,Sideways,Medium_Correlation,Transition_Regime
2019-08-27,0.014162633555193208,0.018068564243055914,842999700,Stock,Low_Vol,Sideways,Medium_Correlation,Transition_Regime
2019-08-28,0.00938130888949039,0.017822626121823112,674798958,Stock,Low_Vol,Sideways,Medium_Correlation,Transition_Regime
2019-08-29,0.010514470146481863,0.017985937062156832,833548014,Stock,Low_Vol,Sideways,Medium_Correlation,Transition_Regime
2019-08-30,0.005933621494126625,0.017824470393525985,822824273,Stock,Low_Vol,Sideways,Medium_Correlation,Transition_Regime
2019-09-03,0.010622373361039165,0.016429788182519296,799402771,Stock,Low_Vol,Sideways,Medium_Correlation,Transition_Regime
2019-09-04,0.01168758989402564,0.01631994577849419,678077511,Stock,Low_Vol,Sideways,Medium_Correlation,Transition_Regime
2019-09-05,0.01590245896888904,0.016565776097617713,1267809348,Stock,Low_Vol,Sideways,Medium_Correlation,Transition_Regime
2019-09-06,0.008837049984512593,0.016197470068312774,823956311,Stock,Low_Vol,Sideways,Medium_Correlation,Transition_Regime
2019-09-09,0.015518880033127923,0.016428386936868978,992729002,Stock,Low_Vol,Sideways,Medium_Correlation,Transition_Regime
2019-09-10,0.01595849313644321,0.016380347410238884,977449429,Stock,Low_Vol,Sideways,Medium_Correlation,Transition_Regime
2019-09-11,0.013079751032437349,0.01623981543692928,1026962178,Stock,Low_Vol,Sideways,Medium_Correlation,Transition_Regime
2019-09-12,0.008381457294853317,0.014576782610333426,964653101,Stock,Low_Vol,Sideways,Medium_Correlation,Transition_Regime
2019-09-13,0.011164035440947814,0.014373910971020669,957003801,Stock,Low_Vol,Sideways,Medium_Correlation,Transition_Regime
2019-09-16,0.007393047366142698,0.014316478946957029,716821440,Stock,Low_Vol,Sideways,Medium_Correlation,Transition_Regime
2019-09-17,0.006253117557821656,0.014017532528097194,648503850,Stock,Low_Vol,Sideways,Medium_Correlation,Transition_Regime
2019-09-18,0.005952531717456987,0.013635701797471839,737166284,Stock,Low_Vol,Sideways,Medium_Correlation,Transition_Regime
2019-09-19,0.009591008664526883,0.013610608134415853,692320583,Stock,Low_Vol,Sideways,Low_Correlation,Transition_Regime
2019-09-20,0.010199396956990884,0.013738335767531501,1382679605,Stock,Low_Vol,Sideways,Low_Correlation,Transition_Regime
2019-09-23,0.007975896277337729,0.012134702869678427,694567463,Stock,Low_Vol,Sideways,Low_Correlation,Transition_Regime
2019-09-24,0.015027161734135428,0.012289085232065353,1068898045,Stock,Low_Vol,Sideways,Low_Correlation,Transition_Regime
2019-09-25,0.012118234512520868,0.012137503375722789,907322821,Stock,Low_Vol,Sideways,Medium_Correlation,Transition_Regime
2019-09-26,0.016097188696708148,0.012282635982761681,827312346,Stock,Low_Vol,Sideways,Medium_Correlation,Transition_Regime
2019-09-27,0.010421937850188395,0.011991399589017933,980825564,Stock,Low_Vol,Sideways,Medium_Correlation,Transition_Regime
2019-09-30,0.008369799490151689,0.012127916122530513,685464965,Stock,Low_Vol,Sideways,Medium_Correlation,Transition_Regime
2019-10-01,0.010470261504809166,0.01213117640930955,937938102,Stock,Low_Vol,Sideways,Medium_Correlation,Transition_Regime
2019-10-02,0.010466278911386098,0.012623396419621116,910919633,Stock,Low_Vol,Sideways,Medium_Correlation,Transition_Regime
2019-10-03,0.015393638220448381,0.01243237141878481,1153130730,Stock,Low_Vol,Sideways,Medium_Correlation,Transition_Regime
2019-10-04,0.008139337615812365,0.012960175609899122,832761267,Stock,Low_Vol,Sideways,Medium_Correlation,Transition_Regime
2019-10-07,0.008883789396022699,0.012642809014451436,975775827,Stock,Low_Vol,Sideways,Medium_Correlation,Transition_Regime
2019-10-08,0.012732181632974246,0.012796762995904086,1015366864,Stock,Low_Vol,Sideways,Medium_Correlation,Transition_Regime
2019-10-09,0.007664706769841412,0.01272423333117859,719475808,Stock,Low_Vol,Sideways,Medium_Correlation,Transition_Regime
2019-10-10,0.006578981043377713,0.012665059584996112,791311670,Stock,Low_Vol,Sideways,Medium_Correlation,Transition_Regime
2019-10-11,0.009063330131210712,0.012738499116702943,1110568380,Stock,Low_Vol,Sideways,Medium_Correlation,Transition_Regime
2019-10-14,0.007810692693251221,0.01257815151144196,672433295,Stock,Low_Vol,Sideways,Medium_Correlation,Transition_Regime
2019-10-15,0.01907043751506463,0.013423778655199853,1229028534,Stock,Medium_Vol,Sideways,Medium_Correlation,Consolidation
2019-10-16,0.010656808153624879,0.013568024371709718,969349429,Stock,Low_Vol,Sideways,Medium_Correlation,Transition_Regime
2019-10-17,0.00735232465553171,0.013456647576566444,708007376,Stock,Low_Vol,Sideways,Medium_Correlation,Transition_Regime
2019-10-18,0.015750746946264275,0.013692999933440727,882706154,Stock,Low_Vol,Sideways,Medium_Correlation,Transition_Regime
2019-10-21,0.01124655105932181,0.013853851956941034,720435417,Stock,Low_Vol,Sideways,Medium_Correlation,Transition_Regime
2019-10-22,0.01728905775872747,0.013906224623131154,818594154,Stock,Medium_Vol,Sideways,Medium_Correlation,Consolidation
2019-10-23,0.01397788839994824,0.013989343090613032,734450859,Stock,Low_Vol,Sideways,Medium_Correlation,Transition_Regime
2019-10-24,0.034221443887206944,0.014772957022898155,1093889654,Stock,Medium_Vol,Sideways,Medium_Correlation,Consolidation
2019-10-25,0.0197592365082307,0.01481864705087778,1394461149,Stock,Medium_Vol,Sideways,Medium_Correlation,Consolidation
2019-10-28,0.008542175954101653,0.014881580071382388,1128735904,Stock,Low_Vol,Sideways,Medium_Correlation,Transition_Regime
2019-10-29,0.014199286685937496,0.014909333557330477,894355051,Stock,Low_Vol,Sideways,Medium_Correlation,Transition_Regime
2019-10-30,0.009042203979371007,0.014128282721928452,799153175,Stock,Low_Vol,Sideways,Medium_Correlation,Transition_Regime
2019-10-31,0.00785280286930167,0.013825431291269511,823345389,Stock,Low_Vol,Sideways,Medium_Correlation,Transition_Regime
2019-11-01,0.011858848557319633,0.013615084200713933,875554918,Stock,Low_Vol,Sideways,Medium_Correlation,Transition_Regime
2019-11-04,0.01493296327398138,0.013795076791013636,970816225,Stock,Low_Vol,Sideways,Medium_Correlation,Transition_Regime
2019-11-05,0.014307361841441772,0.013280690728907066,855106448,Stock,Low_Vol,Sideways,Medium_Correlation,Transition_Regime
2019-11-06,0.007626602162438026,0.013185444753233515,764642928,Stock,Low_Vol,Sideways,Medium_Correlation,Transition_Regime
2019-11-07,0.009330494221580037,0.013233260783708413,980908722,Stock,Low_Vol,Uptrend,Low_Correlation,Bull_Market
2019-11-08,0.011257137912918309,0.013331890368062704,657701909,Stock,Low_Vol,Uptrend,Low_Correlation,Bull_Market
2019-11-11,0.006925068993748776,0.013382703830708878,697270837,Stock,Low_Vol,Sideways,Medium_Correlation,Transition_Regime
2019-11-12,0.006785362290518359,0.012613234684640305,778302326,Stock,Low_Vol,Uptrend,Low_Correlation,Bull_Market
2019-11-13,0.015428380980031785,0.012803821164059766,884977935,Stock,Low_Vol,Uptrend,Medium_Correlation,Bull_Market
2019-11-14,0.005893652509927121,0.012751346682120124,1064072447,Stock,Low_Vol,Uptrend,Medium_Correlation,Bull_Market
2019-11-15,0.014603739184098082,0.012611489108953551,1625712280,Stock,Low_Vol,Uptrend,Medium_Correlation,Bull_Market
2019-11-18,0.011087203758924255,0.012561202838548311,1061406389,Stock,Low_Vol,Uptrend,Medium_Correlation,Bull_Market
2019-11-19,0.014324255543177476,0.012155061182827403,943013790,Stock,Low_Vol,Uptrend,Medium_Correlation,Bull_Market
2019-11-20,0.009131003451859757,0.012049688924183592,1031230829,Stock,Low_Vol,Uptrend,Medium_Correlation,Bull_Market
2019-11-21,0.00694679655252198,0.011153324115185964,808115832,Stock,Low_Vol,Sideways,Low_Correlation,Transition_Regime
2019-11-22,0.012765210821395962,0.01087140645060709,836859665,Stock,Low_Vol,Sideways,Low_Correlation,Transition_Regime
2019-11-25,0.01077149415398642,0.010864913236155916,1144207174,Stock,Low_Vol,Uptrend,Low_Correlation,Bull_Market
2019-11-26,0.009974370416158135,0.010628486025455375,1028373953,Stock,Low_Vol,Uptrend,Low_Correlation,Bull_Market
2019-11-27,0.005367648802257915,0.010391531926049845,644722552,Stock,Low_Vol,Uptrend,Medium_Correlation,Bull_Market
2019-11-29,0.004126596385925782,0.010290732489615149,406797495,Stock,Low_Vol,Uptrend,Medium_Correlation,Bull_Market
2019-12-02,0.009705735774526107,0.01026634819032941,908962295,Stock,Low_Vol,Sideways,Medium_Correlation,Transition_Regime
2019-12-03,0.007123174757232209,0.009959265093058138,1038911294,Stock,Low_Vol,Sideways,Medium_Correlation,Transition_Regime
2019-12-04,0.010291576852166594,0.00974341165018343,751482214,Stock,Low_Vol,Sideways,Medium_Correlation,Transition_Regime
2019-12-05,0.006352448060748074,0.009702314534388353,607016620,Stock,Low_Vol,Sideways,Medium_Correlation,Transition_Regime
2019-12-06,0.006265457743398947,0.009712705629856402,775591280,Stock,Low_Vol,Sideways,Medium_Correlation,Transition_Regime
2019-12-09,0.00646113885974673,0.009591323296727489,780075694,Stock,Low_Vol,Sideways,Medium_Correlation,Transition_Regime
2019-12-10,0.006805437296524045,0.009542797630936002,756999622,Stock,Low_Vol,Sideways,Medium_Correlation,Transition_Regime
2019-12-11,0.006483531381666124,0.00947361083360165,697973418,Stock,Low_Vol,Sideways,Medium_Correlation,Transition_Regime
2019-12-12,0.011629088591943964,0.00943265662318935,1044557345,Stock,Low_Vol,Sideways,Medium_Correlation,Transition_Regime
2019-12-13,0.01304621119882622,0.009753287338641706,1088189796,Stock,Low_Vol,Sideways,Medium_Correlation,Transition_Regime
2019-12-16,0.012852999412440634,0.00957000639250468,1100982107,Stock,Low_Vol,Uptrend,Medium_Correlation,Bull_Market
2019-12-17,0.006445104323350454,0.00939699119970123,953540261,Stock,Low_Vol,Uptrend,Medium_Correlation,Bull_Market
2019-12-18,0.010226872334639791,0.00925914260314923,1074059089,Stock,Low_Vol,Sideways,Medium_Correlation,Transition_Regime
2019-12-19,0.008411824967275836,0.00915622620285366,1165420592,Stock,Low_Vol,Uptrend,Medium_Correlation,Bull_Market
2019-12-20,0.007042861406767555,0.009175706214000922,1837599213,Stock,Low_Vol,Uptrend,Medium_Correlation,Bull_Market
2019-12-23,0.009159911948615167,0.00905208537962461,932367891,Stock,Low_Vol,Uptrend,Medium_Correlation,Bull_Market
2019-12-24,0.004071116245887417,0.008775917341453384,426850606,Stock,Low_Vol,Uptrend,Medium_Correlation,Bull_Market
2019-12-26,0.009356433951612909,0.008700265350008403,730459453,Stock,Low_Vol,Uptrend,Medium_Correlation,Bull_Market
2019-12-27,0.0040103554170456334,0.00867948386781683,860641928,Stock,Low_Vol,Uptrend,Medium_Correlation,Bull_Market
2019-12-30,0.007711321892243217,0.008991625587450314,848501198,Stock,Low_Vol,Sideways,Medium_Correlation,Transition_Regime
2019-12-31,0.0038081765149439494,0.008579895231907499,733745063,Stock,Low_Vol,Sideways,Medium_Correlation,Transition_Regime
2020-01-02,0.012053246731388838,0.008782865029411724,866184800,Stock,Low_Vol,Uptrend,Medium_Correlation,Bull_Market
2020-01-03,0.008841936056208576,0.008919895934377753,954508246,Stock,Low_Vol,Sideways,Medium_Correlation,Transition_Regime
2020-01-06,0.010205479842154112,0.00904598762031302,924541214,Stock,Low_Vol,Sideways,Medium_Correlation,Transition_Regime
2020-01-07,0.01123206828928004,0.009157829411722301,1054193082,Stock,Low_Vol,Sideways,Medium_Correlation,Transition_Regime
2020-01-08,0.01129527533883154,0.009226848345965462,1255831813,Stock,Low_Vol,Sideways,Medium_Correlation,Transition_Regime
2020-01-09,0.009115819157725198,0.009432127530662585,1227626245,Stock,Low_Vol,Uptrend,Medium_Correlation,Bull_Market
2020-01-10,0.007518458915753738,0.009518815730661942,987343861,Stock,Low_Vol,Sideways,Medium_Correlation,Transition_Regime
2020-01-13,0.020075936179323083,0.009575915376845878,1191603697,Stock,Medium_Vol,Uptrend,Medium_Correlation,Transition_Regime
2020-01-14,0.01073287632962366,0.009524606484315285,1371682029,Stock,Low_Vol,Uptrend,Medium_Correlation,Bull_Market
2020-01-15,0.013601472289313816,0.009678543261304033,1026439538,Stock,Low_Vol,Uptrend,Medium_Correlation,Bull_Market
2020-01-16,0.006638909708715816,0.009719377610525656,1046085996,Stock,Low_Vol,Uptrend,Medium_Correlation,Bull_Market
2020-01-17,0.008166082379389409,0.009689025770634614,1068612296,Stock,Low_Vol,Uptrend,Medium_Correlation,Bull_Market
2020-01-21,0.015703395574161526,0.00985020882106851,1026653125,Stock,Low_Vol,Uptrend,Medium_Correlation,Bull_Market
2020-01-22,0.010169220690018587,0.009834165852182216,1157146986,Stock,Low_Vol,Uptrend,Medium_Correlation,Bull_Market
2020-01-23,0.008826863457030015,0.009887840772151915,1002430403,Stock,Low_Vol,Uptrend,Medium_Correlation,Bull_Market
2020-01-24,0.008715934954422737,0.01033186844282064,1161763258,Stock,Low_Vol,Sideways,Low_Correlation,Transition_Regime
2020-01-27,0.014171208128009111,0.010991421088881995,1273071760,Stock,Low_Vol,Sideways,Low_Correlation,Transition_Regime
2020-01-28,0.014674955173634992,0.011521737015805871,1047077755,Stock,Low_Vol,Sideways,Medium_Correlation,Transition_Regime
2020-01-29,0.011248668583413437,0.01141443171076893,1085893353,Stock,Low_Vol,Sideways,Low_Correlation,Transition_Regime
2020-01-30,0.0261622887606281,0.012280140321504157,1360280660,Stock,Medium_Vol,Sideways,Medium_Correlation,Consolidation
2020-01-31,0.021636945663273684,0.01319780093637996,1518633588,Stock,Medium_Vol,Sideways,Medium_Correlation,Consolidation
2020-02-03,0.03681701559506234,0.01396690049299823,1607354153,Stock,Medium_Vol,Sideways,Medium_Correlation,Consolidation
2020-02-04,0.025118578408573896,0.014546738666632548,1837093470,Stock,Medium_Vol,Sideways,Medium_Correlation,Consolidation
2020-02-05,0.03651030765866255,0.015455175064701334,1510773523,Stock,Medium_Vol,Uptrend,Medium_Correlation,Transition_Regime
2020-02-06,0.007233712220581593,0.015402229098784559,1276255118,Stock,Low_Vol,Uptrend,Medium_Correlation,Bull_Market
2020-02-07,0.014026686046646168,0.015586368240197195,931111723,Stock,Low_Vol,Sideways,Medium_Correlation,Transition_Regime
2020-02-10,0.012802739002816138,0.015707171229291623,1380626068,Stock,Low_Vol,Uptrend,Medium_Correlation,Bull_Market
2020-02-11,0.011785538128422712,0.015685691136818142,1334744424,Stock,Low_Vol,Uptrend,Medium_Correlation,Bull_Market
2020-02-12,0.012917035103784577,0.015750676617215905,1045814841,Stock,Low_Vol,Uptrend,Medium_Correlation,Bull_Market
2020-02-13,0.012587415788537996,0.015599548202627007,1359247679,Stock,Low_Vol,Uptrend,Medium_Correlation,Bull_Market
2020-02-14,0.015302397844948393,0.015765417621471958,1656451411,Stock,Low_Vol,Uptrend,Medium_Correlation,Bull_Market
2020-02-18,0.017331657638847316,0.015838024446447847,1379059421,Stock,Medium_Vol,Uptrend,Medium_Correlation,Transition_Regime
2020-02-19,0.01665240552583028,0.015901144986802285,1471653661,Stock,Medium_Vol,Uptrend,Medium_Correlation,Transition_Regime
2020-02-20,0.008415510608620416,0.01596754867535082,1549165165,Stock,Low_Vol,Uptrend,Medium_Correlation,Bull_Market
2020-02-21,0.013318142707858676,0.016299309731977147,1556836526,Stock,Low_Vol,Sideways,Medium_Correlation,Transition_Regime
2020-02-24,0.017461306654571768,0.018315273815357656,1932391441,Stock,Medium_Vol,Sideways,Medium_Correlation,Consolidation
2020-02-25,0.015356687785469787,0.019321879468636196,2212209381,Stock,Medium_Vol,Sideways,Medium_Correlation,Consolidation
2020-02-26,0.012966239583702997,0.019112239333565616,1761892888,Stock,Low_Vol,Sideways,Medium_Correlation,Transition_Regime
2020-02-27,0.019392955239564386,0.02150643047120828,2425686780,Stock,Medium_Vol,Sideways,Medium_Correlation,Consolidation
2020-02-28,0.02366536866659266,0.02158731810973445,3048473764,Stock,Medium_Vol,Sideways,Medium_Correlation,Consolidation
2020-03-02,0.021930842919044114,0.02501362540970199,2352192594,Stock,Medium_Vol,Sideways,Medium_Correlation,Consolidation
2020-03-03,0.017306190152630036,0.02535672072229915,2168438574,Stock,Medium_Vol,Sideways,Medium_Correlation,Consolidation
2020-03-04,0.017898163064326098,0.027283824052193255,1670449054,Stock,Medium_Vol,Sideways,Medium_Correlation,Consolidation
2020-03-05,0.01196514847752273,0.02742399250041655,1505891043,Stock,Medium_Vol,Sideways,Medium_Correlation,Consolidation
2020-03-06,0.016255388667801803,0.027651714956965005,1658852110,Stock,Medium_Vol,Sideways,Medium_Correlation,Consolidation
2020-03-09,0.03316556249962311,0.03120224977046895,2065311966,Stock,Medium_Vol,Sideways,Medium_Correlation,Consolidation
2020-03-10,0.02009683055177684,0.03378118071224084,1918928815,Stock,Medium_Vol,Sideways,Medium_Correlation,Consolidation
2020-03-11,0.015078855273927168,0.03499078094112551,1713232692,Stock,Medium_Vol,Downtrend,Medium_Correlation,Transition_Regime
2020-03-12,0.024510162476255783,0.03920772958261747,2697223827,Stock,Medium_Vol,Downtrend,Medium_Correlation,Transition_Regime
2020-03-13,0.04339580374141824,0.046420139388875264,2417244632,Stock,High_Vol,Downtrend,Medium_Correlation,Transition_Regime
2020-03-16,0.04731579969954093,0.05274676064452604,2390736504,Stock,High_Vol,Downtrend,High_Correlation,Crisis_Regime
2020-03-17,0.03771975942792668,0.05565013316347898,2581571901,Stock,High_Vol,Downtrend,High_Correlation,Crisis_Regime
2020-03-18,0.04794988855637041,0.05636429389677526,2689525584,Stock,High_Vol,Downtrend,High_Correlation,Crisis_Regime
2020-03-19,0.05848612919247421,0.05811591382537371,2535731667,Stock,High_Vol,Downtrend,Medium_Correlation,Transition_Regime
2020-03-20,0.030563504781557775,0.05890797556765929,2726237601,Stock,High_Vol,Downtrend,Medium_Correlation,Transition_Regime
2020-03-23,0.04010319913580134,0.05936026661826962,2257638644,Stock,High_Vol,Downtrend,Medium_Correlation,Transition_Regime
2020-03-24,0.05245569451710404,0.0639477947557157,2710509723,Stock,High_Vol,Downtrend,Medium_Correlation,Transition_Regime
2020-03-25,0.03384752073636574,0.06441321853611184,2380883169,Stock,High_Vol,Downtrend,Medium_Correlation,Transition_Regime
2020-03-26,0.026507631143103408,0.06550654455650594,2069708615,Stock,High_Vol,Sideways,Medium_Correlation,Transition_Regime
2020-03-27,0.022239371785555167,0.06580743432682555,1761807362,Stock,High_Vol,Downtrend,Medium_Correlation,Transition_Regime
2020-03-30,0.02002141514617898,0.06524096184320331,1675276524,Stock,High_Vol,Sideways,Medium_Correlation,Transition_Regime
2020-03-31,0.02069188908797291,0.06507484060925658,2157916923,Stock,High_Vol,Sideways,Medium_Correlation,Transition_Regime
2020-04-01,0.022484429951199997,0.06443609117247899,1639096313,Stock,High_Vol,Downtrend,High_Correlation,Crisis_Regime
2020-04-02,0.02277391983948796,0.06478690249763971,1714417421,Stock,High_Vol,Sideways,Medium_Correlation,Transition_Regime
2020-04-03,0.020650206005053323,0.06484277946717136,1648165981,Stock,High_Vol,Sideways,Medium_Correlation,Transition_Regime
2020-04-06,0.024855406892791403,0.06502247596597377,1893912225,Stock,High_Vol,Sideways,Medium_Correlation,Transition_Regime
2020-04-07,0.02121160080888181,0.06410694856302881,1937265745,Stock,High_Vol,Sideways,Medium_Correlation,Transition_Regime
2020-04-08,0.01752403047156013,0.06354823446845477,1450448868,Stock,High_Vol,Sideways,Medium_Correlation,Transition_Regime
2020-04-09,0.02453811825544608,0.060013803412988204,1573895775,Stock,High_Vol,Sideways,Medium_Correlation,Transition_Regime
2020-04-13,0.034177127953326863,0.05609183389204656,1420602019,Stock,High_Vol,Sideways,Medium_Correlation,Transition_Regime
2020-04-14,0.020784683240918603,0.048608673872671065,1870669442,Stock,High_Vol,Sideways,High_Correlation,Crisis_Regime
2020-04-15,0.02384122711252496,0.04663612288151457,1452513868,Stock,High_Vol,Sideways,High_Correlation,Crisis_Regime
2020-04-16,0.025465136420009273,0.0444995577105945,1982254909,Stock,High_Vol,Sideways,High_Correlation,Crisis_Regime
2020-04-17,0.026812063788993777,0.04340629771769503,1636875305,Stock,High_Vol,Sideways,Medium_Correlation,Transition_Regime
2020-04-20,0.014916382578175597,0.0415322867880494,1332216188,Stock,Medium_Vol,Sideways,Medium_Correlation,Consolidation
2020-04-21,0.0175611653131457,0.04125463494647129,1857488707,Stock,Medium_Vol,Sideways,Medium_Correlation,Consolidation
2020-04-22,0.018778527384982528,0.036550760092893285,1292647414,Stock,Medium_Vol,Sideways,Medium_Correlation,Consolidation
2020-04-23,0.015743835875322215,0.03604613340768767,1229333062,Stock,Medium_Vol,Sideways,Medium_Correlation,Consolidation
2020-04-24,0.011919439572004073,0.03381222264978511,1106826345,Stock,Medium_Vol,Sideways,Medium_Correlation,Consolidation
2020-04-27,0.025119032764519614,0.03274005775750936,1418409010,Stock,Medium_Vol,Sideways,Medium_Correlation,Consolidation
2020-04-28,0.015567141697763643,0.03196703608490811,1337326388,Stock,Medium_Vol,Sideways,Medium_Correlation,Consolidation
2020-04-29,0.028173731348749932,0.032172283961751987,1412014729,Stock,Medium_Vol,Sideways,Medium_Correlation,Consolidation
2020-04-30,0.020752944902525914,0.030526183497523517,1679137151,Stock,Medium_Vol,Uptrend,Medium_Correlation,Transition_Regime
2020-05-01,0.022070006700942963,0.030774477057713356,1666384432,Stock,Medium_Vol,Uptrend,Medium_Correlation,Transition_Regime
2020-05-04,0.020614317377122278,0.030427213630988714,1168059367,Stock,Medium_Vol,Sideways,Medium_Correlation,Consolidation
2020-05-05,0.013017099346512304,0.026906667915574205,1207569947,Stock,Medium_Vol,Uptrend,Medium_Correlation,Transition_Regime
2020-05-06,0.01199317498855909,0.026582613613311008,1084753954,Stock,Low_Vol,Uptrend,Medium_Correlation,Bull_Market
2020-05-07,0.017472710041933178,0.025939789819504355,1096093190,Stock,Medium_Vol,Uptrend,Medium_Correlation,Transition_Regime
2020-05-08,0.014536963955455395,0.02575682386365664,1115803390,Stock,Medium_Vol,Uptrend,Medium_Correlation,Transition_Regime
2020-05-11,0.019026358140417407,0.025338809851533254,1318741249,Stock,Medium_Vol,Uptrend,Medium_Correlation,Transition_Regime
2020-05-12,0.012669884579901404,0.02417236028086406,1329662874,Stock,Low_Vol,Sideways,Medium_Correlation,Transition_Regime
2020-05-13,0.013451215352713146,0.02382630730775052,1723056028,Stock,Medium_Vol,Sideways,Medium_Correlation,Consolidation
2020-05-14,0.01602489336864842,0.023381625214652087,1483912992,Stock,Medium_Vol,Sideways,Medium_Correlation,Consolidation
2020-05-15,0.01762418665369568,0.022651166532934794,1886813536,Stock,Medium_Vol,Uptrend,Medium_Correlation,Transition_Regime
2020-05-18,0.020174129850719476,0.022862145180084868,1675223607,Stock,Medium_Vol,Uptrend,Medium_Correlation,Transition_Regime
2020-05-19,0.01446129435682182,0.021493116560809496,1483970056,Stock,Medium_Vol,Uptrend,Medium_Correlation,Transition_Regime
2020-05-20,0.017067300269960763,0.021007429745019138,1318458885,Stock,Medium_Vol,Uptrend,Medium_Correlation,Transition_Regime
2020-05-21,0.01006929699391374,0.020859173024827267,1515474010,Stock,Low_Vol,Uptrend,Medium_Correlation,Bull_Market
2020-05-22,0.009028321759008001,0.02056447645184788,1631095408,Stock,Low_Vol,Uptrend,Medium_Correlation,Bull_Market
2020-05-26,0.023955513968071787,0.02044459946078214,1601881711,Stock,Medium_Vol,Uptrend,Medium_Correlation,Transition_Regime
2020-05-27,0.019496323937830618,0.0202335673254706,2058643545,Stock,Medium_Vol,Uptrend,Medium_Correlation,Transition_Regime
2020-05-28,0.01641565239966922,0.01914963236504156,1456878973,Stock,Medium_Vol,Uptrend,Medium_Correlation,Transition_Regime
2020-05-29,0.01873767422004882,0.01900444045530051,1732740571,Stock,Medium_Vol,Uptrend,Medium_Correlation,Transition_Regime
2020-06-01,0.02302289936902389,0.018113123972294105,1121745320,Stock,Medium_Vol,Uptrend,Medium_Correlation,Transition_Regime
2020-06-02,0.009390743002915926,0.01782943381963538,1123672784,Stock,Low_Vol,Uptrend,Medium_Correlation,Bull_Market
2020-06-03,0.016405722963947104,0.01773664327432369,1049005353,Stock,Medium_Vol,Uptrend,Medium_Correlation,Transition_Regime
2020-06-04,0.01570375825461512,0.017898750440120435,1119408518,Stock,Medium_Vol,Uptrend,Medium_Correlation,Transition_Regime
2020-06-05,0.013844831539193862,0.01810117159940149,1351571502,Stock,Low_Vol,Uptrend,Medium_Correlation,Bull_Market
2020-06-08,0.016166860231739737,0.0179656724361306,1174493687,Stock,Medium_Vol,Uptrend,Medium_Correlation,Transition_Regime
2020-06-09,0.016287945053244438,0.017834409103795284,1262448556,Stock,Medium_Vol,Uptrend,Medium_Correlation,Transition_Regime
2020-06-10,0.026423473715187322,0.017743188986470197,1604605937,Stock,Medium_Vol,Uptrend,Medium_Correlation,Transition_Regime
2020-06-11,0.019203583571378073,0.02172658743332505,1798150880,Stock,Medium_Vol,Sideways,Medium_Correlation,Consolidation
2020-06-12,0.016320802969523655,0.02172897049371307,1608965428,Stock,Medium_Vol,Sideways,Medium_Correlation,Consolidation
2020-06-15,0.015232883380242783,0.021503358742034198,1271827744,Stock,Medium_Vol,Sideways,Medium_Correlation,Consolidation
2020-06-16,0.011827546664200004,0.02126482137142201,1454677195,Stock,Low_Vol,Sideways,Medium_Correlation,Transition_Regime
2020-06-17,0.009946282607916548,0.02089518276227722,1051938467,Stock,Low_Vol,Sideways,Medium_Correlation,Transition_Regime
2020-06-18,0.00971378170080136,0.020505476477503493,871808758,Stock,Low_Vol,Sideways,Medium_Correlation,Transition_Regime
2020-06-19,0.014596863643304852,0.020588203275602887,1691981859,Stock,Medium_Vol,Sideways,Medium_Correlation,Consolidation
2020-06-22,0.015419436540237067,0.020782080682714477,1037872434,Stock,Medium_Vol,Sideways,High_Correlation,Consolidation
2020-06-23,0.009165240790100927,0.020321679935657585,1125441258,Stock,Low_Vol,Uptrend,High_Correlation,Bull_Market
2020-06-24,0.0103311285432328,0.020748166607685532,1304933896,Stock,Low_Vol,Sideways,High_Correlation,Transition_Regime
2020-06-25,0.010824421483084308,0.020665141956312905,1056895379,Stock,Low_Vol,Sideways,Medium_Correlation,Transition_Regime
2020-06-26,0.01784456048962351,0.021381454251399305,1753252174,Stock,Medium_Vol,Sideways,Medium_Correlation,Consolidation
2020-06-29,0.011499053109091299,0.02131606937757967,1075947051,Stock,Low_Vol,Sideways,Medium_Correlation,Transition_Regime
2020-06-30,0.013427339054107567,0.021623788250059606,1231937380,Stock,Low_Vol,Sideways,Medium_Correlation,Transition_Regime
2020-07-01,0.01594188482213016,0.02158787454865122,1174121078,Stock,Medium_Vol,Sideways,Medium_Correlation,Consolidation
2020-07-02,0.015614561394420794,0.02137324294372462,1251943206,Stock,Medium_Vol,Uptrend,Medium_Correlation,Transition_Regime
2020-07-06,0.025108480655450606,0.02144054661259603,1238898017,Stock,Medium_Vol,Uptrend,Medium_Correlation,Transition_Regime
2020-07-07,0.017221428928221007,0.02166433567388302,1327615732,Stock,Medium_Vol,Uptrend,Medium_Correlation,Transition_Regime
2020-07-08,0.012919055766267647,0.02164443729929662,1199230939,Stock,Low_Vol,Uptrend,Medium_Correlation,Bull_Market
2020-07-09,0.016486757722016274,0.02145206793470246,1334576160,Stock,Medium_Vol,Uptrend,Medium_Correlation,Transition_Regime
2020-07-10,0.024335733576767587,0.01734831512298512,1433862619,Stock,Medium_Vol,Uptrend,Medium_Correlation,Transition_Regime
2020-07-13,0.022179143559939298,0.01791613906680449,1854611774,Stock,Medium_Vol,Uptrend,Medium_Correlation,Transition_Regime
2020-07-14,0.012273369124273398,0.018169174579270354,1632008329,Stock,Low_Vol,Uptrend,Medium_Correlation,Bull_Market
2020-07-15,0.012468590426502677,0.017891310795659105,1291851871,Stock,Low_Vol,Uptrend,Medium_Correlation,Bull_Market
2020-07-16,0.010322034656803895,0.01801422612859395,1120907686,Stock,Low_Vol,Uptrend,Medium_Correlation,Bull_Market
2020-07-17,0.011403092153289227,0.018035657639035196,922299343,Stock,Low_Vol,Uptrend,Medium_Correlation,Bull_Market
2020-07-20,0.026705406130141728,0.0184093491583131,1116871387,Stock,Medium_Vol,Uptrend,Medium_Correlation,Transition_Regime
2020-07-21,0.016263824758653983,0.01844743914458981,1099528046,Stock,Medium_Vol,Uptrend,Medium_Correlation,Transition_Regime
2020-07-22,0.012285473649082331,0.018541869521188598,1139819157,Stock,Low_Vol,Uptrend,Medium_Correlation,Bull_Market
2020-07-23,0.0170825796745631,0.01795629934586469,1489730552,Stock,Medium_Vol,Uptrend,Medium_Correlation,Transition_Regime
2020-07-24,0.013439783605881075,0.018019454548241456,1380545364,Stock,Low_Vol,Sideways,Medium_Correlation,Transition_Regime
2020-07-27,0.01833834473189838,0.016656366542731945,1036199614,Stock,Medium_Vol,Sideways,Medium_Correlation,Consolidation
2020-07-28,0.014190456145540717,0.01667958604423131,982142518,Stock,Low_Vol,Sideways,Medium_Correlation,Transition_Regime
2020-07-29,0.011134236729268223,0.01648522206336556,877501800,Stock,Low_Vol,Sideways,Medium_Correlation,Transition_Regime
2020-07-30,0.010736747992439663,0.0163914237174031,1036430496,Stock,Low_Vol,Sideways,Medium_Correlation,Transition_Regime
2020-07-31,0.027989835999490988,0.017202520437159828,1586783878,Stock,Medium_Vol,Sideways,Medium_Correlation,Consolidation
2020-08-03,0.017695587067102506,0.016892078415855296,1352582363,Stock,Medium_Vol,Uptrend,Medium_Correlation,Transition_Regime
2020-08-04,0.011497312404228927,0.01659383709025308,1037606178,Stock,Low_Vol,Uptrend,Medium_Correlation,Bull_Market
2020-08-05,0.019243422769262337,0.016957775469115158,873525962,Stock,Medium_Vol,Uptrend,Medium_Correlation,Transition_Regime
2020-08-06,0.0158515852379405,0.01677694258062721,949084573,Stock,Low_Vol,Uptrend,Low_Correlation,Bull_Market
2020-08-07,0.014996787723371093,0.016360957663430743,1113559135,Stock,Low_Vol,Uptrend,Medium_Correlation,Bull_Market
2020-08-10,0.011548590168310058,0.015755864730555215,1125187397,Stock,Low_Vol,Uptrend,Medium_Correlation,Bull_Market
2020-08-11,0.015204966452609693,0.015614390198655964,1138016318,Stock,Low_Vol,Sideways,Medium_Correlation,Transition_Regime
2020-08-12,0.02469321651120082,0.01636680341258397,1333662247,Stock,Medium_Vol,Uptrend,Medium_Correlation,Transition_Regime
2020-08-13,0.01073488071020503,0.016262313700781333,1216634083,Stock,Low_Vol,Uptrend,Medium_Correlation,Bull_Market
2020-08-14,0.006113411096587596,0.016104215399387604,1010614972,Stock,Low_Vol,Uptrend,Medium_Correlation,Bull_Market
2020-08-17,0.025549705284256426,0.015865680426887744,1381181006,Stock,Medium_Vol,Uptrend,Medium_Correlation,Transition_Regime
2020-08-18,0.01413577514344002,0.01576984266745552,1282154170,Stock,Low_Vol,Uptrend,Medium_Correlation,Bull_Market
2020-08-19,0.007446486075546825,0.015595068522203404,1364515605,Stock,Low_Vol,Uptrend,Medium_Correlation,Bull_Market
2020-08-20,0.016779367467775638,0.015231434384404751,1703075989,Stock,Medium_Vol,Uptrend,Medium_Correlation,Transition_Regime
2020-08-21,0.014000253261945964,0.015034776260613971,2049335865,Stock,Low_Vol,Uptrend,Medium_Correlation,Bull_Market
2020-08-24,0.012569676377225765,0.015049212317071124,1525060627,Stock,Low_Vol,Uptrend,Medium_Correlation,Bull_Market
2020-08-25,0.01081143533020285,0.014725648255186668,1066374183,Stock,Low_Vol,Uptrend,Medium_Correlation,Bull_Market
2020-08-26,0.05169079348822455,0.016458617212320052,1263150264,Stock,Medium_Vol,Uptrend,Medium_Correlation,Transition_Regime
2020-08-27,0.022686384655646322,0.016998778441168434,1415636558,Stock,Medium_Vol,Uptrend,Medium_Correlation,Transition_Regime
2020-08-28,0.013062437348441687,0.01647689806310806,1455992968,Stock,Low_Vol,Uptrend,Medium_Correlation,Bull_Market
2020-08-31,0.02700811683471432,0.016630550451792424,1533690738,Stock,Medium_Vol,Uptrend,Medium_Correlation,Transition_Regime
2020-09-01,0.02295074248150412,0.017022668074955786,1415071693,Stock,Medium_Vol,Uptrend,Medium_Correlation,Transition_Regime
2020-09-02,0.0198309623566312,0.017318692724686193,1886969185,Stock,Medium_Vol,Uptrend,Medium_Correlation,Transition_Regime
2020-09-03,0.024346110098818756,0.01981043197277773,2185785960,Stock,Medium_Vol,Uptrend,Medium_Correlation,Transition_Regime
2020-09-04,0.01874044476988877,0.020013544735750368,2848911945,Stock,Medium_Vol,Sideways,Medium_Correlation,Consolidation
2020-09-08,0.03883284768099302,0.021785411464017346,1965430310,Stock,Medium_Vol,Sideways,Medium_Correlation,Consolidation
2020-09-09,0.022247352499867763,0.022142838027841883,1634040340,Stock,Medium_Vol,Sideways,Medium_Correlation,Consolidation
2020-09-10,0.010129040850858955,0.02197454710298988,1599776019,Stock,Low_Vol,Sideways,Medium_Correlation,Transition_Regime
2020-09-11,0.01140201155884845,0.022095673542845525,1421503355,Stock,Low_Vol,Sideways,Medium_Correlation,Transition_Regime
2020-09-14,0.024552562134419018,0.022516746875726242,2033374637,Stock,Medium_Vol,Sideways,Medium_Correlation,Consolidation
2020-09-15,0.01699404486680299,0.022275748004099007,1594805604,Stock,Medium_Vol,Sideways,Medium_Correlation,Consolidation
2020-09-16,0.014129756649109154,0.022364810357153896,1356590542,Stock,Medium_Vol,Sideways,Medium_Correlation,Consolidation
2020-09-17,0.010917558543631821,0.022449976097276298,1686094045,Stock,Low_Vol,Sideways,Medium_Correlation,Transition_Regime
2020-09-18,0.013741285111820467,0.02240360914062704,1975835569,Stock,Low_Vol,Sideways,Medium_Correlation,Transition_Regime
2020-09-21,0.01810303361929998,0.02281707539382742,1819147279,Stock,Medium_Vol,Sideways,Medium_Correlation,Consolidation
2020-09-22,0.019530342450628534,0.022925937552196584,1563919167,Stock,Medium_Vol,Sideways,Medium_Correlation,Consolidation
2020-09-23,0.01953239893864651,0.023569386875249707,1541693163,Stock,Medium_Vol,Sideways,Medium_Correlation,Consolidation
2020-09-24,0.008449979796687384,0.02158185351041874,1635277105,Stock,Low_Vol,Sideways,Medium_Correlation,Transition_Regime
2020-09-25,0.013768524503865022,0.021446361929413803,1320909699,Stock,Low_Vol,Sideways,Medium_Correlation,Transition_Regime
2020-09-28,0.009721566582484362,0.02164128888563966,1251430643,Stock,Low_Vol,Sideways,Medium_Correlation,Transition_Regime
2020-09-29,0.008267614907783218,0.021349852897097753,1218808704,Stock,Low_Vol,Sideways,Medium_Correlation,Transition_Regime
2020-09-30,0.009292410199821029,0.02101291455567258,1463191380,Stock,Low_Vol,Sideways,Medium_Correlation,Transition_Regime
2020-10-01,0.012663744313351549,0.0204040978125088,1229357501,Stock,Low_Vol,Uptrend,Medium_Correlation,Bull_Market
2020-10-02,0.017394033530747286,0.019016807678956374,1326674165,Stock,Medium_Vol,Sideways,Medium_Correlation,Consolidation
2020-10-05,0.010071366931192954,0.019014933725204467,1048011511,Stock,Low_Vol,Sideways,Medium_Correlation,Transition_Regime
2020-10-06,0.009022152937048363,0.017401902443312092,1519023822,Stock,Low_Vol,Sideways,Medium_Correlation,Transition_Regime
2020-10-07,0.009385247555680506,0.016846890995092685,1029307360,Stock,Low_Vol,Sideways,Medium_Correlation,Transition_Regime
2020-10-08,0.0074608673150642155,0.016462406834913627,913690255,Stock,Low_Vol,Sideways,High_Correlation,Transition_Regime
2020-10-09,0.009625611235027722,0.016504420006225994,906974863,Stock,Low_Vol,Sideways,High_Correlation,Transition_Regime
2020-10-12,0.016000124193402975,0.01638173392547588,1317614207,Stock,Low_Vol,Sideways,Medium_Correlation,Transition_Regime
2020-10-13,0.013910964096091001,0.016424821231081126,1184038107,Stock,Low_Vol,Sideways,Medium_Correlation,Transition_Regime
2020-10-14,0.013465691703244739,0.016418463190158546,1062932320,Stock,Low_Vol,Sideways,Medium_Correlation,Transition_Regime
2020-10-15,0.009908718085118572,0.016321562403828208,884749679,Stock,Low_Vol,Sideways,Medium_Correlation,Transition_Regime
2020-10-16,0.01152847424354814,0.016204484858704588,901968595,Stock,Low_Vol,Sideways,Medium_Correlation,Transition_Regime
2020-10-19,0.0053747225537226,0.016185777038938576,927154607,Stock,Low_Vol,Sideways,Medium_Correlation,Transition_Regime
2020-10-20,0.008166312577374362,0.01581405585618789,844431298,Stock,Low_Vol,Sideways,Medium_Correlation,Transition_Regime
2020-10-21,0.011941974039147894,0.014497839755351839,810335467,Stock,Low_Vol,Sideways,Medium_Correlation,Transition_Regime
2020-10-22,0.01485524349164307,0.014791056447681233,881018306,Stock,Low_Vol,Sideways,Medium_Correlation,Transition_Regime
2020-10-23,0.009347886880126185,0.01450532824942897,750773365,Stock,Low_Vol,Sideways,Medium_Correlation,Transition_Regime
2020-10-26,0.012883479628993492,0.014875818449059053,1001042864,Stock,Low_Vol,Sideways,Medium_Correlation,Transition_Regime
2020-10-27,0.014224051715538541,0.015051965016670575,801305303,Stock,Low_Vol,Sideways,Medium_Correlation,Transition_Regime
2020-10-28,0.014644370298786543,0.017190326605588183,1153192291,Stock,Low_Vol,Sideways,Medium_Correlation,Transition_Regime
2020-10-29,0.015418392615291548,0.017277347979519197,1046136551,Stock,Low_Vol,Sideways,Medium_Correlation,Transition_Regime
2020-10-30,0.025635853889256356,0.01748667209770732,1367254315,Stock,Medium_Vol,Sideways,Medium_Correlation,Consolidation
2020-11-02,0.01154763620193005,0.017395316302840847,999956641,Stock,Low_Vol,Sideways,Medium_Correlation,Transition_Regime
2020-11-03,0.012525304179860353,0.017718867739590406,896400295,Stock,Low_Vol,Sideways,Medium_Correlation,Transition_Regime
2020-11-04,0.034747421199615776,0.01956111690273765,1276876458,Stock,Medium_Vol,Sideways,Medium_Correlation,Consolidation
2020-11-05,0.015682599815992005,0.020106714999601195,1027937705,Stock,Medium_Vol,Sideways,Medium_Correlation,Consolidation
2020-11-06,0.011010148920902671,0.02003502494227473,934256091,Stock,Low_Vol,Sideways,Medium_Correlation,Transition_Regime
2020-11-09,0.061216603016785213,0.023552605919964855,1851685610,Stock,Medium_Vol,Sideways,Medium_Correlation,Consolidation
2020-11-10,0.025988617926625223,0.024011741838002906,1507427382,Stock,Medium_Vol,Sideways,Medium_Correlation,Consolidation
2020-11-11,0.01864020813929906,0.024246340089707656,991679875,Stock,Medium_Vol,Sideways,Medium_Correlation,Consolidation
2020-11-12,0.0088556093609829,0.02429796113573288,944208576,Stock,Low_Vol,Sideways,Medium_Correlation,Transition_Regime
2020-11-13,0.00821561166008779,0.02430716664152549,864375640,Stock,Low_Vol,Sideways,Medium_Correlation,Transition_Regime
2020-11-16,0.015162386631462198,0.024045493746006563,1050944741,Stock,Medium_Vol,Uptrend,Medium_Correlation,Transition_Regime
2020-11-17,0.01895965087315321,0.024378900687392832,977837233,Stock,Medium_Vol,Uptrend,Medium_Correlation,Transition_Regime
2020-11-18,0.02351297834505395,0.02478740628999404,1221235974,Stock,Medium_Vol,Sideways,Medium_Correlation,Consolidation
2020-11-19,0.010415210967658727,0.024708223406128927,1188934510,Stock,Low_Vol,Sideways,Medium_Correlation,Transition_Regime
2020-11-20,0.009754376995305528,0.0247809353037134,915060840,Stock,Low_Vol,Sideways,Medium_Correlation,Transition_Regime
2020-11-23,0.017788527117041795,0.024484571101045502,1041374548,Stock,Medium_Vol,Sideways,Medium_Correlation,Consolidation
2020-11-24,0.019252441190631873,0.02451405957187689,1084081540,Stock,Medium_Vol,Uptrend,Medium_Correlation,Transition_Regime
2020-11-25,0.014912710897627725,0.02256685064363055,853304690,Stock,Medium_Vol,Sideways,Medium_Correlation,Consolidation
2020-11-27,0.007979405802473598,0.022395350631550202,548690328,Stock,Low_Vol,Uptrend,Medium_Correlation,Bull_Market
2020-11-30,0.01447445594032859,0.021798603809597306,1204199410,Stock,Medium_Vol,Sideways,Medium_Correlation,Consolidation
2020-12-01,0.011783796911417274,0.02179130449380388,1038201943,Stock,Low_Vol,Uptrend,Medium_Correlation,Bull_Market
2020-12-02,0.020904254572274183,0.021864319824977895,980672505,Stock,Medium_Vol,Sideways,Medium_Correlation,Consolidation
2020-12-03,0.012051225288108234,0.019616041384359566,834082209,Stock,Low_Vol,Sideways,Medium_Correlation,Transition_Regime
2020-12-04,0.011193203741017246,0.01917747347490038,764890954,Stock,Low_Vol,Sideways,Medium_Correlation,Transition_Regime
2020-12-07,0.016346289274685757,0.019198637023571954,855076490,Stock,Medium_Vol,Sideways,Medium_Correlation,Consolidation
2020-12-08,0.009122444827175596,0.01489424424516511,951912569,Stock,Low_Vol,Uptrend,Low_Correlation,Bull_Market
2020-12-09,0.016428807332532658,0.014249676117462445,1218560120,Stock,Low_Vol,Sideways,Medium_Correlation,Transition_Regime
2020-12-10,0.011069792845974692,0.013648056513206996,919795005,Stock,Low_Vol,Sideways,Medium_Correlation,Transition_Regime
2020-12-11,0.026829079719492128,0.014086324022077906,901242958,Stock,Medium_Vol,Sideways,Medium_Correlation,Consolidation
2020-12-14,0.01828641509544162,0.01433760625319013,1026876800,Stock,Medium_Vol,Sideways,Medium_Correlation,Consolidation
2020-12-15,0.012259977736408485,0.014256638451820644,934788738,Stock,Low_Vol,Sideways,Medium_Correlation,Transition_Regime
2020-12-16,0.012528581121410172,0.014231294827668182,897861949,Stock,Low_Vol,Sideways,Medium_Correlation,Transition_Regime
2020-12-17,0.011449091273009724,0.013748840331194705,918501438,Stock,Low_Vol,Sideways,Medium_Correlation,Transition_Regime
2020-12-18,0.014393525618696874,0.013750737624431221,2032264159,Stock,Low_Vol,Sideways,Medium_Correlation,Transition_Regime
2020-12-21,0.017776655071169496,0.013937357705437945,1096334564,Stock,Medium_Vol,Sideways,Medium_Correlation,Consolidation
2020-12-22,0.011128770896461962,0.013816217401700097,851595914,Stock,Low_Vol,Sideways,Medium_Correlation,Transition_Regime
2020-12-23,0.012548092985782456,0.013372635168761979,687083678,Stock,Low_Vol,Sideways,Medium_Correlation,Transition_Regime
2020-12-24,0.0075515511623415205,0.01324451550242956,374558356,Stock,Low_Vol,Sideways,Medium_Correlation,Transition_Regime
2020-12-28,0.013071843990895789,0.013603316874401167,802370042,Stock,Low_Vol,Sideways,Medium_Correlation,Transition_Regime
2020-12-29,0.007123607699684229,0.013351234606987889,689540937,Stock,Low_Vol,Sideways,Medium_Correlation,Transition_Regime
2020-12-30,0.01338015813872565,0.013193954092334594,747753057,Stock,Low_Vol,Sideways,Medium_Correlation,Transition_Regime
2020-12-31,0.0068166406852413555,0.012692777874419041,732712018,Stock,Low_Vol,Uptrend,Medium_Correlation,Bull_Market
2021-01-04,0.015137949865329325,0.013154415828320146,1348879437,Stock,Low_Vol,Sideways,Low_Correlation,Transition_Regime
2021-01-05,0.009138564863372119,0.013053143740601772,882874026,Stock,Low_Vol,Sideways,Medium_Correlation,Transition_Regime
2021-01-06,0.026417817531539586,0.013899396440212328,1439463896,Stock,Medium_Vol,Sideways,Low_Correlation,Consolidation
2021-01-07,0.020394833304455618,0.014519834102241221,1212871331,Stock,Medium_Vol,Uptrend,Low_Correlation,Transition_Regime
2021-01-08,0.016271706507805992,0.014169435885699693,1041413605,Stock,Low_Vol,Uptrend,Low_Correlation,Bull_Market
2021-01-11,0.020676169650409863,0.01467547153840576,1228131679,Stock,Medium_Vol,Sideways,Low_Correlation,Consolidation
2021-01-12,0.01551142692698411,0.014264302214069997,977266406,Stock,Low_Vol,Sideways,Low_Correlation,Transition_Regime
2021-01-13,0.0093838978296786,0.013928234607322306,764875712,Stock,Low_Vol,Sideways,Low_Correlation,Transition_Regime
2021-01-14,0.01439262601760638,0.014210467657469313,911108198,Stock,Low_Vol,Sideways,Low_Correlation,Transition_Regime
2021-01-15,0.013146706144297122,0.014278531885097362,995384438,Stock,Low_Vol,Sideways,Low_Correlation,Transition_Regime
2021-01-19,0.01352398364684896,0.01440098144933193,881210516,Stock,Low_Vol,Sideways,Low_Correlation,Transition_Regime
2021-01-20,0.017951256244305994,0.014927181897474053,961776501,Stock,Medium_Vol,Sideways,Low_Correlation,Consolidation
2021-01-21,0.013356030631489213,0.01478681908541981,973467916,Stock,Low_Vol,Sideways,Low_Correlation,Transition_Regime
2021-01-22,0.009654807327298098,0.014700015800586257,801529126,Stock,Low_Vol,Sideways,Low_Correlation,Transition_Regime
2021-01-25,0.011624669473231104,0.01467730372853263,981985077,Stock,Low_Vol,Sideways,Low_Correlation,Transition_Regime
2021-01-26,0.012288535237335488,0.014926288140720024,724466583,Stock,Low_Vol,Sideways,Low_Correlation,Transition_Regime
2021-01-27,0.013553920350413475,0.016248828815334664,1259839476,Stock,Low_Vol,Sideways,Low_Correlation,Transition_Regime
2021-01-28,0.01923825379239202,0.01693505024685862,954596039,Stock,Medium_Vol,Sideways,Medium_Correlation,Consolidation
2021-01-29,0.01571509627203339,0.017384172241225113,1135640870,Stock,Low_Vol,Sideways,Medium_Correlation,Transition_Regime
2021-02-01,0.016569268857493272,0.017732922255401885,841776199,Stock,Medium_Vol,Sideways,Medium_Correlation,Consolidation
2021-02-02,0.015506261389937602,0.01787301351956985,957927310,Stock,Low_Vol,Sideways,Medium_Correlation,Transition_Regime
2021-02-03,0.018700683525381706,0.018163200006951766,918664010,Stock,Medium_Vol,Sideways,Medium_Correlation,Consolidation
2021-02-04,0.014525425631542405,0.017541101392063163,767880963,Stock,Low_Vol,Sideways,Medium_Correlation,Transition_Regime
2021-02-05,0.009450866246062183,0.017014634291813855,664709225,Stock,Low_Vol,Sideways,Medium_Correlation,Transition_Regime
2021-02-08,0.016227779443348047,0.017058934365209992,948761934,Stock,Medium_Vol,Sideways,Medium_Correlation,Consolidation
2021-02-09,0.008204503362187077,0.016546913591996372,732118816,Stock,Low_Vol,Sideways,Medium_Correlation,Transition_Regime
2021-02-10,0.013285380355932262,0.016384648268300876,1039331566,Stock,Low_Vol,Sideways,Medium_Correlation,Transition_Regime
2021-02-11,0.012128815469390684,0.01645524424346983,900106182,Stock,Low_Vol,Sideways,Medium_Correlation,Transition_Regime
2021-02-12,0.010045951814556897,0.016080025198763833,815385116,Stock,Low_Vol,Sideways,Medium_Correlation,Transition_Regime
2021-02-16,0.013469991970774734,0.015963119841881108,852236253,Stock,Low_Vol,Sideways,Medium_Correlation,Transition_Regime
2021-02-17,0.014555671121534774,0.01616070665074743,833052363,Stock,Low_Vol,Sideways,Medium_Correlation,Transition_Regime
2021-02-18,0.0140720744038104,0.015971517016743667,797462227,Stock,Low_Vol,Sideways,Medium_Correlation,Transition_Regime
2021-02-19,0.011554921612179253,0.016063448806114627,871972498,Stock,Low_Vol,Sideways,Medium_Correlation,Transition_Regime
2021-02-22,0.024257701089736433,0.01661673802509794,976786264,Stock,Medium_Vol,Sideways,Medium_Correlation,Consolidation
2021-02-23,0.014819539819756174,0.016574224008639917,1267828358,Stock,Low_Vol,Sideways,Medium_Correlation,Transition_Regime
2021-02-24,0.01848147085050927,0.01673368753661025,1109755634,Stock,Medium_Vol,Sideways,Medium_Correlation,Consolidation
2021-02-25,0.02044692891451188,0.01627931893142203,1612549455,Stock,Medium_Vol,Sideways,Medium_Correlation,Consolidation
2021-02-26,0.019339603936408552,0.016420513705934055,1379097662,Stock,Medium_Vol,Sideways,Medium_Correlation,Consolidation
2021-03-01,0.015399843961635271,0.016425965153924794,968167064,Stock,Low_Vol,Sideways,Medium_Correlation,Transition_Regime
2021-03-02,0.011323537980829098,0.016145512155292797,810588290,Stock,Low_Vol,Sideways,Medium_Correlation,Transition_Regime
2021-03-03,0.01927392115775791,0.016219534251847,1077446072,Stock,Medium_Vol,Sideways,Medium_Correlation,Consolidation
2021-03-04,0.01465130742781641,0.016223937559949626,1605754088,Stock,Low_Vol,Sideways,Medium_Correlation,Transition_Regime
2021-03-05,0.0146407954736509,0.016590617259277286,1559168864,Stock,Low_Vol,Sideways,Medium_Correlation,Transition_Regime
2021-03-08,0.030107338881556155,0.01723549556123167,1401187247,Stock,Medium_Vol,Sideways,Medium_Correlation,Consolidation
2021-03-09,0.04110457284630602,0.018721660280078163,1373801620,Stock,Medium_Vol,Sideways,Medium_Correlation,Consolidation
2021-03-10,0.01176220996709863,0.018870508285941265,1124366310,Stock,Low_Vol,Sideways,Medium_Correlation,Transition_Regime
2021-03-11,0.01849133008783596,0.019369988801164358,933403524,Stock,Medium_Vol,Sideways,Medium_Correlation,Consolidation
2021-03-12,0.01144403431317343,0.01930341826768146,806078140,Stock,Low_Vol,Sideways,Medium_Correlation,Transition_Regime
2021-03-15,0.013279240130712138,0.019463827474654038,800614295,Stock,Low_Vol,Sideways,Medium_Correlation,Transition_Regime
2021-03-16,0.012402233888560368,0.019391847702692405,876049087,Stock,Low_Vol,Sideways,High_Correlation,Transition_Regime
2021-03-17,0.01383986100387407,0.019356543154242,927085078,Stock,Low_Vol,Sideways,High_Correlation,Transition_Regime
2021-03-18,0.021765128191657417,0.01957329980054884,1010208479,Stock,Medium_Vol,Sideways,Medium_Correlation,Consolidation
2021-03-19,0.018473135844947867,0.019756844764878777,1581565503,Stock,Medium_Vol,Sideways,Medium_Correlation,Consolidation
2021-03-22,0.013148599714368108,0.019690364487742685,973156179,Stock,Low_Vol,Sideways,Medium_Correlation,Transition_Regime
2021-03-23,0.011953772178881735,0.019651175477557667,849964945,Stock,Low_Vol,Sideways,Medium_Correlation,Transition_Regime
2021-03-24,0.014569881580431836,0.019381337984248622,817404316,Stock,Low_Vol,Sideways,Medium_Correlation,Transition_Regime
2021-03-25,0.010304965293748023,0.018589651737309577,939861118,Stock,Low_Vol,Sideways,Medium_Correlation,Transition_Regime
2021-03-26,0.014682468165581341,0.018453245214106663,1000618467,Stock,Low_Vol,Sideways,Medium_Correlation,Transition_Regime
2021-03-29,0.010531909155424223,0.01797563424647758,848245162,Stock,Low_Vol,Sideways,Medium_Correlation,Transition_Regime
2021-03-30,0.013585292844965749,0.01814993585278907,777712866,Stock,Low_Vol,Sideways,Medium_Correlation,Transition_Regime
2021-03-31,0.014540103202993227,0.017628920299153857,989139019,Stock,Low_Vol,Sideways,Medium_Correlation,Transition_Regime
2021-04-01,0.014164392603062364,0.017343565489039627,901035273,Stock,Low_Vol,Sideways,Medium_Correlation,Transition_Regime
2021-04-05,0.013648289475846688,0.01711733767972399,923452044,Stock,Low_Vol,Sideways,Medium_Correlation,Transition_Regime
2021-04-06,0.006145142615486747,0.015943853579762253,718152398,Stock,Low_Vol,Sideways,Medium_Correlation,Transition_Regime
2021-04-07,0.010122803939837841,0.014555535529910296,762967466,Stock,Low_Vol,Sideways,Medium_Correlation,Transition_Regime
2021-04-08,0.008691396110712095,0.014385699933271044,757490284,Stock,Low_Vol,Sideways,Medium_Correlation,Transition_Regime
2021-04-09,0.01017112916448269,0.01406148431527265,747967639,Stock,Low_Vol,Sideways,Medium_Correlation,Transition_Regime
2021-04-12,0.01331742525919614,0.013982701320719364,1406660272,Stock,Low_Vol,Uptrend,Medium_Correlation,Bull_Market
2021-04-13,0.01902676718019806,0.01405437909508217,1275319546,Stock,Medium_Vol,Uptrend,Medium_Correlation,Transition_Regime
2021-04-14,0.011654432701893789,0.01420689714441592,980272145,Stock,Low_Vol,Uptrend,Medium_Correlation,Bull_Market
2021-04-15,0.014891047209284233,0.014337530366621894,1219946234,Stock,Low_Vol,Uptrend,Medium_Correlation,Bull_Market
2021-04-16,0.0076643315985353054,0.01342441490119264,936463906,Stock,Low_Vol,Uptrend,Medium_Correlation,Bull_Market
2021-04-19,0.011586505252013532,0.013149854734173608,985031403,Stock,Low_Vol,Uptrend,Medium_Correlation,Bull_Market
2021-04-20,0.013336209520061048,0.01327223824913929,908948445,Stock,Low_Vol,Uptrend,Medium_Correlation,Bull_Market
2021-04-21,0.009085925074877581,0.013141433282597089,725671448,Stock,Low_Vol,Uptrend,Medium_Correlation,Bull_Market
2021-04-22,0.00963761644955121,0.013129973394084025,848056160,Stock,Low_Vol,Sideways,Medium_Correlation,Transition_Regime
2021-04-23,0.008644242093412996,0.01304125874818919,752164340,Stock,Low_Vol,Uptrend,Medium_Correlation,Bull_Market
2021-04-26,0.010169191868991633,0.012465266083734852,726443719,Stock,Low_Vol,Uptrend,Medium_Correlation,Bull_Market
2021-04-27,0.009845953149096925,0.012366116116107375,678972202,Stock,Low_Vol,Sideways,Medium_Correlation,Transition_Regime
2021-04-28,0.011161295824226506,0.012074011914670241,832010498,Stock,Low_Vol,Sideways,Medium_Correlation,Transition_Regime
2021-04-29,0.02168833789304033,0.012714432103992123,949078153,Stock,Medium_Vol,Sideways,Medium_Correlation,Consolidation
2021-04-30,0.013731092657376005,0.012682507089261368,927227614,Stock,Low_Vol,Sideways,Medium_Correlation,Transition_Regime
2021-05-03,0.016003901337598114,0.012507148658822912,804301402,Stock,Low_Vol,Sideways,Medium_Correlation,Transition_Regime
2021-05-04,0.013810718857978856,0.012880213312931023,1136185587,Stock,Low_Vol,Sideways,Medium_Correlation,Transition_Regime
2021-05-05,0.009426014402035863,0.012913002090885802,853140343,Stock,Low_Vol,Sideways,Medium_Correlation,Transition_Regime
2021-05-06,0.008828950165466379,0.013052136059430857,762084741,Stock,Low_Vol,Sideways,Medium_Correlation,Transition_Regime
2021-05-07,0.006929086027699227,0.012885556088181652,768399796,Stock,Low_Vol,Sideways,Medium_Correlation,Transition_Regime
2021-05-10,0.01964912988486811,0.013341577692982385,916272758,Stock,Medium_Vol,Sideways,Medium_Correlation,Consolidation
2021-05-11,0.010266785396093851,0.013247254235111718,991318602,Stock,Low_Vol,Sideways,Medium_Correlation,Transition_Regime
2021-05-12,0.013836073454311855,0.013839560378688286,989401511,Stock,Low_Vol,Sideways,Medium_Correlation,Transition_Regime
2021-05-13,0.010463407994128024,0.013461233652929755,915455051,Stock,Low_Vol,Sideways,Medium_Correlation,Transition_Regime
2021-05-14,0.014290918921188731,0.013946340679463496,795141922,Stock,Low_Vol,Sideways,Medium_Correlation,Transition_Regime
2021-05-17,0.009247811020342145,0.013904126462158556,738990408,Stock,Low_Vol,Sideways,Medium_Correlation,Transition_Regime
2021-05-18,0.007866588577339132,0.01368588710249578,736599806,Stock,Low_Vol,Sideways,Medium_Correlation,Transition_Regime
2021-05-19,0.009688147610763694,0.013550018578343115,932424696,Stock,Low_Vol,Sideways,Medium_Correlation,Transition_Regime
2021-05-20,0.01094804874121159,0.013685481970044922,838801222,Stock,Low_Vol,Sideways,Medium_Correlation,Transition_Regime
2021-05-21,0.008366536852378901,0.013516717864295072,1209258287,Stock,Low_Vol,Sideways,Medium_Correlation,Transition_Regime
2021-05-24,0.012614270427550357,0.013641532126757843,1019116410,Stock,Low_Vol,Sideways,Medium_Correlation,Transition_Regime
2021-05-25,0.008356505103064817,0.013715562809510704,948032514,Stock,Low_Vol,Sideways,Medium_Correlation,Transition_Regime
2021-05-26,0.007034110492912446,0.013596238724082443,828161254,Stock,Low_Vol,Sideways,Medium_Correlation,Transition_Regime
2021-05-27,0.013149630683759867,0.013123798227701945,1328263349,Stock,Low_Vol,Sideways,Medium_Correlation,Transition_Regime
2021-05-28,0.014998390562831532,0.013116144199758848,1119897335,Stock,Low_Vol,Sideways,Medium_Correlation,Transition_Regime
2021-06-01,0.019506945249147888,0.013374948796901404,958422414,Stock,Medium_Vol,Sideways,Medium_Correlation,Consolidation
2021-06-02,0.01035571288194354,0.013090383046143992,1041654553,Stock,Low_Vol,Sideways,Medium_Correlation,Transition_Regime
2021-06-03,0.014490270612454954,0.013185170158431176,1089724000,Stock,Low_Vol,Sideways,Medium_Correlation,Transition_Regime
2021-06-04,0.011976462989204266,0.013158205605129154,1081762400,Stock,Low_Vol,Sideways,Medium_Correlation,Transition_Regime
2021-06-07,0.009333654391404385,0.013221183840727348,1035686600,Stock,Low_Vol,Sideways,Medium_Correlation,Transition_Regime
2021-06-08,0.006985280688789779,0.01253567708597239,823007600,Stock,Low_Vol,Sideways,Medium_Correlation,Transition_Regime
2021-06-09,0.009750830249882462,0.012434270741930363,801553900,Stock,Low_Vol,Sideways,Medium_Correlation,Transition_Regime
2021-06-10,0.013086527152490637,0.011753489434235376,799671400,Stock,Low_Vol,Sideways,Medium_Correlation,Transition_Regime
2021-06-11,0.007203912332808502,0.011325422894328753,841223800,Stock,Low_Vol,Sideways,Medium_Correlation,Transition_Regime
2021-06-14,0.010988654827641366,0.01102290817475409,791534300,Stock,Low_Vol,Sideways,Medium_Correlation,Transition_Regime
2021-06-15,0.0076553565441277215,0.010967950834760513,679683100,Stock,Low_Vol,Sideways,Medium_Correlation,Transition_Regime
2021-06-16,0.008338475461878653,0.010982158701115425,906754100,Stock,Low_Vol,Sideways,Medium_Correlation,Transition_Regime
2021-06-17,0.01671469075353052,0.011353518868211204,1434941500,Stock,Low_Vol,Sideways,Low_Correlation,Transition_Regime
2021-06-18,0.010749158770810561,0.011575168005101315,1836614800,Stock,Low_Vol,Sideways,Low_Correlation,Transition_Regime
2021-06-21,0.008091485879364497,0.01189873610155204,1194897400,Stock,Low_Vol,Sideways,Low_Correlation,Transition_Regime
2021-06-22,0.008325114638432425,0.011682636225191657,1058126800,Stock,Low_Vol,Sideways,Medium_Correlation,Transition_Regime
2021-06-23,0.011773064795679895,0.011744644130767444,797534200,Stock,Low_Vol,Sideways,Medium_Correlation,Transition_Regime
2021-06-24,0.007881201194967281,0.011840335830318934,862967500,Stock,Low_Vol,Sideways,Medium_Correlation,Transition_Regime
2021-06-25,0.009708743914993153,0.011694921970004083,963213300,Stock,Low_Vol,Sideways,Low_Correlation,Transition_Regime
2021-06-28,0.016485881018215905,0.011786815399118016,948553900,Stock,Low_Vol,Sideways,Low_Correlation,Transition_Regime
2021-06-29,0.008005306405595467,0.01107159306222915,817289700,Stock,Low_Vol,Sideways,Low_Correlation,Transition_Regime
2021-06-30,0.008125953367073458,0.011137623071871404,787988000,Stock,Low_Vol,Uptrend,Low_Correlation,Bull_Market
2021-07-01,0.007520031282434674,0.010840325019131016,869114100,Stock,Low_Vol,Uptrend,Low_Correlation,Bull_Market
2021-07-02,0.008260208910627924,0.010739060007132402,843632200,Stock,Low_Vol,Uptrend,Low_Correlation,Bull_Market
2021-07-06,0.013806036618575471,0.010831110560818653,1052937300,Stock,Low_Vol,Uptrend,Low_Correlation,Bull_Market
2021-07-07,0.009250955906562087,0.01080756433804949,958091800,Stock,Low_Vol,Uptrend,Medium_Correlation,Bull_Market
2021-07-08,0.008759798023117077,0.010932171164247785,1076540700,Stock,Low_Vol,Uptrend,Medium_Correlation,Bull_Market
2021-07-09,0.009848039327857105,0.010816667600958129,783844600,Stock,Low_Vol,Uptrend,Medium_Correlation,Bull_Market
2021-07-12,0.012999440055412604,0.011041434126316573,837393000,Stock,Low_Vol,Uptrend,Medium_Correlation,Bull_Market
2021-07-13,0.011164511214459891,0.011082474190194858,817456000,Stock,Low_Vol,Uptrend,Medium_Correlation,Bull_Market
2021-07-14,0.012034569917637706,0.01114023646531536,983931400,Stock,Low_Vol,Uptrend,Medium_Correlation,Bull_Market
2021-07-15,0.011119677730015388,0.01108301990994841,1068272700,Stock,Low_Vol,Uptrend,Medium_Correlation,Bull_Market
2021-07-16,0.011897681152662844,0.01092857692780274,1206339000,Stock,Low_Vol,Sideways,Medium_Correlation,Transition_Regime
2021-07-19,0.016782294953211496,0.011113709688893627,1411286100,Stock,Low_Vol,Sideways,Medium_Correlation,Transition_Regime
2021-07-20,0.010097067213104426,0.011141637389399692,995780400,Stock,Low_Vol,Sideways,Medium_Correlation,Transition_Regime
2021-07-21,0.011144316959044009,0.011265413501819293,839529100,Stock,Low_Vol,Sideways,Medium_Correlation,Transition_Regime
2021-07-22,0.00993005477434811,0.0111969452643639,773124100,Stock,Low_Vol,Sideways,Medium_Correlation,Transition_Regime
2021-07-23,0.012647718255839347,0.011495157832048027,659740700,Stock,Low_Vol,Uptrend,Medium_Correlation,Bull_Market
2021-07-26,0.007723429643278034,0.011389863251206053,651763400,Stock,Low_Vol,Uptrend,Medium_Correlation,Bull_Market
2021-07-27,0.008897533994706932,0.011127188503582354,851630800,Stock,Low_Vol,Sideways,Medium_Correlation,Transition_Regime
2021-07-28,0.012079020178313788,0.011356323988280835,814769200,Stock,Low_Vol,Sideways,Medium_Correlation,Transition_Regime
2021-07-29,0.013269479654102528,0.01145645597544771,720553100,Stock,Low_Vol,Sideways,Medium_Correlation,Transition_Regime
2021-07-30,0.015843135437696783,0.011739690766426973,821019800,Stock,Low_Vol,Sideways,Medium_Correlation,Transition_Regime
2021-08-02,0.01180398911616883,0.01174700110928391,731503900,Stock,Low_Vol,Sideways,Medium_Correlation,Transition_Regime
2021-08-03,0.010769917187660712,0.011728015638870166,791378300,Stock,Low_Vol,Sideways,Medium_Correlation,Transition_Regime
2021-08-04,0.009310269190472169,0.011809979829677847,650690200,Stock,Low_Vol,Sideways,Medium_Correlation,Transition_Regime
2021-08-05,0.009798099063162,0.011886738517866499,578279700,Stock,Low_Vol,Sideways,Medium_Correlation,Transition_Regime
2021-08-06,0.010697724732529218,0.011840442109208387,583126500,Stock,Low_Vol,Sideways,Medium_Correlation,Transition_Regime
2021-08-09,0.007448661216573556,0.011594120874554546,522105800,Stock,Low_Vol,Sideways,Low_Correlation,Transition_Regime
2021-08-10,0.01282551596709245,0.011616468502236629,650529100,Stock,Low_Vol,Sideways,Medium_Correlation,Transition_Regime
2021-08-11,0.010432570419952183,0.011523044863471771,612068700,Stock,Low_Vol,Sideways,Low_Correlation,Transition_Regime
2021-08-12,0.00907374080770239,0.011493693237136551,545697200,Stock,Low_Vol,Sideways,Low_Correlation,Transition_Regime
2021-08-13,0.007966961615336401,0.011282453448518876,585075800,Stock,Low_Vol,Sideways,Low_Correlation,Transition_Regime
2021-08-16,0.012257012283354251,0.010702576378880313,740732700,Stock,Low_Vol,Sideways,Low_Correlation,Transition_Regime
2021-08-17,0.014473323151361631,0.010853508403855452,781009900,Stock,Low_Vol,Sideways,Low_Correlation,Transition_Regime
2021-08-18,0.0115922388312494,0.011169310518933816,833903000,Stock,Low_Vol,Sideways,Low_Correlation,Transition_Regime
2021-08-19,0.012950447898385493,0.011330493038336109,1286537500,Stock,Low_Vol,Sideways,Medium_Correlation,Transition_Regime
2021-08-20,0.010821388640929165,0.011030270014820941,1125788300,Stock,Low_Vol,Sideways,Low_Correlation,Transition_Regime
2021-08-23,0.014693279304763574,0.011332628644152933,1076024600,Stock,Low_Vol,Sideways,Low_Correlation,Transition_Regime
2021-08-24,0.00875142735235241,0.011354509081173154,696212600,Stock,Low_Vol,Sideways,Low_Correlation,Transition_Regime
2021-08-25,0.008431048491755905,0.011193754766350397,758006600,Stock,Low_Vol,Sideways,Low_Correlation,Transition_Regime
2021-08-26,0.008327651106802529,0.011066922226362057,628989400,Stock,Low_Vol,Sideways,Low_Correlation,Transition_Regime
2021-08-27,0.010065181378103086,0.010791468862003327,730942200,Stock,Low_Vol,Sideways,Low_Correlation,Transition_Regime
2021-08-30,0.01132676438702445,0.010867530727511348,720974300,Stock,Low_Vol,Sideways,Medium_Correlation,Transition_Regime
2021-08-31,0.006816367122898526,0.010713042942328964,829369900,Stock,Low_Vol,Sideways,Medium_Correlation,Transition_Regime
2021-09-01,0.01463474842769705,0.010908633117140179,713482100,Stock,Low_Vol,Sideways,Medium_Correlation,Transition_Regime
2021-09-02,0.010739117451204571,0.010887487758941956,650015700,Stock,Low_Vol,Sideways,Medium_Correlation,Transition_Regime
2021-09-03,0.005713275064244069,0.010657957060183524,684525600,Stock,Low_Vol,Sideways,Medium_Correlation,Transition_Regime
2021-09-07,0.011901780401469116,0.010941698419731442,686570300,Stock,Low_Vol,Sideways,Medium_Correlation,Transition_Regime
2021-09-08,0.009252133462634694,0.01083886138993569,685839500,Stock,Low_Vol,Sideways,Medium_Correlation,Transition_Regime
2021-09-09,0.007623522596371979,0.010841439389388115,609700500,Stock,Low_Vol,Sideways,Medium_Correlation,Transition_Regime
2021-09-10,0.009996400647882797,0.010939148626159807,754491000,Stock,Low_Vol,Sideways,Medium_Correlation,Transition_Regime
2021-09-13,0.012177954663683908,0.011161108460428152,826610300,Stock,Low_Vol,Sideways,Medium_Correlation,Transition_Regime
2021-09-14,0.007485807084576867,0.010931488660378824,679617100,Stock,Low_Vol,Sideways,Medium_Correlation,Transition_Regime
2021-09-15,0.006614307895033738,0.01051563911840361,669449400,Stock,Low_Vol,Sideways,Medium_Correlation,Transition_Regime
2021-09-16,0.005914637284916511,0.01006832572737389,594319700,Stock,Low_Vol,Sideways,Medium_Correlation,Transition_Regime
2021-09-17,0.015169571255064697,0.01018954746079812,1252756200,Stock,Low_Vol,Sideways,Medium_Correlation,Transition_Regime
2021-09-20,0.011348968363051793,0.010762134187662541,1074159500,Stock,Low_Vol,Sideways,Medium_Correlation,Transition_Regime
2021-09-21,0.009213195254276533,0.010381595977313213,679108100,Stock,Low_Vol,Sideways,High_Correlation,Transition_Regime
2021-09-22,0.014807813864489639,0.010671039257580705,763502900,Stock,Low_Vol,Sideways,Medium_Correlation,Transition_Regime
2021-09-23,0.015544243165413538,0.011303936621967759,690403400,Stock,Low_Vol,Sideways,High_Correlation,Transition_Regime
2021-09-24,0.011597081623652784,0.011425852526906694,624712700,Stock,Low_Vol,Sideways,High_Correlation,Transition_Regime
2021-09-27,0.014509493461670865,0.011632873043791373,754632900,Stock,Low_Vol,Sideways,Medium_Correlation,Transition_Regime
2021-09-28,0.012342917444023858,0.012243436852908232,1002333300,Stock,Low_Vol,Sideways,Medium_Correlation,Transition_Regime
2021-09-29,0.007643604105263155,0.012339230147326147,688434900,Stock,Low_Vol,Sideways,Medium_Correlation,Transition_Regime
2021-09-30,0.007617892611842927,0.012274100242545051,761760200,Stock,Low_Vol,Sideways,Medium_Correlation,Transition_Regime
2021-10-01,0.018952112202262082,0.012877352327065043,879623300,Stock,Medium_Vol,Sideways,Medium_Correlation,Consolidation
2021-10-04,0.016141084112233306,0.013381078156600378,1068525700,Stock,Low_Vol,Sideways,High_Correlation,Transition_Regime
2021-10-05,0.010358095674045432,0.013514885092694684,823120400,Stock,Low_Vol,Sideways,High_Correlation,Transition_Regime
2021-10-06,0.007229337299056093,0.013610153351158073,794301100,Stock,Low_Vol,Sideways,Medium_Correlation,Transition_Regime
2021-10-07,0.007865915584174807,0.013804227029552517,720427700,Stock,Low_Vol,Sideways,Medium_Correlation,Transition_Regime
2021-10-08,0.005976055506367027,0.013633923444454354,543579400,Stock,Low_Vol,Sideways,Medium_Correlation,Transition_Regime
2021-10-11,0.008602622029789172,0.013630043891497417,554700200,Stock,Low_Vol,Sideways,Medium_Correlation,Transition_Regime
2021-10-12,0.008945320778721327,0.013671302001233142,659544700,Stock,Low_Vol,Sideways,Medium_Correlation,Transition_Regime
2021-10-13,0.009430453077349547,0.013667769066303393,653805100,Stock,Low_Vol,Sideways,Medium_Correlation,Transition_Regime
2021-10-14,0.011583166672199295,0.014295273542843566,743144100,Stock,Low_Vol,Sideways,Medium_Correlation,Transition_Regime
2021-10-15,0.011533858036786946,0.014219418244880721,811926100,Stock,Low_Vol,Sideways,Medium_Correlation,Transition_Regime
2021-10-18,0.014308526202349167,0.013848030089003947,728020600,Stock,Low_Vol,Sideways,Medium_Correlation,Transition_Regime
2021-10-19,0.009406213021354737,0.014078022209411114,609725700,Stock,Low_Vol,Sideways,Medium_Correlation,Transition_Regime
2021-10-20,0.01198976867558197,0.014115281404745474,565871300,Stock,Low_Vol,Sideways,Medium_Correlation,Transition_Regime
2021-10-21,0.010317619043827386,0.01379292412733496,631523100,Stock,Low_Vol,Sideways,Medium_Correlation,Transition_Regime
2021-10-22,0.014909685163548675,0.013876014585650609,731811800,Stock,Low_Vol,Sideways,Medium_Correlation,Transition_Regime
2021-10-25,0.023778266179758794,0.014094995959793863,797790800,Stock,Medium_Vol,Sideways,Medium_Correlation,Consolidation
2021-10-26,0.016497092669796272,0.013295098149309743,1144540800,Stock,Low_Vol,Sideways,Medium_Correlation,Transition_Regime
2021-10-27,0.022915526834394725,0.014046130042778198,891585600,Stock,Medium_Vol,Sideways,Medium_Correlation,Consolidation
2021-10-28,0.015138352699057988,0.013838451547140236,873018500,Stock,Low_Vol,Sideways,Medium_Correlation,Transition_Regime
2021-10-29,0.01399798918958026,0.01354919625362631,1010040000,Stock,Low_Vol,Sideways,Medium_Correlation,Transition_Regime
2021-11-01,0.01847925005933278,0.012915116983972845,898099600,Stock,Medium_Vol,Sideways,Medium_Correlation,Consolidation
2021-11-02,0.013309063413629106,0.01302529943136953,903291400,Stock,Low_Vol,Uptrend,Medium_Correlation,Bull_Market
2021-11-03,0.00910430202865304,0.012968365614580219,761132600,Stock,Low_Vol,Uptrend,Medium_Correlation,Bull_Market
2021-11-04,0.024743297636136734,0.013444713917727143,1740520300,Stock,Medium_Vol,Uptrend,Medium_Correlation,Transition_Regime
2021-11-05,0.031959339332082275,0.014789829514026348,1579796000,Stock,Medium_Vol,Uptrend,Medium_Correlation,Transition_Regime
2021-11-08,0.014826563388771129,0.014852587680412114,1035801600,Stock,Low_Vol,Uptrend,Medium_Correlation,Bull_Market
2021-11-09,0.023621974602160842,0.015172185128179494,1229085400,Stock,Medium_Vol,Uptrend,Medium_Correlation,Transition_Regime
2021-11-10,0.020391896771533025,0.01571321171121438,1218124000,Stock,Medium_Vol,Sideways,Medium_Correlation,Consolidation
2021-11-11,0.01659272290717918,0.01557286563944195,775130200,Stock,Medium_Vol,Sideways,Medium_Correlation,Consolidation
2021-11-12,0.013328330695523473,0.01553227569786768,915314000,Stock,Low_Vol,Sideways,Medium_Correlation,Transition_Regime
2021-11-15,0.007689707078288689,0.015385334751647183,893554000,Stock,Low_Vol,Sideways,Medium_Correlation,Transition_Regime
2021-11-16,0.01561538051090764,0.015517804104957426,787789500,Stock,Low_Vol,Sideways,Medium_Correlation,Transition_Regime
2021-11-17,0.015372918702118005,0.015459119029691975,988099100,Stock,Low_Vol,Sideways,Low_Correlation,Transition_Regime
2021-11-18,0.020300599529815454,0.015720881979100532,1406100600,Stock,Medium_Vol,Sideways,Low_Correlation,Consolidation
2021-11-19,0.016362389729112605,0.01560001411585961,1204031800,Stock,Low_Vol,Sideways,Low_Correlation,Transition_Regime
2021-11-22,0.01815128265741462,0.015859837906026956,1451565600,Stock,Medium_Vol,Sideways,Low_Correlation,Consolidation
2021-11-23,0.015218944463740199,0.015957488129782878,1162139400,Stock,Low_Vol,Sideways,Low_Correlation,Transition_Regime
2021-11-24,0.010320444668351973,0.015290911308581356,884423900,Stock,Low_Vol,Sideways,Low_Correlation,Transition_Regime
2021-11-26,0.01988494203831632,0.01606036247424997,822103100,Stock,Medium_Vol,Sideways,Low_Correlation,Consolidation
2021-11-29,0.023002950527667713,0.016438838785575866,1110309200,Stock,Medium_Vol,Sideways,Medium_Correlation,Consolidation
2021-11-30,0.015752566701430024,0.017176788628556934,1576538800,Stock,Low_Vol,Sideways,Medium_Correlation,Transition_Regime
2021-12-01,0.025163715370259385,0.017789844848691047,1258455100,Stock,Medium_Vol,Sideways,Medium_Correlation,Consolidation
2021-12-02,0.017738604781418588,0.01822512231723679,1178497300,Stock,Medium_Vol,Sideways,Medium_Correlation,Consolidation
2021-12-03,0.024590231317750375,0.01832757997732875,1298495200,Stock,Medium_Vol,Sideways,Medium_Correlation,Consolidation
2021-12-06,0.01822717650623587,0.01792450554158253,1333704300,Stock,Medium_Vol,Sideways,Medium_Correlation,Consolidation
2021-12-07,0.01979964299471903,0.01838247815318584,1239735400,Stock,Medium_Vol,Sideways,Medium_Correlation,Consolidation
2021-12-08,0.011411947142274658,0.018125851868945872,1033517500,Stock,Low_Vol,Sideways,Medium_Correlation,Transition_Regime
2021-12-09,0.016369653542567364,0.01793406485265958,1040691500,Stock,Medium_Vol,Sideways,Medium_Correlation,Consolidation
2021-12-10,0.019967304048016728,0.018350902262155865,1100284000,Stock,Medium_Vol,Sideways,Medium_Correlation,Consolidation
2021-12-13,0.021909005501448326,0.018648878942287683,1319572100,Stock,Medium_Vol,Sideways,Medium_Correlation,Consolidation
2021-12-14,0.017708693700395507,0.01899361096256242,1398644500,Stock,Medium_Vol,Sideways,Medium_Correlation,Consolidation
2021-12-15,0.017935638402955197,0.01934357160431185,1448519900,Stock,Medium_Vol,Sideways,Medium_Correlation,Consolidation
2021-12-16,0.0312063704256919,0.020051315431393314,1525396300,Stock,Medium_Vol,Sideways,Medium_Correlation,Consolidation
2021-12-17,0.01338144561503361,0.020188545670021398,1918668100,Stock,Low_Vol,Sideways,Medium_Correlation,Transition_Regime
2021-12-20,0.013952798120640155,0.02007780359423402,1090482100,Stock,Low_Vol,Sideways,Medium_Correlation,Transition_Regime
2021-12-21,0.018135869302682357,0.020201397337148264,1126676900,Stock,Medium_Vol,Sideways,Medium_Correlation,Consolidation
2021-12-22,0.01416315827588613,0.020259752281587814,958661900,Stock,Low_Vol,Sideways,Medium_Correlation,Transition_Regime
2021-12-23,0.0116834792882841,0.020267375063215454,810652800,Stock,Low_Vol,Sideways,Medium_Correlation,Transition_Regime
2021-12-27,0.010921790426272202,0.019551757465070922,850279900,Stock,Low_Vol,Sideways,Medium_Correlation,Transition_Regime
2021-12-28,0.008666820854564218,0.018945687471288185,852141100,Stock,Low_Vol,Sideways,Medium_Correlation,Transition_Regime
2021-12-29,0.005735224486362777,0.017924787740550403,704901300,Stock,Low_Vol,Sideways,Medium_Correlation,Transition_Regime
2021-12-30,0.00616850638335678,0.017104989379863784,652216100,Stock,Low_Vol,Sideways,Medium_Correlation,Transition_Regime
2021-12-31,0.007755445392025523,0.016685379879704077,635805100,Stock,Low_Vol,Sideways,Medium_Correlation,Transition_Regime
2022-01-03,0.029391160099515614,0.01689423952754968,1034703300,Stock,Medium_Vol,Sideways,Medium_Correlation,Consolidation
2022-01-04,0.02121518297935021,0.01703361905732936,1254623700,Stock,Medium_Vol,Sideways,Medium_Correlation,Consolidation
2022-01-05,0.027265952162208545,0.017412931606548627,1230339200,Stock,Medium_Vol,Sideways,Medium_Correlation,Consolidation
2022-01-06,0.012956920718258548,0.017518571282790385,1088429200,Stock,Low_Vol,Sideways,Medium_Correlation,Transition_Regime
2022-01-07,0.016643990485114175,0.0176476073559407,992305200,Stock,Medium_Vol,Sideways,Medium_Correlation,Consolidation
2022-01-10,0.015008774111194376,0.017215215472010225,1328121500,Stock,Low_Vol,Sideways,Medium_Correlation,Transition_Regime
2022-01-11,0.009044951919083485,0.016874714909407843,948136900,Stock,Low_Vol,Sideways,Medium_Correlation,Transition_Regime
2022-01-12,0.009326047543031213,0.016650361732382053,906298100,Stock,Low_Vol,Sideways,Medium_Correlation,Transition_Regime
2022-01-13,0.01914859441741308,0.016348498932923936,1130532800,Stock,Medium_Vol,Sideways,Medium_Correlation,Consolidation
2022-01-14,0.01778869460586154,0.01572474159468231,1022314500,Stock,Medium_Vol,Sideways,Medium_Correlation,Consolidation
2022-01-18,0.013274700589239127,0.015656935415071706,1096422900,Stock,Low_Vol,Sideways,Medium_Correlation,Transition_Regime
2022-01-19,0.013950922507575176,0.015647364395201115,1124292800,Stock,Low_Vol,Sideways,Medium_Correlation,Transition_Regime
2022-01-20,0.010907318458005409,0.015282836668152154,1044554100,Stock,Low_Vol,Sideways,Medium_Correlation,Transition_Regime
2022-01-21,0.018752533807573343,0.015707741409319884,1659329200,Stock,Medium_Vol,Sideways,Medium_Correlation,Consolidation
2022-01-24,0.015663882957501832,0.015967158511165022,2091579800,Stock,Low_Vol,Sideways,Medium_Correlation,Transition_Regime
2022-01-25,0.018181896515443222,0.01584341352895123,1488320400,Stock,Medium_Vol,Downtrend,Medium_Correlation,Transition_Regime
2022-01-26,0.017271277781798072,0.01634213334551435,1625580200,Stock,Medium_Vol,Downtrend,Medium_Correlation,Transition_Regime
2022-01-27,0.024604182360504347,0.016665978997253014,1388470400,Stock,Medium_Vol,Downtrend,Medium_Correlation,Transition_Regime
2022-01-28,0.02372754980627047,0.01898841164109789,1366392100,Stock,Medium_Vol,Downtrend,Medium_Correlation,Transition_Regime
2022-01-31,0.025973823848510404,0.019980983100627497,1286746900,Stock,Medium_Vol,Sideways,Medium_Correlation,Consolidation
2022-02-01,0.009920189163388783,0.01949568752471616,1142871800,Stock,Low_Vol,Sideways,Medium_Correlation,Transition_Regime
2022-02-02,0.01870568400579273,0.01955218176405745,1281086900,Stock,Medium_Vol,Sideways,Medium_Correlation,Consolidation
2022-02-03,0.05023921065574611,0.02077690682341298,1383598900,Stock,Medium_Vol,Sideways,Medium_Correlation,Consolidation
2022-02-04,0.029148524141982404,0.02138649775275721,1214560700,Stock,Medium_Vol,Sideways,Medium_Correlation,Consolidation
2022-02-07,0.013019300869345222,0.02117330486195523,1046853300,Stock,Low_Vol,Sideways,Medium_Correlation,Transition_Regime
2022-02-08,0.011886509288757471,0.021082502542092506,1089274500,Stock,Low_Vol,Sideways,Medium_Correlation,Transition_Regime
2022-02-09,0.0166527264616178,0.021366992064493488,1142469300,Stock,Medium_Vol,Sideways,Medium_Correlation,Consolidation
2022-02-10,0.01467012572236435,0.021779467165733833,1197965600,Stock,Medium_Vol,Sideways,Medium_Correlation,Consolidation
2022-02-11,0.01777011902858126,0.021773376630093724,1302498800,Stock,Medium_Vol,Downtrend,Medium_Correlation,Transition_Regime
2022-02-14,0.010293205966161175,0.021485842759341987,1086621700,Stock,Low_Vol,Downtrend,Medium_Correlation,Bear_Market
2022-02-15,0.019542134182653548,0.021544791681902643,1232165600,Stock,Medium_Vol,Sideways,Medium_Correlation,Consolidation
2022-02-16,0.006955970616474794,0.021243031474158666,1249931200,Stock,Low_Vol,Sideways,Medium_Correlation,Transition_Regime
2022-02-17,0.0232351440502631,0.021842119811289733,1389863900,Stock,Medium_Vol,Downtrend,Medium_Correlation,Transition_Regime
2022-02-18,0.010966581821329351,0.02134744038088079,1362434100,Stock,Low_Vol,Downtrend,Medium_Correlation,Bear_Market
2022-02-22,0.017622993524475463,0.02155072860775418,1308433100,Stock,Medium_Vol,Downtrend,Medium_Correlation,Transition_Regime
2022-02-23,0.014583547091489091,0.021512096040978635,1195409900,Stock,Medium_Vol,Downtrend,Medium_Correlation,Transition_Regime
2022-02-24,0.03188512398071512,0.02235148723903898,1701347100,Stock,Medium_Vol,Downtrend,Medium_Correlation,Transition_Regime
2022-02-25,0.013521947172727684,0.023178645730879202,1190504300,Stock,Medium_Vol,Downtrend,Medium_Correlation,Transition_Regime
2022-02-28,0.018952586736855678,0.02177686849687075,1196113500,Stock,Medium_Vol,Downtrend,High_Correlation,Transition_Regime
2022-03-01,0.0154987642159637,0.02135211343283092,1036232000,Stock,Medium_Vol,Downtrend,Medium_Correlation,Transition_Regime
2022-03-02,0.01015369325261462,0.021618305206181174,988709800,Stock,Low_Vol,Sideways,Medium_Correlation,Transition_Regime
2022-03-03,0.014949901393980723,0.021181915226521613,934743800,Stock,Medium_Vol,Sideways,Medium_Correlation,Consolidation
2022-03-04,0.018711521223451256,0.01978759791983422,1093517700,Stock,Medium_Vol,Downtrend,Medium_Correlation,Transition_Regime
2022-03-07,0.02191913447615678,0.020081212650458993,1250912200,Stock,Medium_Vol,Downtrend,Medium_Correlation,Transition_Regime
2022-03-08,0.015381915925551014,0.020442431712236822,1356907900,Stock,Medium_Vol,Downtrend,Medium_Correlation,Transition_Regime
2022-03-09,0.01999546526873492,0.021726660353781686,1136195200,Stock,Medium_Vol,Downtrend,Medium_Correlation,Transition_Regime
2022-03-10,0.01662104083672079,0.02154343697625323,1064797900,Stock,Medium_Vol,Downtrend,Medium_Correlation,Transition_Regime
2022-03-11,0.015638693556029756,0.02139914097960681,949091500,Stock,Medium_Vol,Downtrend,Medium_Correlation,Transition_Regime
2022-03-14,0.019645314019411164,0.02133863434267306,1033818700,Stock,Medium_Vol,Downtrend,Medium_Correlation,Transition_Regime
2022-03-15,0.015254769358581262,0.022270273027220712,1100485400,Stock,Medium_Vol,Sideways,Medium_Correlation,Consolidation
2022-03-16,0.02126764286442291,0.02265387860039042,1363945900,Stock,Medium_Vol,Sideways,Medium_Correlation,Consolidation
2022-03-17,0.009693833000066253,0.02285549032481189,1029980300,Stock,Low_Vol,Sideways,Medium_Correlation,Transition_Regime
2022-03-18,0.018820273213252987,0.022489514614405928,1681713200,Stock,Medium_Vol,Sideways,Medium_Correlation,Consolidation
2022-03-21,0.011567873312271673,0.022403287677691706,1209968000,Stock,Low_Vol,Sideways,Medium_Correlation,Transition_Regime
2022-03-22,0.017916125567976594,0.022138965880954216,1167742600,Stock,Medium_Vol,Sideways,Medium_Correlation,Consolidation
2022-03-23,0.019048612977036826,0.022268340121570033,1107829800,Stock,Medium_Vol,Sideways,Medium_Correlation,Consolidation
2022-03-24,0.01871438398207751,0.021557472909997887,1381432000,Stock,Medium_Vol,Sideways,Medium_Correlation,Consolidation
2022-03-25,0.008246390704025988,0.020670366354043124,1046380200,Stock,Low_Vol,Sideways,Medium_Correlation,Transition_Regime
2022-03-28,0.01678252409922715,0.020594716636375122,976405600,Stock,Medium_Vol,Sideways,Medium_Correlation,Consolidation
2022-03-29,0.013955779058050474,0.020330351055952503,1095175200,Stock,Low_Vol,Sideways,Medium_Correlation,Transition_Regime
2022-03-30,0.013404278550712807,0.020297343331026223,978129100,Stock,Low_Vol,Sideways,Medium_Correlation,Transition_Regime
2022-03-31,0.009214783298413751,0.020464507819670075,1154929200,Stock,Low_Vol,Sideways,Medium_Correlation,Transition_Regime
2022-04-01,0.009681451843286682,0.02013042047121649,1037092400,Stock,Low_Vol,Sideways,Medium_Correlation,Transition_Regime
2022-04-04,0.01670996254857397,0.018612552182869255,937308300,Stock,Medium_Vol,Sideways,Medium_Correlation,Consolidation
2022-04-05,0.016861263000814627,0.01835203896645813,965068500,Stock,Medium_Vol,Sideways,Medium_Correlation,Consolidation
2022-04-06,0.02604918019371763,0.018225598271561932,1365934100,Stock,Medium_Vol,Sideways,Medium_Correlation,Consolidation
2022-04-07,0.01553598290526713,0.018142725296659005,1138487300,Stock,Medium_Vol,Uptrend,Medium_Correlation,Transition_Regime
2022-04-08,0.016457620735425085,0.017890431663979658,1010716700,Stock,Medium_Vol,Sideways,Medium_Correlation,Consolidation
2022-04-11,0.014444260333844152,0.01834835410198167,1096542100,Stock,Low_Vol,Sideways,Medium_Correlation,Transition_Regime
2022-04-12,0.009247200809800063,0.0175817858546161,1192036600,Stock,Low_Vol,Sideways,Medium_Correlation,Transition_Regime
2022-04-13,0.016692600516082207,0.017000984044970396,1032958000,Stock,Medium_Vol,Sideways,Medium_Correlation,Consolidation
2022-04-14,0.015427427057973547,0.0171416474979612,1127995500,Stock,Low_Vol,Sideways,Medium_Correlation,Transition_Regime
2022-04-18,0.014361334779384397,0.016854657994422637,992072100,Stock,Low_Vol,Sideways,High_Correlation,Transition_Regime
2022-04-19,0.014496185026075335,0.017381225551066394,1003876800,Stock,Low_Vol,Sideways,High_Correlation,Transition_Regime
2022-04-20,0.025266021393528317,0.017584792438814535,1033945600,Stock,Medium_Vol,Sideways,High_Correlation,Consolidation
2022-04-21,0.020180967739221272,0.01736199681470203,1291988200,Stock,Medium_Vol,Sideways,Medium_Correlation,Consolidation
2022-04-22,0.011126090295719683,0.017888765952460268,1267272000,Stock,Low_Vol,Sideways,High_Correlation,Transition_Regime
2022-04-25,0.01362998350297586,0.0181758052848051,1308368600,Stock,Low_Vol,Sideways,Medium_Correlation,Transition_Regime
2022-04-26,0.023058315593366442,0.018882238792877048,1406253600,Stock,Medium_Vol,Sideways,Medium_Correlation,Consolidation
2022-04-27,0.021947733568968137,0.01889521794075626,1238043200,Stock,Medium_Vol,Sideways,High_Correlation,Consolidation
2022-04-28,0.034960016125067876,0.021082211495813578,1426291400,Stock,Medium_Vol,Sideways,High_Correlation,Consolidation
2022-04-29,0.02441876842044321,0.022601778189547915,1452695200,Stock,Medium_Vol,Sideways,High_Correlation,Consolidation
2022-05-02,0.021282198804571495,0.023060833191500523,1354417700,Stock,Medium_Vol,Sideways,Medium_Correlation,Consolidation
2022-05-03,0.00996026334254742,0.022843923308176396,1070777500,Stock,Low_Vol,Sideways,Medium_Correlation,Transition_Regime
2022-05-04,0.012084414991210492,0.023933358036141956,1362015800,Stock,Low_Vol,Sideways,Medium_Correlation,Transition_Regime
2022-05-05,0.022965477936707106,0.024686944881406714,1411781200,Stock,Medium_Vol,Sideways,High_Correlation,Consolidation
2022-05-06,0.011029505511648479,0.024365785002435428,1331986000,Stock,Low_Vol,Sideways,High_Correlation,Transition_Regime
2022-05-09,0.026597751341569158,0.024975677065984424,1429304400,Stock,Medium_Vol,Downtrend,High_Correlation,Transition_Regime
2022-05-10,0.01635884310480719,0.02503764388380115,1492985400,Stock,Medium_Vol,Downtrend,High_Correlation,Transition_Regime
2022-05-11,0.021929568309012746,0.025358107470458528,1446544200,Stock,Medium_Vol,Downtrend,High_Correlation,Transition_Regime
2022-05-12,0.015096377577711196,0.02510009862990113,1647616600,Stock,Medium_Vol,Downtrend,High_Correlation,Transition_Regime
2022-05-13,0.02213887810266263,0.025895337579890813,1315173100,Stock,Medium_Vol,Downtrend,High_Correlation,Transition_Regime
2022-05-16,0.015572763638644174,0.02578584343045926,1079329300,Stock,Medium_Vol,Downtrend,High_Correlation,Transition_Regime
2022-05-17,0.030098458540983714,0.026437227843213177,1277214000,Stock,Medium_Vol,Downtrend,High_Correlation,Transition_Regime
2022-05-18,0.026618587395048642,0.02792254212263423,1332066300,Stock,Medium_Vol,Downtrend,High_Correlation,Transition_Regime
2022-05-19,0.012901658538643267,0.027773075826598558,1371265900,Stock,Medium_Vol,Downtrend,High_Correlation,Transition_Regime
2022-05-20,0.01793541901720456,0.027376749380952477,1594518700,Stock,Medium_Vol,Downtrend,High_Correlation,Transition_Regime
2022-05-23,0.020196370881632515,0.028033041153039465,1398901100,Stock,Medium_Vol,Downtrend,High_Correlation,Transition_Regime
2022-05-24,0.026252053184448502,0.027701994128368844,1323563100,Stock,Medium_Vol,Downtrend,High_Correlation,Transition_Regime
2022-05-25,0.016055849647728774,0.02755127972930165,1408616700,Stock,Medium_Vol,Downtrend,High_Correlation,Transition_Regime
2022-05-26,0.019446588604557398,0.026503375572034336,1668794200,Stock,Medium_Vol,Sideways,High_Correlation,Consolidation
2022-05-27,0.019416796287737046,0.025652523710018527,1361636400,Stock,Medium_Vol,Sideways,Medium_Correlation,Consolidation
2022-05-31,0.014243723766015357,0.025509688025536163,1587681600,Stock,Medium_Vol,Sideways,Medium_Correlation,Consolidation
2022-06-01,0.021938017998958056,0.02583284196150077,1173971200,Stock,Medium_Vol,Sideways,Medium_Correlation,Consolidation
2022-06-02,0.022418736044117146,0.025601792038545925,1270561100,Stock,Medium_Vol,Sideways,Medium_Correlation,Consolidation
2022-06-03,0.01838524955046251,0.02449780233118365,1150757000,Stock,Medium_Vol,Sideways,Medium_Correlation,Consolidation
2022-06-06,0.008363408411803358,0.024414445034014853,992568500,Stock,Low_Vol,Sideways,Medium_Correlation,Transition_Regime
2022-06-07,0.008601370644385218,0.023202987448079256,902722300,Stock,Low_Vol,Sideways,Medium_Correlation,Transition_Regime
2022-06-08,0.007612760088426711,0.023119639532467293,811086100,Stock,Low_Vol,Sideways,Medium_Correlation,Transition_Regime
2022-06-09,0.014903137034219872,0.023358347631370884,920239400,Stock,Medium_Vol,Sideways,Medium_Correlation,Consolidation
2022-06-10,0.019401413440357736,0.024391833418592485,1102537500,Stock,Medium_Vol,Downtrend,Medium_Correlation,Transition_Regime
2022-06-13,0.018015945321018766,0.024992171481109084,1370763100,Stock,Medium_Vol,Downtrend,Medium_Correlation,Transition_Regime
2022-06-14,0.013302989119022234,0.024966652369941063,1085159200,Stock,Medium_Vol,Downtrend,Medium_Correlation,Transition_Regime
2022-06-15,0.015112722847893958,0.024330437281265126,1237075700,Stock,Medium_Vol,Downtrend,Medium_Correlation,Transition_Regime
2022-06-16,0.02260039433774212,0.022879405823425143,1271606900,Stock,Medium_Vol,Downtrend,High_Correlation,Transition_Regime
2022-06-17,0.011505081802363527,0.0227676193695768,1576976900,Stock,Low_Vol,Downtrend,High_Correlation,Bear_Market
2022-06-21,0.022533613094557113,0.023857682933970708,1172618800,Stock,Medium_Vol,Downtrend,High_Correlation,Transition_Regime
2022-06-22,0.010712060083716944,0.023029237910344044,1022383800,Stock,Low_Vol,Downtrend,High_Correlation,Bear_Market
2022-06-23,0.014947050923759336,0.022989767393659436,1043934300,Stock,Medium_Vol,Sideways,High_Correlation,Consolidation
2022-06-24,0.02117707017736947,0.023932607462801878,1247894800,Stock,Medium_Vol,Sideways,High_Correlation,Consolidation
2022-06-27,0.010049254973443581,0.02337830158699502,956022100,Stock,Low_Vol,Sideways,High_Correlation,Transition_Regime
2022-06-28,0.016793475540008637,0.023068415926845123,1015639000,Stock,Medium_Vol,Sideways,High_Correlation,Consolidation
2022-06-29,0.011633107182467918,0.02298971136194807,959822000,Stock,Low_Vol,Sideways,High_Correlation,Transition_Regime
2022-06-30,0.014388662103434301,0.022823279783629136,1362334000,Stock,Medium_Vol,Sideways,High_Correlation,Consolidation
2022-07-01,0.013383587964726832,0.02209374350335331,1092025900,Stock,Low_Vol,Sideways,High_Correlation,Transition_Regime
2022-07-05,0.018064591657304143,0.022079975544767618,1203586800,Stock,Medium_Vol,Sideways,Medium_Correlation,Consolidation
2022-07-06,0.008876545107839025,0.02214333649202778,1033988900,Stock,Low_Vol,Sideways,Medium_Correlation,Transition_Regime
2022-07-07,0.01573705613258929,0.022465329709193387,990600500,Stock,Medium_Vol,Sideways,Medium_Correlation,Consolidation
2022-07-08,0.007556332162979762,0.02240384795598404,916027900,Stock,Low_Vol,Sideways,Medium_Correlation,Transition_Regime
2022-07-11,0.018291777097514197,0.021999724583151047,896567100,Stock,Medium_Vol,Sideways,Medium_Correlation,Consolidation
2022-07-12,0.013855318764928494,0.02111578679809672,970099900,Stock,Low_Vol,Sideways,Medium_Correlation,Transition_Regime
2022-07-13,0.009958442642239877,0.019323105837540922,1045532200,Stock,Low_Vol,Sideways,Medium_Correlation,Transition_Regime
2022-07-14,0.014889199125226269,0.01916580505436614,983978900,Stock,Low_Vol,Sideways,Medium_Correlation,Transition_Regime
2022-07-15,0.016264743775890916,0.01960641407351563,996340500,Stock,Medium_Vol,Sideways,Medium_Correlation,Consolidation
2022-07-18,0.012625609611366056,0.01873405663910467,1199936900,Stock,Low_Vol,Sideways,Medium_Correlation,Transition_Regime
2022-07-19,0.016205934646193302,0.019344336926012066,1240999400,Stock,Medium_Vol,Sideways,Medium_Correlation,Consolidation
2022-07-20,0.022037534249960727,0.01862707167109059,1303172100,Stock,Medium_Vol,Sideways,Medium_Correlation,Consolidation
2022-07-21,0.021523761494755572,0.018918139245403587,1110412200,Stock,Medium_Vol,Sideways,Medium_Correlation,Consolidation
2022-07-22,0.021536311914791686,0.019072624757968875,1078288100,Stock,Medium_Vol,Sideways,Medium_Correlation,Consolidation
2022-07-25,0.010731514596784994,0.017888261893605276,918786500,Stock,Low_Vol,Sideways,Medium_Correlation,Transition_Regime
2022-07-26,0.022279137378686073,0.018754967979390323,977656200,Stock,Medium_Vol,Sideways,Medium_Correlation,Consolidation
2022-07-27,0.02680669475736029,0.018687149444235735,1189053800,Stock,Medium_Vol,Sideways,Medium_Correlation,Consolidation
2022-07-28,0.01692147757641004,0.018860020571692428,1114797000,Stock,Medium_Vol,Sideways,Medium_Correlation,Consolidation
2022-07-29,0.027379832233662325,0.019194805974552184,1176133300,Stock,Medium_Vol,Uptrend,Medium_Correlation,Transition_Regime
2022-08-01,0.010910522845957204,0.019086662666471497,1040515800,Stock,Low_Vol,Uptrend,Medium_Correlation,Bull_Market
2022-08-02,0.008417534391187087,0.019080818004478983,987594300,Stock,Low_Vol,Uptrend,Medium_Correlation,Bull_Market
2022-08-03,0.015251634852813119,0.019388656945118023,954723800,Stock,Medium_Vol,Uptrend,Medium_Correlation,Transition_Regime
2022-08-04,0.012949255286374549,0.01927365404147935,914418600,Stock,Low_Vol,Uptrend,Medium_Correlation,Bull_Market
2022-08-05,0.015732959383143612,0.019507519324088937,873563500,Stock,Medium_Vol,Uptrend,Medium_Correlation,Transition_Regime
2022-08-08,0.015138982243804684,0.01924759150739606,1442862300,Stock,Medium_Vol,Uptrend,Medium_Correlation,Transition_Regime
2022-08-09,0.013675914669358732,0.019206442257182207,1112271400,Stock,Low_Vol,Uptrend,Medium_Correlation,Bull_Market
2022-08-10,0.01645953301295319,0.019517290110551224,1149867100,Stock,Medium_Vol,Uptrend,Medium_Correlation,Transition_Regime
2022-08-11,0.01461402736223924,0.019547359660033403,1030384800,Stock,Low_Vol,Uptrend,High_Correlation,Bull_Market
2022-08-12,0.011924260284524889,0.019143011803765313,964645900,Stock,Low_Vol,Uptrend,High_Correlation,Bull_Market
2022-08-15,0.008905704648766317,0.01874228361907578,890812700,Stock,Low_Vol,Uptrend,High_Correlation,Bull_Market
2022-08-16,0.013361613659116619,0.018253216140747798,976145300,Stock,Low_Vol,Uptrend,High_Correlation,Bull_Market
2022-08-17,0.00927587996034691,0.018002003827154264,893642500,Stock,Low_Vol,Uptrend,Medium_Correlation,Bull_Market
2022-08-18,0.010408163328987974,0.01756212506737218,799917600,Stock,Low_Vol,Uptrend,Medium_Correlation,Bull_Market
2022-08-19,0.015195452734639387,0.01736845883045062,893882300,Stock,Low_Vol,Sideways,Medium_Correlation,Transition_Regime
2022-08-22,0.01132400348285316,0.01811199751738298,833863400,Stock,Low_Vol,Sideways,High_Correlation,Transition_Regime
2022-08-23,0.008816100816252852,0.017374781316016226,735966500,Stock,Low_Vol,Sideways,Medium_Correlation,Transition_Regime
2022-08-24,0.007315953601376367,0.016077233116972078,904658100,Stock,Low_Vol,Sideways,Medium_Correlation,Transition_Regime
2022-08-25,0.01416849797886512,0.015961621913186407,1166238500,Stock,Low_Vol,Sideways,Medium_Correlation,Transition_Regime
2022-08-26,0.016009920818586633,0.017009762943535834,1259868300,Stock,Medium_Vol,Sideways,Medium_Correlation,Consolidation
2022-08-29,0.008279980345394976,0.01692033818005028,901288100,Stock,Low_Vol,Sideways,High_Correlation,Transition_Regime
2022-08-30,0.006873793327714669,0.016858283287202475,982321700,Stock,Low_Vol,Sideways,High_Correlation,Transition_Regime
2022-08-31,0.010723104506190823,0.01623899917884071,1134562400,Stock,Low_Vol,Sideways,Medium_Correlation,Transition_Regime
2022-09-01,0.01911216623839148,0.016440016042851956,1676173200,Stock,Medium_Vol,Sideways,Medium_Correlation,Consolidation
2022-09-02,0.008850028605043305,0.016445553050291946,1227297500,Stock,Low_Vol,Sideways,Medium_Correlation,Transition_Regime
2022-09-06,0.007257020423091292,0.016327256876239142,1002801900,Stock,Low_Vol,Sideways,Medium_Correlation,Transition_Regime
2022-09-07,0.008257969036002448,0.0167864655396426,972792200,Stock,Low_Vol,Sideways,Medium_Correlation,Transition_Regime
2022-09-08,0.010776334387890543,0.016127149244114267,1107127600,Stock,Low_Vol,Sideways,Medium_Correlation,Transition_Regime
2022-09-09,0.012250946063550846,0.01652579188861248,930765300,Stock,Low_Vol,Sideways,Medium_Correlation,Transition_Regime
2022-09-12,0.008508131091647227,0.016072313744838165,942745800,Stock,Low_Vol,Sideways,High_Correlation,Transition_Regime
2022-09-13,0.019799076206482455,0.018398151801644815,1341518400,Stock,Medium_Vol,Sideways,High_Correlation,Consolidation
2022-09-14,0.009977044928563463,0.01826335627523701,1099733600,Stock,Low_Vol,Sideways,High_Correlation,Transition_Regime
2022-09-15,0.03241077263155486,0.01906960776632114,1097243600,Stock,Medium_Vol,Sideways,High_Correlation,Consolidation
2022-09-16,0.012838592827961973,0.019048744556328844,1583369800,Stock,Low_Vol,Downtrend,High_Correlation,Bear_Market
2022-09-19,0.009815620979423104,0.01901975176348245,1026000200,Stock,Low_Vol,Downtrend,High_Correlation,Bear_Market
2022-09-20,0.008348416530337062,0.018658223115509236,1005283100,Stock,Low_Vol,Downtrend,High_Correlation,Bear_Market
2022-09-21,0.010001356543316523,0.018955174278769252,1375438800,Stock,Low_Vol,Downtrend,High_Correlation,Bear_Market
2022-09-22,0.01785413095126272,0.01922248125178254,1314637700,Stock,Medium_Vol,Downtrend,High_Correlation,Transition_Regime
2022-09-23,0.012405227155807988,0.018909294155689923,1268730200,Stock,Low_Vol,Downtrend,High_Correlation,Bear_Market
2022-09-26,0.012220348100759419,0.017722639827036424,1100855000,Stock,Low_Vol,Downtrend,Medium_Correlation,Bear_Market
2022-09-27,0.012377227072986823,0.01785835599980564,1101815300,Stock,Low_Vol,Downtrend,Medium_Correlation,Bear_Market
2022-09-28,0.013568938340265515,0.018580880578822657,1151941300,Stock,Low_Vol,Downtrend,Medium_Correlation,Bear_Market
2022-09-29,0.015357155875708663,0.01891538855133297,1133130500,Stock,Medium_Vol,Downtrend,Medium_Correlation,Transition_Regime
2022-09-30,0.010499443388471134,0.018794138283090508,1198388800,Stock,Low_Vol,Downtrend,Medium_Correlation,Bear_Market
2022-10-03,0.021870451728822488,0.019871166957144144,1135850300,Stock,Medium_Vol,Downtrend,Medium_Correlation,Transition_Regime
2022-10-04,0.014574879820983861,0.021117041050309326,1201342400,Stock,Medium_Vol,Sideways,Medium_Correlation,Consolidation
2022-10-05,0.009902143520770778,0.020709970680795258,983048300,Stock,Low_Vol,Sideways,Medium_Correlation,Transition_Regime
2022-10-06,0.008083128204474375,0.020639424282692494,1133016500,Stock,Low_Vol,Sideways,Medium_Correlation,Transition_Regime
2022-10-07,0.017541031285436732,0.020804984662812075,1245420000,Stock,Medium_Vol,Downtrend,Medium_Correlation,Transition_Regime
2022-10-10,0.014372063656865969,0.020671937802814906,1171218600,Stock,Low_Vol,Downtrend,Medium_Correlation,Bear_Market
2022-10-11,0.016108466645982332,0.018752955625012332,1236719800,Stock,Medium_Vol,Downtrend,Medium_Correlation,Transition_Regime
2022-10-12,0.01098379957824999,0.018782923389198188,967382000,Stock,Low_Vol,Downtrend,Medium_Correlation,Bear_Market
2022-10-13,0.014381684830521607,0.0191633144877675,1559241100,Stock,Low_Vol,Sideways,Medium_Correlation,Transition_Regime
2022-10-14,0.018988394260584848,0.019539181123328753,1314705900,Stock,Medium_Vol,Downtrend,Medium_Correlation,Transition_Regime
2022-10-17,0.01746019891304941,0.020800358817083683,1192798600,Stock,Medium_Vol,Sideways,Medium_Correlation,Consolidation
2022-10-18,0.011571986907207354,0.02094344990612525,1270113100,Stock,Low_Vol,Sideways,Medium_Correlation,Transition_Regime
2022-10-19,0.01651903688174087,0.02098919518523624,1019358200,Stock,Medium_Vol,Sideways,Medium_Correlation,Consolidation
2022-10-20,0.016773965306544215,0.02093217778450367,1201811400,Stock,Medium_Vol,Sideways,High_Correlation,Consolidation
2022-10-21,0.018395027160825497,0.02156963985165526,1251948500,Stock,Medium_Vol,Sideways,High_Correlation,Consolidation
2022-10-24,0.012219585235354304,0.021675544226164935,1107966400,Stock,Low_Vol,Sideways,Medium_Correlation,Transition_Regime
2022-10-25,0.016634986316176013,0.021866779434018872,1084513000,Stock,Medium_Vol,Sideways,Medium_Correlation,Consolidation
2022-10-26,0.029135500613541854,0.022336625724168866,1284125700,Stock,Medium_Vol,Sideways,Medium_Correlation,Consolidation
2022-10-27,0.04588139339249885,0.023005613488640702,1440578900,Stock,Medium_Vol,Sideways,Medium_Correlation,Consolidation
2022-10-28,0.02510408105690799,0.023393218879544167,1401217100,Stock,Medium_Vol,Sideways,Medium_Correlation,Consolidation
2022-10-31,0.013578606171186815,0.022988518569529368,1176804900,Stock,Low_Vol,Sideways,Medium_Correlation,Transition_Regime
2022-11-01,0.016720253675025453,0.022339213751106656,1134790100,Stock,Medium_Vol,Sideways,Medium_Correlation,Consolidation
2022-11-02,0.01793710510650939,0.023256063837087164,1399093400,Stock,Medium_Vol,Sideways,Medium_Correlation,Consolidation
2022-11-03,0.0163334972421989,0.023352684137218898,1155884700,Stock,Medium_Vol,Sideways,Medium_Correlation,Consolidation
2022-11-04,0.020503253337625718,0.022806132879599088,1367319000,Stock,Medium_Vol,Sideways,Medium_Correlation,Consolidation
2022-11-07,0.019162686877908414,0.022816333520168222,1022304300,Stock,Medium_Vol,Sideways,Medium_Correlation,Consolidation
2022-11-08,0.009240274711592625,0.02249627911169421,1233532500,Stock,Low_Vol,Sideways,Medium_Correlation,Transition_Regime
2022-11-09,0.029414455381785543,0.023680069427177382,1165816600,Stock,Medium_Vol,Sideways,Medium_Correlation,Consolidation
2022-11-10,0.036601879600940725,0.026548458410688956,1609243000,Stock,Medium_Vol,Sideways,Medium_Correlation,Consolidation
2022-11-11,0.021914031105338287,0.026445463099233315,1381832300,Stock,Medium_Vol,Sideways,Medium_Correlation,Consolidation
2022-11-14,0.014918663449480684,0.026047973755596986,1179741500,Stock,Medium_Vol,Sideways,High_Correlation,Consolidation
2022-11-15,0.017027182100422023,0.026246086732718006,1287212700,Stock,Medium_Vol,Sideways,Medium_Correlation,Consolidation
2022-11-16,0.01632253950250235,0.02603251731369387,1172310100,Stock,Medium_Vol,Sideways,High_Correlation,Consolidation
2022-11-17,0.012383501053748944,0.025821690395962646,1217807200,Stock,Low_Vol,Sideways,High_Correlation,Transition_Regime
2022-11-18,0.01115793055946674,0.02508744650253429,1011692600,Stock,Low_Vol,Uptrend,High_Correlation,Bull_Market
2022-11-21,0.02186866184255565,0.025083839554196127,980729700,Stock,Medium_Vol,Sideways,High_Correlation,Consolidation
2022-11-22,0.010811612599940828,0.02495526272295742,945023400,Stock,Low_Vol,Uptrend,High_Correlation,Bull_Market
2022-11-23,0.015716490939138572,0.024574408060721944,871330500,Stock,Medium_Vol,Uptrend,High_Correlation,Transition_Regime
2022-11-25,0.007987967852710819,0.02346070817969391,411488900,Stock,Low_Vol,Uptrend,High_Correlation,Bull_Market
2022-11-28,0.011554437565576756,0.022771708403121697,844540900,Stock,Low_Vol,Uptrend,High_Correlation,Bull_Market
2022-11-29,0.007519416082850382,0.022529207120308595,777807400,Stock,Low_Vol,Sideways,High_Correlation,Transition_Regime
2022-11-30,0.02261295763948393,0.023641915146214883,1437367800,Stock,Medium_Vol,Uptrend,High_Correlation,Transition_Regime
2022-12-01,0.021851581728896483,0.02299234977258424,1068782300,Stock,Medium_Vol,Uptrend,Medium_Correlation,Transition_Regime
2022-12-02,0.009664111244071034,0.02244042952637044,891170700,Stock,Low_Vol,Uptrend,Medium_Correlation,Bull_Market
2022-12-05,0.017336224143148993,0.022912324257289347,938980300,Stock,Medium_Vol,Sideways,Medium_Correlation,Consolidation
2022-12-06,0.015635134375458274,0.023218921889459385,964690500,Stock,Medium_Vol,Sideways,Medium_Correlation,Consolidation
2022-12-07,0.011069900947348072,0.0232404229661396,904114900,Stock,Low_Vol,Sideways,Medium_Correlation,Transition_Regime
2022-12-08,0.014304514708350579,0.022249764197884603,1060657600,Stock,Medium_Vol,Sideways,Medium_Correlation,Consolidation
2022-12-09,0.012049366752830956,0.017861443286220698,1031082400,Stock,Low_Vol,Sideways,Medium_Correlation,Transition_Regime
2022-12-12,0.016579699613520973,0.017500633120264418,1015208900,Stock,Medium_Vol,Sideways,Medium_Correlation,Consolidation
2022-12-13,0.01607990920769311,0.01741085241448413,1484721700,Stock,Medium_Vol,Sideways,Medium_Correlation,Consolidation
2022-12-14,0.010241543515821943,0.01691050519230861,1170606300,Stock,Low_Vol,Sideways,Medium_Correlation,Transition_Regime
2022-12-15,0.013837788443847664,0.01773450347807595,1181896200,Stock,Low_Vol,Sideways,Medium_Correlation,Transition_Regime
2022-12-16,0.015349085618878024,0.018009808212171335,1684997300,Stock,Low_Vol,Sideways,Medium_Correlation,Transition_Regime
2022-12-19,0.014576591354761482,0.01809740859106147,969340500,Stock,Low_Vol,Sideways,Medium_Correlation,Transition_Regime
2022-12-20,0.01731914630476971,0.017812922661723272,1005715900,Stock,Medium_Vol,Sideways,Medium_Correlation,Consolidation
2022-12-21,0.00753365432348657,0.017767448334953154,880361300,Stock,Low_Vol,Sideways,Medium_Correlation,Transition_Regime
2022-12-22,0.020679830410768946,0.017832680305110215,1223655800,Stock,Medium_Vol,Sideways,Medium_Correlation,Consolidation
2022-12-23,0.006936371094241918,0.01785821257580344,833983600,Stock,Low_Vol,Sideways,Medium_Correlation,Transition_Regime
2022-12-27,0.025839506602980948,0.0179410565994173,1012732000,Stock,Medium_Vol,Sideways,Medium_Correlation,Consolidation
2022-12-28,0.011035665447811706,0.01812915006365171,935638700,Stock,Low_Vol,Sideways,Medium_Correlation,Transition_Regime
2022-12-29,0.016881144423144746,0.01657997778948968,918384200,Stock,Medium_Vol,Sideways,Medium_Correlation,Consolidation
2022-12-30,0.00492709352096467,0.01604869718586759,870770800,Stock,Low_Vol,Sideways,Medium_Correlation,Transition_Regime
2023-01-03,0.026954101779955858,0.016394563955396717,1135039300,Stock,Medium_Vol,Sideways,Medium_Correlation,Consolidation
2023-01-04,0.019286456908182915,0.01622211226651315,1133588600,Stock,Medium_Vol,Sideways,Medium_Correlation,Consolidation
2023-01-05,0.012466790420946174,0.015878588529306507,999801900,Stock,Low_Vol,Sideways,Medium_Correlation,Transition_Regime
2023-01-06,0.0195224051599995,0.0170985535790292,1163730200,Stock,Medium_Vol,Sideways,Medium_Correlation,Consolidation
2023-01-09,0.0242633316176323,0.017590567407043303,1184196200,Stock,Medium_Vol,Sideways,Medium_Correlation,Consolidation
2023-01-10,0.012590815569071753,0.017597137288923478,1005139000,Stock,Low_Vol,Sideways,Medium_Correlation,Transition_Regime
2023-01-11,0.017000538078842085,0.017628263486486783,1016207600,Stock,Medium_Vol,Sideways,Medium_Correlation,Consolidation
2023-01-12,0.013854366332292742,0.0175501289335872,1198438600,Stock,Low_Vol,Sideways,Medium_Correlation,Transition_Regime
2023-01-13,0.010620613588710732,0.017583127781856594,1114227300,Stock,Low_Vol,Sideways,Medium_Correlation,Transition_Regime
2023-01-17,0.02022238365953228,0.016797669126089487,1192183300,Stock,Medium_Vol,Sideways,Medium_Correlation,Consolidation
2023-01-18,0.007193390101011623,0.017170691628371974,1133521000,Stock,Low_Vol,Sideways,Medium_Correlation,Transition_Regime
2023-01-19,0.014826179958428578,0.01706193345158239,1097120300,Stock,Low_Vol,Sideways,Medium_Correlation,Transition_Regime
2023-01-20,0.017870891136735404,0.017565323133881466,1249464900,Stock,Medium_Vol,Sideways,Medium_Correlation,Consolidation
2023-01-23,0.020956830305328612,0.017641200432964636,1364627200,Stock,Medium_Vol,Sideways,Medium_Correlation,Consolidation
2023-01-24,0.01136898576333943,0.017251568277947122,1081060200,Stock,Low_Vol,Sideways,Medium_Correlation,Transition_Regime
2023-01-25,0.008631106781795834,0.017309419698451792,1136189000,Stock,Low_Vol,Sideways,Medium_Correlation,Transition_Regime
2023-01-26,0.025099933636707344,0.01705248651485793,1167003400,Stock,Medium_Vol,Sideways,Medium_Correlation,Consolidation
2023-01-27,0.02371383981152433,0.01692114487083059,1318822500,Stock,Medium_Vol,Sideways,Medium_Correlation,Consolidation
2023-01-30,0.0171244986516348,0.017217050377454333,1155456500,Stock,Medium_Vol,Sideways,Medium_Correlation,Consolidation
2023-01-31,0.00866357519669841,0.017481472139104167,1175212400,Stock,Low_Vol,Sideways,High_Correlation,Transition_Regime
2023-02-01,0.01731081260647201,0.017098084239604946,1391077500,Stock,Medium_Vol,Sideways,High_Correlation,Consolidation
2023-02-02,0.04894039180289566,0.018564638070333424,1589072900,Stock,Medium_Vol,Sideways,High_Correlation,Consolidation
2023-02-03,0.019365840872017846,0.018717944542095036,1361242300,Stock,Medium_Vol,Uptrend,High_Correlation,Transition_Regime
2023-02-06,0.009866758990270508,0.017742340169219897,1078765400,Stock,Low_Vol,Uptrend,Medium_Correlation,Bull_Market
2023-02-07,0.016111878259811325,0.017474721679873958,1430759900,Stock,Medium_Vol,Uptrend,Medium_Correlation,Transition_Regime
2023-02-08,0.017773993278986506,0.017851758730931772,1267594800,Stock,Medium_Vol,Uptrend,Medium_Correlation,Transition_Regime
2023-02-09,0.016079541790911804,0.01792777207750771,1311628300,Stock,Medium_Vol,Sideways,Medium_Correlation,Consolidation
2023-02-10,0.018187916791562654,0.018311386474281825,1192700300,Stock,Medium_Vol,Sideways,Medium_Correlation,Consolidation
2023-02-13,0.009637170912101475,0.01837839047354993,1083725800,Stock,Low_Vol,Uptrend,Medium_Correlation,Bull_Market
2023-02-14,0.018496476601660233,0.018214088905840756,1321673400,Stock,Medium_Vol,Sideways,Medium_Correlation,Consolidation
2023-02-15,0.010512722954141844,0.017449668485027867,990484100,Stock,Low_Vol,Sideways,Medium_Correlation,Transition_Regime
2023-02-16,0.011797812865701647,0.01763825763802344,1054129900,Stock,Low_Vol,Sideways,Medium_Correlation,Transition_Regime
2023-02-17,0.015269066051875446,0.017428373229161836,1096801600,Stock,Low_Vol,Sideways,Medium_Correlation,Transition_Regime
2023-02-21,0.015845590940442703,0.01787403509349835,1068245500,Stock,Medium_Vol,Sideways,Medium_Correlation,Consolidation
2023-02-22,0.007640198207236895,0.017759801196176494,1121037100,Stock,Low_Vol,Sideways,Medium_Correlation,Transition_Regime
2023-02-23,0.026432380439372502,0.018115397256855077,1654417300,Stock,Medium_Vol,Sideways,Medium_Correlation,Consolidation
2023-02-24,0.015129497518694317,0.017967218482964557,1117471900,Stock,Low_Vol,Sideways,Medium_Correlation,Transition_Regime
2023-02-27,0.012024939763352463,0.01762436146277421,968279900,Stock,Low_Vol,Sideways,Medium_Correlation,Transition_Regime
2023-02-28,0.011377022257255698,0.017351861609894163,1043081200,Stock,Low_Vol,Sideways,Medium_Correlation,Transition_Regime
2023-03-01,0.009265373416761424,0.017089591804063654,1016047700,Stock,Low_Vol,Sideways,Medium_Correlation,Transition_Regime
2023-03-02,0.025362972953350892,0.01746572460967072,1004943900,Stock,Medium_Vol,Sideways,Medium_Correlation,Consolidation
2023-03-03,0.017423794215835182,0.016015650301198434,1053876100,Stock,Medium_Vol,Sideways,Medium_Correlation,Consolidation
2023-03-06,0.012687084970557054,0.015795166393409967,1030813600,Stock,Low_Vol,Sideways,Medium_Correlation,Transition_Regime
2023-03-07,0.009446239312874808,0.016136537040609678,1097357300,Stock,Low_Vol,Sideways,Medium_Correlation,Transition_Regime
2023-03-08,0.012543442729065933,0.015817682068027777,1035813800,Stock,Low_Vol,Sideways,Medium_Correlation,Transition_Regime
2023-03-09,0.01428391978474275,0.016036875219533227,1169458100,Stock,Low_Vol,Sideways,Medium_Correlation,Transition_Regime
2023-03-10,0.012585582870777393,0.015960089907701185,1309040900,Stock,Low_Vol,Sideways,Medium_Correlation,Transition_Regime
2023-03-13,0.015216574044713313,0.01588630114318779,1335588600,Stock,Low_Vol,Sideways,Medium_Correlation,Transition_Regime
2023-03-14,0.017258943655881303,0.016407540198162734,1265239300,Stock,Medium_Vol,Sideways,Medium_Correlation,Consolidation
2023-03-15,0.015100351066503178,0.01647965064532344,1346843700,Stock,Low_Vol,Sideways,Medium_Correlation,Transition_Regime
2023-03-16,0.018161448430814183,0.017002371796871963,1395090600,Stock,Medium_Vol,Sideways,Medium_Correlation,Consolidation
2023-03-17,0.015765717758598686,0.016954658678227222,1990252300,Stock,Low_Vol,Sideways,Medium_Correlation,Transition_Regime
2023-03-20,0.01032481562755786,0.016889322321420708,1105552400,Stock,Low_Vol,Sideways,Medium_Correlation,Transition_Regime
2023-03-21,0.01741144874684123,0.016506744745769214,1226342900,Stock,Medium_Vol,Sideways,Medium_Correlation,Consolidation
2023-03-22,0.009666600110341808,0.0167967856434708,1439385700,Stock,Low_Vol,Sideways,Medium_Correlation,Transition_Regime
2023-03-23,0.010728742383018441,0.0163179538574495,1240125200,Stock,Low_Vol,Sideways,Medium_Correlation,Transition_Regime
2023-03-24,0.010874976101420483,0.016029636510142425,1048617000,Stock,Low_Vol,Sideways,Medium_Correlation,Transition_Regime
2023-03-27,0.014980672275584264,0.016306487540911595,941064400,Stock,Low_Vol,Sideways,Medium_Correlation,Transition_Regime
2023-03-28,0.006599799454319309,0.016237518479984496,817152000,Stock,Low_Vol,Sideways,Medium_Correlation,Transition_Regime
2023-03-29,0.009950191082401489,0.016231765244954774,923914900,Stock,Low_Vol,Sideways,Medium_Correlation,Transition_Regime
2023-03-30,0.0070187448005324575,0.015565824160768824,880130000,Stock,Low_Vol,Sideways,Medium_Correlation,Transition_Regime
2023-03-31,0.011280063288738509,0.015273959044057126,1088394400,Stock,Low_Vol,Sideways,Medium_Correlation,Transition_Regime
2023-04-03,0.016634468484697646,0.015383352136463302,960366800,Stock,Medium_Vol,Sideways,Medium_Correlation,Consolidation
2023-04-04,0.009526596504129377,0.014985052059064577,879601200,Stock,Low_Vol,Sideways,Medium_Correlation,Transition_Regime
2023-04-05,0.01748325713949309,0.015273667486608243,1065210600,Stock,Medium_Vol,Sideways,Medium_Correlation,Consolidation
2023-04-06,0.011555672196745614,0.014484447033970798,927161600,Stock,Low_Vol,Sideways,Medium_Correlation,Transition_Regime
2023-04-10,0.00849479603859279,0.01415047495691771,866824500,Stock,Low_Vol,Sideways,Medium_Correlation,Transition_Regime
2023-04-11,0.010750609974064886,0.01410856019622628,812906600,Stock,Low_Vol,Sideways,Medium_Correlation,Transition_Regime
2023-04-12,0.010325329077523529,0.013612800526197521,960815200,Stock,Low_Vol,Sideways,Medium_Correlation,Transition_Regime
2023-04-13,0.011432245218276814,0.013723611215636982,888105200,Stock,Low_Vol,Uptrend,Medium_Correlation,Bull_Market
2023-04-14,0.01733014929432526,0.013425940852457583,922428700,Stock,Medium_Vol,Uptrend,Medium_Correlation,Transition_Regime
2023-04-17,0.009761979153026715,0.01290495623873613,828452300,Stock,Low_Vol,Uptrend,Medium_Correlation,Bull_Market
2023-04-18,0.010118586398830518,0.012809460759504312,1120005000,Stock,Low_Vol,Uptrend,Medium_Correlation,Bull_Market
2023-04-19,0.018374701202203882,0.012815592692301474,866337500,Stock,Medium_Vol,Sideways,Medium_Correlation,Consolidation
2023-04-20,0.020931991251771982,0.012768608748430433,1035516400,Stock,Medium_Vol,Sideways,Medium_Correlation,Consolidation
2023-04-21,0.009781956473748908,0.012728224084690749,913037900,Stock,Low_Vol,Sideways,Medium_Correlation,Transition_Regime
2023-04-24,0.007692094147432301,0.012539351994127198,837951800,Stock,Low_Vol,Sideways,Medium_Correlation,Transition_Regime
2023-04-25,0.01470841550556654,0.012982014152448576,963639800,Stock,Low_Vol,Sideways,Medium_Correlation,Transition_Regime
2023-04-26,0.02068077263524405,0.013666203555723962,1058848600,Stock,Medium_Vol,Sideways,Medium_Correlation,Consolidation
2023-04-27,0.0318713709873158,0.015165337358586236,1109840800,Stock,Medium_Vol,Sideways,Medium_Correlation,Consolidation
2023-04-28,0.012075869322082917,0.015385199003443885,933409200,Stock,Low_Vol,Sideways,Medium_Correlation,Transition_Regime
2023-05-01,0.013497662515247455,0.015170867103926896,1072784800,Stock,Low_Vol,Sideways,Medium_Correlation,Transition_Regime
2023-05-02,0.012725432353036538,0.015321806240290706,996062200,Stock,Low_Vol,Sideways,Medium_Correlation,Transition_Regime
2023-05-03,0.0130323852103631,0.015519641525540142,932231800,Stock,Low_Vol,Sideways,Medium_Correlation,Transition_Regime
2023-05-04,0.010543714579584931,0.015241953063614535,866266300,Stock,Low_Vol,Sideways,Medium_Correlation,Transition_Regime
2023-05-05,0.014719671576605088,0.015829908047643577,931520600,Stock,Low_Vol,Sideways,Medium_Correlation,Transition_Regime
2023-05-08,0.00801140265443805,0.015791555388509314,792540700,Stock,Low_Vol,Sideways,Medium_Correlation,Transition_Regime
2023-05-09,0.007871384839197183,0.015739930021689393,734104000,Stock,Low_Vol,Sideways,Medium_Correlation,Transition_Regime
2023-05-10,0.011732603749117507,0.015710838167841645,938326700,Stock,Low_Vol,Sideways,Medium_Correlation,Transition_Regime
2023-05-11,0.01942449608612059,0.015603337888205995,908427100,Stock,Medium_Vol,Sideways,Medium_Correlation,Consolidation
2023-05-12,0.008467490712753363,0.015230893109721484,786344700,Stock,Low_Vol,Sideways,Medium_Correlation,Transition_Regime
2023-05-15,0.011591197058467895,0.015255910340377153,753601000,Stock,Low_Vol,Sideways,Medium_Correlation,Transition_Regime
2023-05-16,0.01111905908481181,0.015270211048218229,955548200,Stock,Low_Vol,Sideways,Medium_Correlation,Transition_Regime
2023-05-17,0.015847451190704985,0.015277960361748976,1017142800,Stock,Low_Vol,Sideways,Medium_Correlation,Transition_Regime
2023-05-18,0.01351054039125017,0.015000704190351776,1357188500,Stock,Low_Vol,Sideways,Medium_Correlation,Transition_Regime
2023-05-19,0.01145193343950885,0.0149730662001336,1071407600,Stock,Low_Vol,Sideways,Medium_Correlation,Transition_Regime
2023-05-22,0.01706492930329032,0.015411027733414979,974553600,Stock,Medium_Vol,Sideways,Medium_Correlation,Consolidation
2023-05-23,0.012695798058385556,0.015201747782463415,1023966500,Stock,Low_Vol,Sideways,Medium_Correlation,Transition_Regime
2023-05-24,0.009622208824557454,0.014715689705039095,1286116900,Stock,Low_Vol,Sideways,Medium_Correlation,Transition_Regime
2023-05-25,0.04985033634811141,0.014749033542622985,2162624800,Stock,Medium_Vol,Sideways,Medium_Correlation,Consolidation
2023-05-26,0.025664719014175507,0.015324203098429193,1429975200,Stock,Medium_Vol,Sideways,Medium_Correlation,Consolidation
2023-05-30,0.01355532983777544,0.015212195228365555,1595066600,Stock,Low_Vol,Sideways,Medium_Correlation,Transition_Regime
2023-05-31,0.015699531818058013,0.015119521114064923,1980036900,Stock,Low_Vol,Sideways,Medium_Correlation,Transition_Regime
2023-06-01,0.017984151315609927,0.015334676144457526,1321026400,Stock,Medium_Vol,Sideways,Medium_Correlation,Consolidation
2023-06-02,0.013264913055286163,0.015608411700450348,1194153900,Stock,Low_Vol,Sideways,Medium_Correlation,Transition_Regime
2023-06-05,0.007735821158777076,0.015134783826128633,1015734900,Stock,Low_Vol,Sideways,Medium_Correlation,Transition_Regime
2023-06-06,0.012941133482773448,0.015345510289172554,942024200,Stock,Low_Vol,Sideways,Medium_Correlation,Transition_Regime
2023-06-07,0.01788930294424745,0.015874824506589263,1244296600,Stock,Medium_Vol,Sideways,Medium_Correlation,Consolidation
2023-06-08,0.014730702860723222,0.016015071792109377,983300600,Stock,Low_Vol,Uptrend,Medium_Correlation,Bull_Market
2023-06-09,0.011176681960367977,0.015641552289100785,988708800,Stock,Low_Vol,Uptrend,Medium_Correlation,Bull_Market
2023-06-12,0.016098089846900945,0.01563718038612227,969733700,Stock,Low_Vol,Uptrend,Medium_Correlation,Bull_Market
2023-06-13,0.011601567629344688,0.015583083813912685,1189604700,Stock,Low_Vol,Uptrend,Medium_Correlation,Bull_Market
2023-06-14,0.01882198752969469,0.015790449371767375,1364426400,Stock,Medium_Vol,Uptrend,Medium_Correlation,Transition_Regime
2023-06-15,0.009531244408081434,0.01579222390500338,1214493400,Stock,Low_Vol,Uptrend,Medium_Correlation,Bull_Market
2023-06-16,0.010412797231928351,0.015863157324565898,1613641200,Stock,Low_Vol,Uptrend,Medium_Correlation,Bull_Market
2023-06-20,0.015908173560968887,0.01596575284940841,1048472900,Stock,Low_Vol,Uptrend,Medium_Correlation,Bull_Market
2023-06-21,0.013584603904777158,0.015957806310643266,1170252800,Stock,Low_Vol,Uptrend,Medium_Correlation,Bull_Market
2023-06-22,0.012669499010654171,0.01576412444209677,1011077800,Stock,Low_Vol,Uptrend,Medium_Correlation,Bull_Market
2023-06-23,0.009712061178792034,0.0156603061000726,1082022500,Stock,Low_Vol,Uptrend,Low_Correlation,Bull_Market
2023-06-26,0.017672692970132062,0.014628735414920853,1216130200,Stock,Medium_Vol,Sideways,Medium_Correlation,Consolidation
2023-06-27,0.014289666389140027,0.013979099788006967,1033022200,Stock,Low_Vol,Sideways,Medium_Correlation,Transition_Regime
2023-06-28,0.010137445759785417,0.013906705987991317,1130202700,Stock,Low_Vol,Sideways,Medium_Correlation,Transition_Regime
2023-06-29,0.01135024040452169,0.013814481168024032,916249700,Stock,Low_Vol,Sideways,Medium_Correlation,Transition_Regime
2023-06-30,0.007133155189731059,0.0136163281721667,1097269000,Stock,Low_Vol,Uptrend,Medium_Correlation,Bull_Market
2023-07-03,0.01457903522244476,0.013252483406930027,545576600,Stock,Low_Vol,Uptrend,Medium_Correlation,Bull_Market
2023-07-05,0.009247178828498445,0.01326279574457001,838122900,Stock,Low_Vol,Uptrend,Medium_Correlation,Bull_Market
2023-07-06,0.008776696933343044,0.013269785311664457,854805900,Stock,Low_Vol,Sideways,Low_Correlation,Transition_Regime
2023-07-07,0.010244266127806706,0.013039306821501038,849859700,Stock,Low_Vol,Sideways,Low_Correlation,Transition_Regime
2023-07-10,0.013999680128028144,0.012973750131612343,927166800,Stock,Low_Vol,Sideways,Low_Correlation,Transition_Regime
2023-07-11,0.009576328664166528,0.01304059528093122,790118600,Stock,Low_Vol,Sideways,Low_Correlation,Transition_Regime
2023-07-12,0.012528570576067159,0.012813177992885822,1037782600,Stock,Low_Vol,Sideways,Low_Correlation,Transition_Regime
2023-07-13,0.014491349418051922,0.01298432515717045,1018940900,Stock,Low_Vol,Uptrend,Low_Correlation,Bull_Market
2023-07-14,0.01631550940928603,0.012969003706297992,1331370600,Stock,Low_Vol,Uptrend,Medium_Correlation,Bull_Market
2023-07-17,0.0198606677707239,0.013139652602077785,1135471100,Stock,Medium_Vol,Uptrend,Medium_Correlation,Transition_Regime
2023-07-18,0.014433030839540149,0.013303992149426326,1252746800,Stock,Low_Vol,Uptrend,Medium_Correlation,Bull_Market
2023-07-19,0.014056442877820858,0.013369485276351194,1101177600,Stock,Low_Vol,Uptrend,Medium_Correlation,Bull_Market
2023-07-20,0.029249253872651367,0.014386580246668066,1189477000,Stock,Medium_Vol,Uptrend,Medium_Correlation,Transition_Regime
2023-07-21,0.01363053445244045,0.014401780703749544,1863822900,Stock,Low_Vol,Uptrend,Medium_Correlation,Bull_Market
2023-07-24,0.010439754399096805,0.014321893224035726,948314700,Stock,Low_Vol,Uptrend,Medium_Correlation,Bull_Market
2023-07-25,0.010043801022885098,0.013915231889193023,899769500,Stock,Low_Vol,Uptrend,Medium_Correlation,Bull_Market
2023-07-26,0.015483792040594305,0.013924973066382334,968867100,Stock,Low_Vol,Uptrend,Medium_Correlation,Bull_Market
2023-07-27,0.017090145322029644,0.014287623939284046,1064453600,Stock,Medium_Vol,Sideways,Medium_Correlation,Consolidation
2023-07-28,0.013173061962308979,0.014374724004254553,868294900,Stock,Low_Vol,Uptrend,Medium_Correlation,Bull_Market
2023-07-31,0.014043782383911194,0.01442203420669773,748803100,Stock,Low_Vol,Uptrend,Medium_Correlation,Bull_Market
2023-08-01,0.009616848270421188,0.014364371950541062,690803900,Stock,Low_Vol,Sideways,Medium_Correlation,Transition_Regime
2023-08-02,0.014975723219163755,0.014887425856113468,1048820600,Stock,Low_Vol,Sideways,Medium_Correlation,Transition_Regime
2023-08-03,0.008550174549692093,0.014663040343242499,825977200,Stock,Low_Vol,Sideways,Medium_Correlation,Transition_Regime
2023-08-04,0.0192828907749058,0.014890435957937449,1014396200,Stock,Medium_Vol,Sideways,Medium_Correlation,Consolidation
2023-08-07,0.010215805367179713,0.014957586115531071,861497700,Stock,Low_Vol,Sideways,Medium_Correlation,Transition_Regime
2023-08-08,0.009394826291275858,0.01501733774151877,867043100,Stock,Low_Vol,Sideways,Medium_Correlation,Transition_Regime
2023-08-09,0.013313647752758647,0.015079479985153323,1113049800,Stock,Low_Vol,Sideways,Medium_Correlation,Transition_Regime
2023-08-10,0.010182196767666336,0.014853587732929609,1035363000,Stock,Low_Vol,Sideways,Medium_Correlation,Transition_Regime
2023-08-11,0.011840088768279484,0.014579005232752445,1007323800,Stock,Low_Vol,Sideways,Medium_Correlation,Transition_Regime
2023-08-14,0.015974457887579084,0.014390781794157727,1181620900,Stock,Low_Vol,Sideways,Medium_Correlation,Transition_Regime
2023-08-15,0.008635219374828713,0.014290306454533197,1173754800,Stock,Low_Vol,Sideways,Medium_Correlation,Transition_Regime
2023-08-16,0.008369882489999918,0.013926557487749744,1077090900,Stock,Low_Vol,Sideways,Medium_Correlation,Transition_Regime
2023-08-17,0.012581392923075904,0.013229870884746173,1087004700,Stock,Low_Vol,Sideways,Medium_Correlation,Transition_Regime
2023-08-18,0.007046238172644791,0.012959814645325918,1174493700,Stock,Low_Vol,Sideways,Medium_Correlation,Transition_Regime
2023-08-21,0.023347720292852633,0.013419095438778138,1344989900,Stock,Medium_Vol,Sideways,Medium_Correlation,Consolidation
2023-08-22,0.010250473741269134,0.013489233170474962,1251415600,Stock,Low_Vol,Sideways,Medium_Correlation,Transition_Regime
2023-08-23,0.012421313345608857,0.013582175911280216,1349918000,Stock,Low_Vol,Sideways,Medium_Correlation,Transition_Regime
2023-08-24,0.012046520756225068,0.013450197077523077,1700665100,Stock,Low_Vol,Sideways,Medium_Correlation,Transition_Regime
2023-08-25,0.010544362076032142,0.013161225154861466,1389474500,Stock,Low_Vol,Sideways,Medium_Correlation,Transition_Regime
2023-08-28,0.0074681265962515,0.013003977527063377,1090747400,Stock,Low_Vol,Sideways,Medium_Correlation,Transition_Regime
2023-08-29,0.016281242539098007,0.01353299816390575,1215037200,Stock,Low_Vol,Sideways,Medium_Correlation,Transition_Regime
2023-08-30,0.006373907388121565,0.013071990280020393,1199782300,Stock,Low_Vol,Sideways,High_Correlation,Transition_Regime
2023-08-31,0.014116165688997092,0.013280375787517666,1119963900,Stock,Low_Vol,Sideways,High_Correlation,Transition_Regime
2023-09-01,0.01590312518552175,0.012986311495327548,976743600,Stock,Low_Vol,Sideways,High_Correlation,Transition_Regime
2023-09-05,0.013762457541821349,0.012778665350911137,875042900,Stock,Low_Vol,Sideways,High_Correlation,Transition_Regime
2023-09-06,0.011281036901035001,0.012812871493918795,996412200,Stock,Low_Vol,Sideways,Medium_Correlation,Transition_Regime
2023-09-07,0.01180780169768772,0.012757195054238104,1017787500,Stock,Low_Vol,Sideways,Medium_Correlation,Transition_Regime
2023-09-08,0.008066722933607513,0.012674219560637532,953967100,Stock,Low_Vol,Sideways,Medium_Correlation,Transition_Regime
2023-09-11,0.019944967147419206,0.012971694080725257,1026674300,Stock,Medium_Vol,Sideways,Medium_Correlation,Consolidation
2023-09-12,0.012424581600124534,0.013035280535122866,857334100,Stock,Low_Vol,Sideways,Medium_Correlation,Transition_Regime
2023-09-13,0.009036095623178152,0.012773959015769241,907991300,Stock,Low_Vol,Sideways,Medium_Correlation,Transition_Regime
2023-09-14,0.009416260858733186,0.012884056442465423,911341100,Stock,Low_Vol,Sideways,Medium_Correlation,Transition_Regime
2023-09-15,0.013042858059523639,0.012946961880287353,1457309500,Stock,Low_Vol,Sideways,Medium_Correlation,Transition_Regime
2023-09-18,0.010219356057662788,0.012993921210859417,940517100,Stock,Low_Vol,Sideways,Medium_Correlation,Transition_Regime
2023-09-19,0.009243373528070078,0.012511997817140486,850825900,Stock,Low_Vol,Sideways,Medium_Correlation,Transition_Regime
2023-09-20,0.011689159246719889,0.012604249565817212,846849600,Stock,Low_Vol,Sideways,Medium_Correlation,Transition_Regime
2023-09-21,0.012261287194294947,0.01274514702321722,1048011300,Stock,Low_Vol,Sideways,Medium_Correlation,Transition_Regime
2023-09-22,0.011532209892903744,0.012464938477011493,1019583400,Stock,Low_Vol,Sideways,Medium_Correlation,Transition_Regime
2023-09-25,0.006761487568983218,0.01231088819928814,852409200,Stock,Low_Vol,Sideways,Medium_Correlation,Transition_Regime
2023-09-26,0.007466886308027685,0.012494777429752874,924506100,Stock,Low_Vol,Sideways,Medium_Correlation,Transition_Regime
2023-09-27,0.008985477142263073,0.011879083998389118,1012614100,Stock,Low_Vol,Sideways,Medium_Correlation,Transition_Regime
2023-09-28,0.00852848931050299,0.012037902467881797,920651700,Stock,Low_Vol,Sideways,Medium_Correlation,Transition_Regime
2023-09-29,0.01190520213642668,0.012000337950941745,962750200,Stock,Low_Vol,Sideways,Medium_Correlation,Transition_Regime
2023-10-02,0.014605845423588882,0.012024721490565634,952984700,Stock,Low_Vol,Sideways,Medium_Correlation,Transition_Regime
2023-10-03,0.011518182308246762,0.01219312967908972,974207900,Stock,Low_Vol,Sideways,Medium_Correlation,Transition_Regime
2023-10-04,0.013128043439974167,0.012304397185754372,873429500,Stock,Low_Vol,Sideways,Medium_Correlation,Transition_Regime
2023-10-05,0.01543796970820071,0.01253541747774488,891472200,Stock,Low_Vol,Sideways,Medium_Correlation,Transition_Regime
2023-10-06,0.013385466539717573,0.012912142029782915,1038706900,Stock,Low_Vol,Sideways,Medium_Correlation,Transition_Regime
2023-10-09,0.00746205063632067,0.012413954400956195,855696700,Stock,Low_Vol,Sideways,Medium_Correlation,Transition_Regime
2023-10-10,0.008372777843634827,0.012452713076580456,871043500,Stock,Low_Vol,Sideways,Medium_Correlation,Transition_Regime
2023-10-11,0.01478701487920141,0.012629934347032922,844322500,Stock,Low_Vol,Sideways,Medium_Correlation,Transition_Regime
2023-10-12,0.01243214186504409,0.012521964384840524,1017603900,Stock,Low_Vol,Sideways,Low_Correlation,Transition_Regime
2023-10-13,0.01417031408294233,0.012441354395798724,1010108400,Stock,Low_Vol,Sideways,Medium_Correlation,Transition_Regime
2023-10-16,0.008745045838559819,0.01269300494414779,900612200,Stock,Low_Vol,Sideways,Low_Correlation,Transition_Regime
2023-10-17,0.012624875749400995,0.01280672347216439,1377257700,Stock,Low_Vol,Sideways,Medium_Correlation,Transition_Regime
2023-10-18,0.01824934005748355,0.01331359989376268,1181384400,Stock,Medium_Vol,Sideways,Medium_Correlation,Consolidation
2023-10-19,0.018677598478147896,0.013270260260335709,1130333400,Stock,Medium_Vol,Sideways,Medium_Correlation,Consolidation
2023-10-20,0.012611599418546764,0.013577678909958358,1097167700,Stock,Low_Vol,Sideways,Medium_Correlation,Transition_Regime
2023-10-23,0.011954394502891886,0.013683670304019433,1059833300,Stock,Low_Vol,Sideways,Medium_Correlation,Transition_Regime
2023-10-24,0.019036705332479253,0.01393744412145576,988567300,Stock,Medium_Vol,Sideways,Medium_Correlation,Consolidation
2023-10-25,0.025856313267258714,0.015033138873913858,1072946900,Stock,Medium_Vol,Downtrend,Medium_Correlation,Transition_Regime
2023-10-26,0.019172991834417633,0.015572686240438624,1271119800,Stock,Medium_Vol,Downtrend,Medium_Correlation,Transition_Regime
2023-10-27,0.021613161657943893,0.016094779231743402,1072742100,Stock,Medium_Vol,Downtrend,Medium_Correlation,Transition_Regime
2023-10-30,0.014935709426716345,0.016446147585431233,972748800,Stock,Low_Vol,Downtrend,Medium_Correlation,Bear_Market
2023-10-31,0.008355563758720767,0.016215418349610686,1055819700,Stock,Low_Vol,Sideways,Medium_Correlation,Transition_Regime
2023-11-01,0.012163738224802623,0.016250090153980802,977527300,Stock,Low_Vol,Sideways,Medium_Correlation,Transition_Regime
2023-11-02,0.013723842261855376,0.01638757623347641,985422900,Stock,Low_Vol,Sideways,Medium_Correlation,Transition_Regime
2023-11-03,0.011281801028123132,0.016257329174323414,978323900,Stock,Low_Vol,Sideways,Medium_Correlation,Transition_Regime
2023-11-06,0.007777365177637894,0.01628407607146481,894892800,Stock,Low_Vol,Sideways,Medium_Correlation,Transition_Regime
2023-11-07,0.008930056392630538,0.016268037370554187,843315900,Stock,Low_Vol,Sideways,Medium_Correlation,Transition_Regime
2023-11-08,0.006422045125097046,0.01601761899348628,828984800,Stock,Low_Vol,Sideways,Medium_Correlation,Transition_Regime
2023-11-09,0.0191923017757117,0.016273519984608693,1098040300,Stock,Medium_Vol,Sideways,Medium_Correlation,Consolidation
2023-11-10,0.014329877126254366,0.016427511446009294,979916200,Stock,Low_Vol,Sideways,Medium_Correlation,Transition_Regime
2023-11-13,0.011215054999674954,0.016334615607855194,862949200,Stock,Low_Vol,Sideways,Medium_Correlation,Transition_Regime
2023-11-14,0.017135784392128806,0.016798126595356688,1044674800,Stock,Medium_Vol,Sideways,Medium_Correlation,Consolidation
2023-11-15,0.012819033699458457,0.01631875379124657,1090452100,Stock,Low_Vol,Sideways,Medium_Correlation,Transition_Regime
2023-11-16,0.01996153689838751,0.01648445827066333,973487500,Stock,Medium_Vol,Sideways,Medium_Correlation,Consolidation
2023-11-17,0.00826974894634937,0.016095019626241068,907315800,Stock,Low_Vol,Sideways,Medium_Correlation,Transition_Regime
2023-11-20,0.007265820941656029,0.015959087774897292,957194800,Stock,Low_Vol,Sideways,Medium_Correlation,Transition_Regime
2023-11-21,0.010757823837250161,0.015596864666404293,1116438600,Stock,Low_Vol,Sideways,Medium_Correlation,Transition_Regime
2023-11-22,0.01052850806482142,0.014237642005677491,1365007500,Stock,Low_Vol,Sideways,Medium_Correlation,Transition_Regime
2023-11-24,0.0065122272698283174,0.013174135054656437,543712500,Stock,Low_Vol,Uptrend,Low_Correlation,Bull_Market
2023-11-27,0.007225185371796431,0.012239591269211333,961353300,Stock,Low_Vol,Uptrend,Low_Correlation,Bull_Market
2023-11-28,0.012025513369570565,0.011811230898250247,919509100,Stock,Low_Vol,Uptrend,Medium_Correlation,Bull_Market
2023-11-29,0.01158644428033135,0.011983761472745852,939817300,Stock,Low_Vol,Uptrend,Medium_Correlation,Bull_Market
2023-11-30,0.02129444528064907,0.012562020043583233,1269234700,Stock,Medium_Vol,Uptrend,Medium_Correlation,Transition_Regime
2023-12-01,0.013963425355768633,0.012362026454022176,1006229100,Stock,Low_Vol,Uptrend,Medium_Correlation,Bull_Market
2023-12-04,0.011764735252142354,0.012523912462219962,990780100,Stock,Low_Vol,Sideways,Medium_Correlation,Transition_Regime
2023-12-05,0.011612170370563727,0.012668323397700689,962483000,Stock,Low_Vol,Sideways,Low_Correlation,Transition_Regime
2023-12-06,0.007937039783096941,0.012668455875178888,896784200,Stock,Low_Vol,Sideways,Low_Correlation,Transition_Regime
2023-12-07,0.013478454714349272,0.012957508120271993,902770700,Stock,Low_Vol,Sideways,Medium_Correlation,Transition_Regime
2023-12-08,0.009348521977939098,0.012278496922587019,902973700,Stock,Low_Vol,Sideways,Medium_Correlation,Transition_Regime
2023-12-11,0.02041978297512054,0.012338203924190227,1134303800,Stock,Medium_Vol,Sideways,Low_Correlation,Consolidation
2023-12-12,0.011261141230817092,0.012350221608934436,951070400,Stock,Low_Vol,Uptrend,Medium_Correlation,Bull_Market
2023-12-13,0.019162804860037505,0.012241143131962921,1281191400,Stock,Medium_Vol,Uptrend,Low_Correlation,Transition_Regime
2023-12-14,0.023630632141164135,0.012951717823629673,1270261400,Stock,Medium_Vol,Uptrend,Low_Correlation,Transition_Regime
2023-12-15,0.012647130916576953,0.012577928800173834,1770843700,Stock,Low_Vol,Uptrend,Low_Correlation,Bull_Market
2023-12-18,0.012074286372961523,0.01284961510243158,1047379300,Stock,Low_Vol,Uptrend,Low_Correlation,Bull_Market
2023-12-19,0.009784040253770358,0.012873114485159733,1017478700,Stock,Low_Vol,Uptrend,Low_Correlation,Bull_Market
2023-12-20,0.009219689892264571,0.013391231640169301,1006732200,Stock,Low_Vol,Sideways,Low_Correlation,Transition_Regime
2023-12-21,0.007213451543912226,0.013381996090006083,785598500,Stock,Low_Vol,Uptrend,Low_Correlation,Bull_Market
2023-12-22,0.00616123450893223,0.013382274613032381,660433000,Stock,Low_Vol,Uptrend,Medium_Correlation,Bull_Market
2023-12-26,0.004499771757549509,0.013293349556100223,574328300,Stock,Low_Vol,Uptrend,Medium_Correlation,Bull_Market
2023-12-27,0.005512305561682577,0.013086460390016668,653120200,Stock,Low_Vol,Uptrend,Low_Correlation,Bull_Market
2023-12-28,0.006849208478051528,0.01296010651830596,634609700,Stock,Low_Vol,Sideways,Low_Correlation,Transition_Regime
2023-12-29,0.0053273203405660155,0.012279899583427052,822581100,Stock,Low_Vol,Sideways,Medium_Correlation,Transition_Regime
2019-01-04,0.017604941002605932,,468333113,ETF,Low_Vol,Sideways,,Transition_Regime
2019-01-07,0.006187023277907656,,348361738,ETF,Low_Vol,Sideways,,Transition_Regime
2019-01-08,0.006184964194542753,,374528650,ETF,Low_Vol,Sideways,,Transition_Regime
2019-01-09,0.01210527720904206,,359759438,ETF,Low_Vol,Sideways,,Transition_Regime
2019-01-10,0.004924088630908956,,312495450,ETF,Low_Vol,Sideways,,Transition_Regime
2019-01-11,0.005413240829049329,,288222888,ETF,Low_Vol,Sideways,,Transition_Regime
2019-01-14,0.006211587874099163,,271059438,ETF,Low_Vol,Sideways,,Transition_Regime
2019-01-15,0.008684898948945731,,316138688,ETF,Low_Vol,Sideways,,Transition_Regime
2019-01-16,0.005592162020591691,,295364363,ETF,Low_Vol,Sideways,,Transition_Regime
2019-01-17,0.004678663912478781,,316795000,ETF,Low_Vol,Sideways,,Transition_Regime
2019-01-18,0.010369218904147987,,396130525,ETF,Low_Vol,Sideways,,Transition_Regime
2019-01-22,0.00835327410050996,,419061275,ETF,Low_Vol,Sideways,,Transition_Regime
2019-01-23,0.004475131682197458,,283047300,ETF,Low_Vol,Sideways,Medium_Correlation,Transition_Regime
2019-01-24,0.0049219508977560505,,229580463,ETF,Low_Vol,Sideways,Medium_Correlation,Transition_Regime
2019-01-25,0.006640371302082166,,310363775,ETF,Low_Vol,Sideways,Medium_Correlation,Transition_Regime
2019-01-28,0.00745567484119076,,324675613,ETF,Low_Vol,Sideways,Medium_Correlation,Transition_Regime
2019-01-29,0.006824673964555017,,230336025,ETF,Low_Vol,Sideways,Medium_Correlation,Transition_Regime
2019-01-30,0.008022980347638733,,350144900,ETF,Low_Vol,Sideways,Medium_Correlation,Transition_Regime
2019-01-31,0.005667233376353501,0.011104618795649621,384027450,ETF,Low_Vol,Sideways,Medium_Correlation,Transition_Regime
2019-02-01,0.008483944442027906,0.00994517881635273,283206675,ETF,Low_Vol,Sideways,Medium_Correlation,Transition_Regime
2019-02-04,0.007037602569215875,0.00825890143192294,236665175,ETF,Low_Vol,Sideways,Medium_Correlation,Transition_Regime
2019-02-05,0.006723133120456145,0.008253080926849926,254296963,ETF,Low_Vol,Sideways,Medium_Correlation,Transition_Regime
2019-02-06,0.00501817427435189,0.00830656212433726,233226600,ETF,Low_Vol,Sideways,Medium_Correlation,Transition_Regime
2019-02-07,0.00795825251347449,0.008454732565021722,341211225,ETF,Low_Vol,Sideways,Medium_Correlation,Transition_Regime
2019-02-08,0.003196877311731201,0.008422362404036786,242521788,ETF,Low_Vol,Sideways,Medium_Correlation,Transition_Regime
2019-02-11,0.004166651765990522,0.008402328492570176,236823063,ETF,Low_Vol,Sideways,Medium_Correlation,Transition_Regime
2019-02-12,0.005643139854719382,0.008410786486500397,237729588,ETF,Low_Vol,Sideways,Medium_Correlation,Transition_Regime
2019-02-13,0.006283867228412243,0.008243115262838083,239253125,ETF,Low_Vol,Sideways,Medium_Correlation,Transition_Regime
2019-02-14,0.004997685833216729,0.008218347107333717,260218625,ETF,Low_Vol,Sideways,Medium_Correlation,Transition_Regime
2019-02-15,0.006891640798459527,0.008466003231236387,292316175,ETF,Low_Vol,Sideways,Medium_Correlation,Transition_Regime
2019-02-19,0.004923407757652368,0.00818881263406408,209318100,ETF,Low_Vol,Sideways,Medium_Correlation,Transition_Regime
2019-02-20,0.003543020881389526,0.007487898668542156,234630013,ETF,Low_Vol,Sideways,Low_Correlation,Transition_Regime
2019-02-21,0.004832782276966835,0.007690186096155139,237793638,ETF,Low_Vol,Sideways,Medium_Correlation,Transition_Regime
2019-02-22,0.003665507485410242,0.007709413002942561,217994613,ETF,Low_Vol,Sideways,Medium_Correlation,Transition_Regime
2019-02-25,0.009229299281415956,0.0075607607212578925,247095250,ETF,Low_Vol,Sideways,Medium_Correlation,Transition_Regime
2019-02-26,0.003218074419460593,0.00722927655092202,212638325,ETF,Low_Vol,Sideways,Medium_Correlation,Transition_Regime
2019-02-27,0.007477953323961185,0.0072304122907950255,217721275,ETF,Low_Vol,Sideways,Medium_Correlation,Transition_Regime
2019-02-28,0.0034275690960081607,0.006710298150230738,248667938,ETF,Low_Vol,Sideways,Medium_Correlation,Transition_Regime
2019-03-01,0.013351271520580217,0.006937086876915602,334525700,ETF,Low_Vol,Sideways,Medium_Correlation,Transition_Regime
2019-03-04,0.0057481451971418554,0.006961186538379565,358861900,ETF,Low_Vol,Sideways,Medium_Correlation,Transition_Regime
2019-03-05,0.00382018720817992,0.006873076110191804,242964513,ETF,Low_Vol,Sideways,Medium_Correlation,Transition_Regime
2019-03-06,0.005525736344621071,0.007018506001089808,273460138,ETF,Low_Vol,Sideways,Medium_Correlation,Transition_Regime
2019-03-07,0.006055887341154894,0.0072402741990717475,338586875,ETF,Low_Vol,Sideways,Medium_Correlation,Transition_Regime
2019-03-08,0.00858203189256671,0.006959329363072681,304160088,ETF,Low_Vol,Sideways,Medium_Correlation,Transition_Regime
2019-03-11,0.00853928167339058,0.007503830285938449,262709200,ETF,Low_Vol,Sideways,Medium_Correlation,Transition_Regime
2019-03-12,0.0022769494396559175,0.007501270124792753,250036938,ETF,Low_Vol,Sideways,Medium_Correlation,Transition_Regime
2019-03-13,0.0059200257835408075,0.007297482901445822,274393500,ETF,Low_Vol,Sideways,Medium_Correlation,Transition_Regime
2019-03-14,0.005579056618838637,0.0073185346687715085,218559375,ETF,Low_Vol,Sideways,Medium_Correlation,Transition_Regime
2019-03-15,0.004206370648979423,0.007367503675408729,304474775,ETF,Low_Vol,Sideways,Medium_Correlation,Transition_Regime
2019-03-18,0.004454422355534175,0.007018697522507349,243167638,ETF,Low_Vol,Sideways,Medium_Correlation,Transition_Regime
2019-03-19,0.0036012472141973713,0.006953812580797624,281990813,ETF,Low_Vol,Sideways,Medium_Correlation,Transition_Regime
2019-03-20,0.008844267720529063,0.007163103941619208,336293200,ETF,Low_Vol,Sideways,Medium_Correlation,Transition_Regime
2019-03-21,0.008495945652881337,0.0072721292722922656,376903000,ETF,Low_Vol,Sideways,Medium_Correlation,Transition_Regime
2019-03-22,0.012667447709861043,0.008568647684241083,479142788,ETF,Low_Vol,Sideways,Medium_Correlation,Transition_Regime
2019-03-25,0.0035852864685524195,0.008429315927131186,331831238,ETF,Low_Vol,Sideways,Medium_Correlation,Transition_Regime
2019-03-26,0.006424690114666256,0.008589159376959104,249249925,ETF,Low_Vol,Sideways,Medium_Correlation,Transition_Regime
2019-03-27,0.0038479615703633802,0.008589186506530693,293886200,ETF,Low_Vol,Sideways,Medium_Correlation,Transition_Regime
2019-03-28,0.007312165172000095,0.008658504538979836,241369138,ETF,Low_Vol,Sideways,Medium_Correlation,Transition_Regime
2019-03-29,0.004597926738294517,0.00830892340659133,288444138,ETF,Low_Vol,Sideways,Medium_Correlation,Transition_Regime
2019-04-01,0.009472787842627305,0.008659213756117308,296310638,ETF,Low_Vol,Sideways,Medium_Correlation,Transition_Regime
2019-04-02,0.004611196424138961,0.008655250328377485,207176225,ETF,Low_Vol,Sideways,Medium_Correlation,Transition_Regime
2019-04-03,0.004465736626453687,0.0084769706152913,249761050,ETF,Low_Vol,Sideways,Medium_Correlation,Transition_Regime
2019-04-04,0.0037996669206950876,0.008221117514927052,224415900,ETF,Low_Vol,Sideways,Medium_Correlation,Transition_Regime
2019-04-05,0.005883909788139687,0.00804013520320165,212287913,ETF,Low_Vol,Uptrend,Medium_Correlation,Bull_Market
2019-04-08,0.0051888878283609585,0.00771139705056303,197513938,ETF,Low_Vol,Uptrend,Medium_Correlation,Bull_Market
2019-04-09,0.00457734941800121,0.007836432060398238,253422325,ETF,Low_Vol,Sideways,Medium_Correlation,Transition_Regime
2019-04-10,0.0031718558494314847,0.007726550257778356,211072063,ETF,Low_Vol,Sideways,Medium_Correlation,Transition_Regime
2019-04-11,0.006571479855913399,0.007825158741659866,231769550,ETF,Low_Vol,Sideways,Medium_Correlation,Transition_Regime
2019-04-12,0.005945096967559617,0.007818212547827611,269163425,ETF,Low_Vol,Sideways,Medium_Correlation,Transition_Regime
2019-04-15,0.0028093400588073427,0.0077886440764647815,188555063,ETF,Low_Vol,Sideways,Medium_Correlation,Transition_Regime
2019-04-16,0.007879817679454426,0.007885130737769424,239556263,ETF,Low_Vol,Sideways,Medium_Correlation,Transition_Regime
2019-04-17,0.007902043596196314,0.007830436756303669,260636863,ETF,Low_Vol,Sideways,Medium_Correlation,Transition_Regime
2019-04-18,0.0022699166426956552,0.007575649024710059,268511238,ETF,Low_Vol,Sideways,Medium_Correlation,Transition_Regime
2019-04-22,0.008554906259718994,0.005948833535830498,187782413,ETF,Low_Vol,Sideways,Medium_Correlation,Transition_Regime
2019-04-23,0.007294183849174439,0.006075521548114235,261740925,ETF,Low_Vol,Sideways,Medium_Correlation,Transition_Regime
2019-04-24,0.0062350012636103016,0.006177845925302547,205160588,ETF,Low_Vol,Sideways,Medium_Correlation,Transition_Regime
2019-04-25,0.004656133197938204,0.00602798510601131,228360113,ETF,Low_Vol,Sideways,Medium_Correlation,Transition_Regime
2019-04-26,0.010648964656815267,0.006172265362126821,215574563,ETF,Low_Vol,Sideways,Medium_Correlation,Transition_Regime
2019-04-29,0.004797549652988453,0.006096416479840294,224803275,ETF,Low_Vol,Sideways,Medium_Correlation,Transition_Regime
2019-04-30,0.003077304043072954,0.00557985047682159,268446725,ETF,Low_Vol,Sideways,Medium_Correlation,Transition_Regime
2019-05-01,0.005781559797664381,0.005893856616409513,341075838,ETF,Low_Vol,Sideways,Medium_Correlation,Transition_Regime
2019-05-02,0.008542263512917177,0.006031980294968115,312149913,ETF,Low_Vol,Sideways,Medium_Correlation,Transition_Regime
2019-05-03,0.005108149007584604,0.006440801932512658,240085225,ETF,Low_Vol,Sideways,Medium_Correlation,Transition_Regime
2019-05-06,0.007869730364506273,0.006546544769806149,329308800,ETF,Low_Vol,Sideways,Medium_Correlation,Transition_Regime
2019-05-07,0.009435561712802295,0.0073822212681085315,398893413,ETF,Low_Vol,Sideways,Medium_Correlation,Transition_Regime
2019-05-08,0.0041270895385823805,0.007311711722890137,281132150,ETF,Low_Vol,Sideways,Medium_Correlation,Transition_Regime
2019-05-09,0.003968396008321819,0.007282562496531941,351018613,ETF,Low_Vol,Sideways,Medium_Correlation,Transition_Regime
2019-05-10,0.002569304599930636,0.007191710204005301,365787913,ETF,Low_Vol,Sideways,Medium_Correlation,Transition_Regime
2019-05-13,0.014906110945300801,0.008583370133032753,406775238,ETF,Medium_Vol,Sideways,Medium_Correlation,Consolidation
2019-05-14,0.005497123974884448,0.0088870774859768,285638925,ETF,Low_Vol,Sideways,Medium_Correlation,Transition_Regime
2019-05-15,0.004421971082766625,0.008810530052851642,267107038,ETF,Low_Vol,Sideways,Medium_Correlation,Transition_Regime
2019-05-16,0.007535425590526782,0.00885642672668948,266767138,ETF,Low_Vol,Sideways,Medium_Correlation,Transition_Regime
2019-05-17,0.004891203355409324,0.008990558462380055,312844163,ETF,Low_Vol,Sideways,Medium_Correlation,Transition_Regime
2019-05-20,0.006288425451744244,0.008907355332153286,237427813,ETF,Low_Vol,Sideways,Medium_Correlation,Transition_Regime
2019-05-21,0.005851757462724775,0.008925258953965221,205695913,ETF,Low_Vol,Sideways,Medium_Correlation,Transition_Regime
2019-05-22,0.008165983521981248,0.0089671091469274,183817525,ETF,Low_Vol,Sideways,Medium_Correlation,Transition_Regime
2019-05-23,0.015357169792806078,0.009548642901919095,335087750,ETF,Medium_Vol,Sideways,Medium_Correlation,Consolidation
2019-05-24,0.004216882130171763,0.009439942628111465,188042388,ETF,Low_Vol,Sideways,Medium_Correlation,Transition_Regime
2019-05-28,0.0056393540605610285,0.00948961696950979,255318788,ETF,Low_Vol,Sideways,Medium_Correlation,Transition_Regime
2019-05-29,0.0052184194842951346,0.009518317460865934,320012838,ETF,Low_Vol,Sideways,Medium_Correlation,Transition_Regime
2019-05-30,0.011397590493814022,0.009576101561455604,238852388,ETF,Low_Vol,Sideways,Medium_Correlation,Transition_Regime
2019-05-31,0.01571252101531296,0.009925469335166016,328011650,ETF,Medium_Vol,Sideways,Medium_Correlation,Consolidation
2019-06-03,0.010499526797360813,0.009720201573973557,405914900,ETF,Low_Vol,Downtrend,Medium_Correlation,Bear_Market
2019-06-04,0.01179754298218444,0.010657343975914804,298190763,ETF,Low_Vol,Sideways,Medium_Correlation,Transition_Regime
2019-06-05,0.011340148282403322,0.010404668436382814,293204813,ETF,Low_Vol,Sideways,Medium_Correlation,Transition_Regime
2019-06-06,0.007514779898464217,0.01056254116686219,265919450,ETF,Low_Vol,Sideways,Medium_Correlation,Transition_Regime
2019-06-07,0.005642094955697873,0.010772339518905088,259559200,ETF,Low_Vol,Sideways,Medium_Correlation,Transition_Regime
2019-06-10,0.008634662265425839,0.010935662705264332,242916725,ETF,Low_Vol,Sideways,Medium_Correlation,Transition_Regime
2019-06-11,0.0031260566489282066,0.009614464355849782,218547613,ETF,Low_Vol,Sideways,Medium_Correlation,Transition_Regime
2019-06-12,0.011394318980646035,0.00959229220610408,189815650,ETF,Low_Vol,Sideways,Medium_Correlation,Transition_Regime
2019-06-13,0.005751791356980751,0.00964981391970494,188367750,ETF,Low_Vol,Sideways,Medium_Correlation,Transition_Regime
2019-06-14,0.00456625706546904,0.009526081922169794,195048463,ETF,Low_Vol,Sideways,Medium_Correlation,Transition_Regime
2019-06-17,0.005248182168834624,0.009347094569477053,180220463,ETF,Low_Vol,Sideways,Medium_Correlation,Transition_Regime
2019-06-18,0.009019018927830153,0.009672861112373142,300788300,ETF,Low_Vol,Sideways,Medium_Correlation,Transition_Regime
2019-06-19,0.003021085361629806,0.009551609865677145,282145688,ETF,Low_Vol,Sideways,Medium_Correlation,Transition_Regime
2019-06-20,0.011279139555111466,0.00991909807944975,356156850,ETF,Low_Vol,Sideways,Medium_Correlation,Transition_Regime
2019-06-21,0.005198603038572047,0.009277533422556364,313986175,ETF,Low_Vol,Sideways,Medium_Correlation,Transition_Regime
2019-06-24,0.0063081981006207835,0.009333840399401645,225837500,ETF,Low_Vol,Sideways,Medium_Correlation,Transition_Regime
2019-06-25,0.005887264565734357,0.009320918555578619,309765213,ETF,Low_Vol,Sideways,Medium_Correlation,Transition_Regime
2019-06-26,0.009282874641666989,0.009361219352626344,207205438,ETF,Low_Vol,Sideways,Medium_Correlation,Transition_Regime
2019-06-27,0.005652106632788959,0.009308293619986682,214831788,ETF,Low_Vol,Sideways,Medium_Correlation,Transition_Regime
2019-06-28,0.007777042444800857,0.008615348224149088,313229000,ETF,Low_Vol,Sideways,Medium_Correlation,Transition_Regime
2019-07-01,0.009918860926004523,0.00852896658479726,288852450,ETF,Low_Vol,Sideways,Medium_Correlation,Transition_Regime
2019-07-02,0.014417683900110681,0.008003783778530478,273057988,ETF,Medium_Vol,Sideways,Medium_Correlation,Consolidation
2019-07-03,0.0028028247506200208,0.007851464374123223,141074175,ETF,Low_Vol,Sideways,Medium_Correlation,Transition_Regime
2019-07-05,0.007211884417115177,0.007982698845356646,203282150,ETF,Low_Vol,Uptrend,Medium_Correlation,Bull_Market
2019-07-08,0.003168128203997692,0.00792877598061199,176206400,ETF,Low_Vol,Sideways,Medium_Correlation,Transition_Regime
2019-07-09,0.0033829365752277825,0.007761615596212435,163971288,ETF,Low_Vol,Sideways,Medium_Correlation,Transition_Regime
2019-07-10,0.010019701119023394,0.00790660655925668,228750688,ETF,Low_Vol,Sideways,Medium_Correlation,Transition_Regime
2019-07-11,0.003852385006967583,0.007625127674625255,213767788,ETF,Low_Vol,Sideways,Medium_Correlation,Transition_Regime
2019-07-12,0.004800409511045999,0.007634129611439207,172814688,ETF,Low_Vol,Sideways,Medium_Correlation,Transition_Regime
2019-07-15,0.006447973014975426,0.007591570732648796,156454375,ETF,Low_Vol,Sideways,Medium_Correlation,Transition_Regime
2019-07-16,0.005775725051331455,0.007713414715060181,218512438,ETF,Low_Vol,Sideways,Medium_Correlation,Transition_Regime
2019-07-17,0.0118230814142071,0.007552973092182076,200293325,ETF,Low_Vol,Sideways,Medium_Correlation,Transition_Regime
2019-07-18,0.007963741092385087,0.007627044867636968,263138213,ETF,Low_Vol,Sideways,Medium_Correlation,Transition_Regime
2019-07-19,0.00564373659862426,0.007228072186426152,251374238,ETF,Low_Vol,Sideways,Medium_Correlation,Transition_Regime
2019-07-22,0.004191317399887499,0.007183467644037241,174809063,ETF,Low_Vol,Sideways,Medium_Correlation,Transition_Regime
2019-07-23,0.004623370777449638,0.007183618063879226,204606125,ETF,Low_Vol,Sideways,Medium_Correlation,Transition_Regime
2019-07-24,0.007505541862861847,0.006891032503201966,200564000,ETF,Low_Vol,Sideways,Medium_Correlation,Transition_Regime
2019-07-25,0.0037719437881705083,0.006944983429981473,216594525,ETF,Low_Vol,Sideways,Medium_Correlation,Transition_Regime
2019-07-26,0.004913348264484102,0.006916304187489696,180071250,ETF,Low_Vol,Sideways,Medium_Correlation,Transition_Regime
2019-07-29,0.005493665591805049,0.006846110727636696,172309250,ETF,Low_Vol,Sideways,Medium_Correlation,Transition_Regime
2019-07-30,0.008501228023769151,0.006663644215745056,164254600,ETF,Low_Vol,Sideways,Medium_Correlation,Transition_Regime
2019-07-31,0.0055928033957373564,0.006731161012929792,391395413,ETF,Low_Vol,Sideways,Medium_Correlation,Transition_Regime
2019-08-01,0.018705864236524122,0.007488928589371021,539539225,ETF,Medium_Vol,Sideways,Medium_Correlation,Consolidation
2019-08-02,0.007736722946829288,0.007582419003367632,415934750,ETF,Low_Vol,Sideways,Medium_Correlation,Transition_Regime
2019-08-05,0.018154683741826102,0.009513295788943705,569416475,ETF,Medium_Vol,Sideways,Medium_Correlation,Consolidation
2019-08-06,0.009353699374352755,0.00991520920747631,362964638,ETF,Low_Vol,Sideways,Medium_Correlation,Transition_Regime
2019-08-07,0.013460154822178234,0.009851111199748245,487680925,ETF,Medium_Vol,Sideways,Medium_Correlation,Consolidation
2019-08-08,0.009546100989299576,0.01057975294109402,339624625,ETF,Low_Vol,Sideways,Medium_Correlation,Transition_Regime
2019-08-09,0.00978311813943759,0.010686271606999677,296163225,ETF,Low_Vol,Sideways,Medium_Correlation,Transition_Regime
2019-08-12,0.009114257876757148,0.010837338112876276,268895250,ETF,Low_Vol,Sideways,Medium_Correlation,Transition_Regime
2019-08-13,0.012746766832944616,0.011416942395000962,388655238,ETF,Medium_Vol,Sideways,Medium_Correlation,Consolidation
2019-08-14,0.01734830306078147,0.012512644682422726,475145388,ETF,Medium_Vol,Sideways,Medium_Correlation,Consolidation
2019-08-15,0.004337483340433286,0.012408755681301528,344009875,ETF,Low_Vol,Sideways,Medium_Correlation,Transition_Regime
2019-08-16,0.009061645804013151,0.012752580334828607,301993063,ETF,Low_Vol,Sideways,Medium_Correlation,Transition_Regime
2019-08-19,0.010774763530574022,0.013081272994198504,215853388,ETF,Medium_Vol,Sideways,Medium_Correlation,Consolidation
2019-08-20,0.007553138285457211,0.013057297391318265,194603100,ETF,Low_Vol,Sideways,Medium_Correlation,Transition_Regime
2019-08-21,0.004665067623998714,0.01306243043734939,203116650,ETF,Low_Vol,Sideways,Medium_Correlation,Transition_Regime
2019-08-22,0.0035847322543588523,0.013023451755582751,211985300,ETF,Low_Vol,Sideways,Medium_Correlation,Transition_Regime
2019-08-23,0.01880775790030215,0.01375347896374631,473654788,ETF,Medium_Vol,Sideways,Medium_Correlation,Consolidation
2019-08-26,0.005358037296036145,0.013947160658841757,254913813,ETF,Low_Vol,Sideways,Medium_Correlation,Transition_Regime
2019-08-27,0.011234181608642703,0.013990043250623687,290100075,ETF,Medium_Vol,Sideways,Medium_Correlation,Consolidation
2019-08-28,0.005839528434964725,0.013953503248758157,259245525,ETF,Low_Vol,Sideways,Medium_Correlation,Transition_Regime
2019-08-29,0.008105577495963582,0.013723880194764731,275197675,ETF,Low_Vol,Sideways,Medium_Correlation,Transition_Regime
2019-08-30,0.00748767621279503,0.013652130998012947,250014888,ETF,Low_Vol,Sideways,Medium_Correlation,Transition_Regime
2019-09-03,0.014433777088627928,0.01264705392353956,311081538,ETF,Medium_Vol,Sideways,Medium_Correlation,Consolidation
2019-09-04,0.01038162393830976,0.012751767228438902,231223075,ETF,Low_Vol,Sideways,Medium_Correlation,Transition_Regime
2019-09-05,0.018817861313517627,0.01322541040864938,362537513,ETF,Medium_Vol,Sideways,Medium_Correlation,Consolidation
2019-09-06,0.008618262413556137,0.012889385767398885,265075825,ETF,Low_Vol,Sideways,Medium_Correlation,Transition_Regime
2019-09-09,0.01027184067486375,0.012892743360244497,279976375,ETF,Low_Vol,Sideways,Medium_Correlation,Transition_Regime
2019-09-10,0.0061375366598692095,0.012684960010950779,303177100,ETF,Low_Vol,Sideways,Medium_Correlation,Transition_Regime
2019-09-11,0.009362548385869897,0.012417588741665334,286038475,ETF,Low_Vol,Sideways,Medium_Correlation,Transition_Regime
2019-09-12,0.006018028423960634,0.010595452119134808,333763800,ETF,Low_Vol,Sideways,Medium_Correlation,Transition_Regime
2019-09-13,0.010202267285417108,0.01070278855309387,299942500,ETF,Low_Vol,Sideways,Medium_Correlation,Transition_Regime
2019-09-16,0.03184825152556779,0.011530518343934072,246957100,ETF,Medium_Vol,Sideways,Medium_Correlation,Consolidation
2019-09-17,0.011791501901417185,0.011441335315170106,232273788,ETF,Medium_Vol,Sideways,Medium_Correlation,Consolidation
2019-09-18,0.006054759699134165,0.011337208142033013,280338213,ETF,Low_Vol,Sideways,Medium_Correlation,Transition_Regime
2019-09-19,0.003843054484542531,0.011303912486488354,240095463,ETF,Low_Vol,Sideways,Low_Correlation,Transition_Regime
2019-09-20,0.006713475668299958,0.011357590898599898,331266113,ETF,Low_Vol,Sideways,Low_Correlation,Transition_Regime
2019-09-23,0.010659106026963992,0.009674013125828137,206449238,ETF,Low_Vol,Sideways,Low_Correlation,Transition_Regime
2019-09-24,0.007829970186200828,0.00995264782925108,359223188,ETF,Low_Vol,Sideways,Low_Correlation,Transition_Regime
2019-09-25,0.013607310901396972,0.010004742481112125,300615725,ETF,Medium_Vol,Sideways,Medium_Correlation,Consolidation
2019-09-26,0.004379609737544029,0.010030489672368071,260435825,ETF,Low_Vol,Sideways,Medium_Correlation,Transition_Regime
2019-09-27,0.006189628760534986,0.00988273851784526,340406350,ETF,Low_Vol,Sideways,Medium_Correlation,Transition_Regime
2019-09-30,0.01183883496061548,0.010025325814413562,250312913,ETF,Low_Vol,Sideways,Medium_Correlation,Transition_Regime
2019-10-01,0.009953391531091732,0.01017086909616006,347598313,ETF,Low_Vol,Sideways,Medium_Correlation,Transition_Regime
2019-10-02,0.012422034462943009,0.01040141316900042,410860650,ETF,Medium_Vol,Sideways,Medium_Correlation,Consolidation
2019-10-03,0.004599575900140725,0.009845357220507098,369629125,ETF,Low_Vol,Sideways,Medium_Correlation,Transition_Regime
2019-10-04,0.006368976583528764,0.010166918400842759,248079938,ETF,Low_Vol,Sideways,Medium_Correlation,Transition_Regime
2019-10-07,0.0025712000054405543,0.010000232492370573,216128975,ETF,Low_Vol,Sideways,Medium_Correlation,Transition_Regime
2019-10-08,0.011205908787632507,0.010365853150821414,319179913,ETF,Low_Vol,Sideways,Medium_Correlation,Transition_Regime
2019-10-09,0.004648411474671732,0.010320514986358914,217609125,ETF,Low_Vol,Sideways,Medium_Correlation,Transition_Regime
2019-10-10,0.008135426193715432,0.010484192246761698,242745663,ETF,Low_Vol,Sideways,Medium_Correlation,Transition_Regime
2019-10-11,0.007994883529377106,0.010700133588583703,378317525,ETF,Low_Vol,Sideways,Medium_Correlation,Transition_Regime
2019-10-14,0.005953597240362704,0.009393282822566863,159365163,ETF,Low_Vol,Sideways,Medium_Correlation,Transition_Regime
2019-10-15,0.009547822773535187,0.009515431015675922,244110138,ETF,Low_Vol,Sideways,Medium_Correlation,Transition_Regime
2019-10-16,0.004854504015007365,0.009510145020677275,208000625,ETF,Low_Vol,Sideways,Medium_Correlation,Transition_Regime
2019-10-17,0.004252419864452238,0.0095543090814208,212751050,ETF,Low_Vol,Sideways,Medium_Correlation,Transition_Regime
2019-10-18,0.0034659499048650243,0.009474860364083692,220252625,ETF,Low_Vol,Sideways,Medium_Correlation,Transition_Regime
2019-10-21,0.0065022983083111805,0.009432305008903779,194426450,ETF,Low_Vol,Sideways,Medium_Correlation,Transition_Regime
2019-10-22,0.0064085599202029974,0.009237509184036404,219391275,ETF,Low_Vol,Sideways,Medium_Correlation,Transition_Regime
2019-10-23,0.006538210656432672,0.008965287588952042,157943588,ETF,Low_Vol,Sideways,Medium_Correlation,Transition_Regime
2019-10-24,0.006098107626654882,0.00900370040731003,172172650,ETF,Low_Vol,Sideways,Medium_Correlation,Transition_Regime
2019-10-25,0.004465915072070809,0.008842826625825275,192428113,ETF,Low_Vol,Sideways,Medium_Correlation,Transition_Regime
2019-10-28,0.008543943876709134,0.008676830653750288,199689938,ETF,Low_Vol,Sideways,Medium_Correlation,Transition_Regime
2019-10-29,0.005476471266741816,0.008232282474324427,202051650,ETF,Low_Vol,Sideways,Medium_Correlation,Transition_Regime
2019-10-30,0.006942991575904731,0.007409301364290714,229546500,ETF,Low_Vol,Sideways,Medium_Correlation,Transition_Regime
2019-10-31,0.0064929208609326786,0.007492537648680252,261874725,ETF,Low_Vol,Sideways,Medium_Correlation,Transition_Regime
2019-11-01,0.00946187490388849,0.007600585391100735,258575875,ETF,Low_Vol,Sideways,Medium_Correlation,Transition_Regime
2019-11-04,0.008711007512360204,0.007598419858693786,223398450,ETF,Low_Vol,Sideways,Medium_Correlation,Transition_Regime
2019-11-05,0.008131463011463539,0.006791855267795971,215810588,ETF,Low_Vol,Sideways,Medium_Correlation,Transition_Regime
2019-11-06,0.0062884561388504125,0.006853316046428386,214844488,ETF,Low_Vol,Sideways,Medium_Correlation,Transition_Regime
2019-11-07,0.010316511533982546,0.00693949795313857,267061850,ETF,Low_Vol,Sideways,Low_Correlation,Transition_Regime
2019-11-08,0.006868738645541857,0.006683377425196961,213727100,ETF,Low_Vol,Sideways,Low_Correlation,Transition_Regime
2019-11-11,0.0027919139847728,0.00664276733872564,142715675,ETF,Low_Vol,Sideways,Medium_Correlation,Transition_Regime
2019-11-12,0.003297146651065883,0.006327744354315913,200239100,ETF,Low_Vol,Sideways,Low_Correlation,Transition_Regime
2019-11-13,0.004197911032150179,0.006321271716244975,200926400,ETF,Low_Vol,Sideways,Medium_Correlation,Transition_Regime
2019-11-14,0.0023641277920116027,0.006291062249511569,191275563,ETF,Low_Vol,Sideways,Medium_Correlation,Transition_Regime
2019-11-15,0.006156313736097344,0.006304114176477533,196879775,ETF,Low_Vol,Sideways,Medium_Correlation,Transition_Regime
2019-11-18,0.005328713083903667,0.006216089872148906,185046963,ETF,Low_Vol,Sideways,Medium_Correlation,Transition_Regime
2019-11-19,0.008559828483792551,0.006166336751894605,206767938,ETF,Low_Vol,Sideways,Medium_Correlation,Transition_Regime
2019-11-20,0.008667669482534529,0.006326495842025597,282963888,ETF,Low_Vol,Sideways,Medium_Correlation,Transition_Regime
2019-11-21,0.008227915888520681,0.006346334207709307,208522475,ETF,Low_Vol,Sideways,Low_Correlation,Transition_Regime
2019-11-22,0.0036521904590927304,0.006251915019794401,167520988,ETF,Low_Vol,Sideways,Low_Correlation,Transition_Regime
2019-11-25,0.007363066884162854,0.006368282152752954,217835088,ETF,Low_Vol,Sideways,Low_Correlation,Transition_Regime
2019-11-26,0.004728682858172723,0.006308848402644195,183852575,ETF,Low_Vol,Sideways,Low_Correlation,Transition_Regime
2019-11-27,0.0047791316145869124,0.006239520156578282,173701800,ETF,Low_Vol,Sideways,Medium_Correlation,Transition_Regime
2019-11-29,0.010924694076093271,0.006433173796843684,130736988,ETF,Low_Vol,Sideways,Medium_Correlation,Transition_Regime
2019-12-02,0.004923353177295465,0.006242005429403573,278646988,ETF,Low_Vol,Sideways,Medium_Correlation,Transition_Regime
2019-12-03,0.008589561440777571,0.0063086188653635675,283216363,ETF,Low_Vol,Sideways,Medium_Correlation,Transition_Regime
2019-12-04,0.011000387171972123,0.00646622156524083,213351838,ETF,Low_Vol,Sideways,Medium_Correlation,Transition_Regime
2019-12-05,0.0027111022427480707,0.006397788589319087,183087775,ETF,Low_Vol,Sideways,Medium_Correlation,Transition_Regime
2019-12-06,0.010275940711786304,0.006479908444026945,214413763,ETF,Low_Vol,Sideways,Medium_Correlation,Transition_Regime
2019-12-09,0.00246463572908837,0.006444642061351568,140017600,ETF,Low_Vol,Sideways,Medium_Correlation,Transition_Regime
2019-12-10,0.0019134118481192134,0.006408210118682199,185097188,ETF,Low_Vol,Sideways,Medium_Correlation,Transition_Regime
2019-12-11,0.005114574916701287,0.006510431207371543,185331025,ETF,Low_Vol,Sideways,Medium_Correlation,Transition_Regime
2019-12-12,0.006998141966658283,0.006794180179471227,337743600,ETF,Low_Vol,Sideways,Medium_Correlation,Transition_Regime
2019-12-13,0.004441400409074461,0.00684163376949586,278057038,ETF,Low_Vol,Sideways,Medium_Correlation,Transition_Regime
2019-12-16,0.004608621723218173,0.006814045486700557,245305363,ETF,Low_Vol,Sideways,Medium_Correlation,Transition_Regime
2019-12-17,0.0036741887390093564,0.006763139051083513,197607275,ETF,Low_Vol,Sideways,Medium_Correlation,Transition_Regime
2019-12-18,0.002316603803846414,0.006618960259944986,184744838,ETF,Low_Vol,Sideways,Medium_Correlation,Transition_Regime
2019-12-19,0.0022521967835350022,0.006463346335092382,222816375,ETF,Low_Vol,Uptrend,Medium_Correlation,Bull_Market
2019-12-20,0.0047429498889385155,0.0063648562607238265,397094638,ETF,Low_Vol,Uptrend,Medium_Correlation,Bull_Market
2019-12-23,0.004285661061662384,0.006376229828299257,199729200,ETF,Low_Vol,Uptrend,Medium_Correlation,Bull_Market
2019-12-24,0.00507920732345409,0.006170446552122502,85225438,ETF,Low_Vol,Uptrend,Medium_Correlation,Bull_Market
2019-12-26,0.0036045007841122665,0.006181577304913126,139274588,ETF,Low_Vol,Uptrend,Medium_Correlation,Bull_Market
2019-12-27,0.0029796610641170894,0.0061577525521221066,161775088,ETF,Low_Vol,Uptrend,Medium_Correlation,Bull_Market
2019-12-30,0.004296125235910049,0.005818172837851432,184441863,ETF,Low_Vol,Sideways,Medium_Correlation,Transition_Regime
2019-12-31,0.0031637941446322265,0.005513783388847258,179375863,ETF,Low_Vol,Sideways,Medium_Correlation,Transition_Regime
2020-01-02,0.00665737904751359,0.005411451239964692,231941838,ETF,Low_Vol,Uptrend,Medium_Correlation,Bull_Market
2020-01-03,0.01135266177298694,0.005672650167363775,296877550,ETF,Low_Vol,Sideways,Medium_Correlation,Transition_Regime
2020-01-06,0.0036797769771879556,0.005696918997223962,234519413,ETF,Low_Vol,Sideways,Medium_Correlation,Transition_Regime
2020-01-07,0.004371377486685257,0.005300832863035049,195064075,ETF,Low_Vol,Sideways,Medium_Correlation,Transition_Regime
2020-01-08,0.011966381705433288,0.005668034949413001,293748525,ETF,Low_Vol,Sideways,Medium_Correlation,Transition_Regime
2020-01-09,0.00713282401420372,0.005814001984489803,213134950,ETF,Low_Vol,Sideways,Medium_Correlation,Transition_Regime
2020-01-10,0.004795939864300684,0.005859283210089222,207595850,ETF,Low_Vol,Sideways,Medium_Correlation,Transition_Regime
2020-01-13,0.008266077291740916,0.00571080923803399,192457925,ETF,Low_Vol,Sideways,Medium_Correlation,Transition_Regime
2020-01-14,0.004076307869382581,0.00571239762360525,231783613,ETF,Low_Vol,Sideways,Medium_Correlation,Transition_Regime
2020-01-15,0.005558853669631607,0.005601576220926134,234543063,ETF,Low_Vol,Sideways,Medium_Correlation,Transition_Regime
2020-01-16,0.005012861709858593,0.005748679472141304,197323413,ETF,Low_Vol,Sideways,Medium_Correlation,Transition_Regime
2020-01-17,0.0033453548915078238,0.005745474351641992,270115763,ETF,Low_Vol,Sideways,Medium_Correlation,Transition_Regime
2020-01-21,0.007690812046370198,0.006068001878982785,251120438,ETF,Low_Vol,Sideways,Medium_Correlation,Transition_Regime
2020-01-22,0.007857330068553329,0.006108853084090676,194511663,ETF,Low_Vol,Sideways,Medium_Correlation,Transition_Regime
2020-01-23,0.0060041514064369545,0.0060990547908376935,225612825,ETF,Low_Vol,Sideways,Medium_Correlation,Transition_Regime
2020-01-24,0.009309755175788617,0.006466543065950391,324518925,ETF,Low_Vol,Sideways,Low_Correlation,Transition_Regime
2020-01-27,0.012202001158794443,0.007381812206961537,317985188,ETF,Low_Vol,Sideways,Low_Correlation,Transition_Regime
2020-01-28,0.012440269047886475,0.00788193597632201,258799800,ETF,Low_Vol,Sideways,Medium_Correlation,Transition_Regime
2020-01-29,0.004621562842537394,0.007821286275788842,213583075,ETF,Low_Vol,Sideways,Low_Correlation,Transition_Regime
2020-01-30,0.007537579273871581,0.007913892058911997,312815050,ETF,Low_Vol,Sideways,Medium_Correlation,Transition_Regime
2020-01-31,0.012089259747024014,0.008488051001203478,402951250,ETF,Low_Vol,Sideways,Medium_Correlation,Transition_Regime
2020-02-03,0.01292952008715184,0.008418855750465656,293305888,ETF,Low_Vol,Sideways,Medium_Correlation,Transition_Regime
2020-02-04,0.011931329009373014,0.008972997537586213,299154225,ETF,Low_Vol,Sideways,Medium_Correlation,Transition_Regime
2020-02-05,0.010670471144133945,0.009543547320188571,313128550,ETF,Low_Vol,Sideways,Medium_Correlation,Transition_Regime
2020-02-06,0.004971182470603,0.009438135317942515,208646438,ETF,Low_Vol,Sideways,Medium_Correlation,Transition_Regime
2020-02-07,0.005479184381379214,0.00948609224636174,219441563,ETF,Low_Vol,Sideways,Medium_Correlation,Transition_Regime
2020-02-10,0.006660170581275249,0.009502498780437366,166775925,ETF,Low_Vol,Sideways,Medium_Correlation,Transition_Regime
2020-02-11,0.005605539478677389,0.009502510393347381,209333125,ETF,Low_Vol,Sideways,Medium_Correlation,Transition_Regime
2020-02-12,0.00865658123470872,0.00969212679181212,186292125,ETF,Low_Vol,Sideways,Medium_Correlation,Transition_Regime
2020-02-13,0.0045495381282633154,0.00969435363146459,189260988,ETF,Low_Vol,Sideways,Medium_Correlation,Transition_Regime
2020-02-14,0.00370483744578112,0.009596996345933452,195309525,ETF,Low_Vol,Sideways,Medium_Correlation,Transition_Regime
2020-02-18,0.008789954246849162,0.009740691340476833,231245763,ETF,Low_Vol,Sideways,Medium_Correlation,Transition_Regime
2020-02-19,0.005394506885243885,0.009762863914608469,191671275,ETF,Low_Vol,Uptrend,Medium_Correlation,Bull_Market
2020-02-20,0.005941896183608103,0.009810645346484502,293997725,ETF,Low_Vol,Sideways,Medium_Correlation,Transition_Regime
2020-02-21,0.00971165819783075,0.010068899813767799,357063250,ETF,Low_Vol,Sideways,Medium_Correlation,Transition_Regime
2020-02-24,0.019048420355927367,0.011842727495232457,541101888,ETF,Medium_Vol,Sideways,Medium_Correlation,Consolidation
2020-02-25,0.01358493222429684,0.012757633255924175,719422638,ETF,Medium_Vol,Sideways,Medium_Correlation,Consolidation
2020-02-26,0.009710667587080314,0.012469831345236474,623510338,ETF,Low_Vol,Sideways,Medium_Correlation,Transition_Regime
2020-02-27,0.01921391922991543,0.014292685218985442,902654113,ETF,Medium_Vol,Sideways,Medium_Correlation,Consolidation
2020-02-28,0.018290488058624432,0.014905900781509308,1251470138,ETF,Medium_Vol,Sideways,Medium_Correlation,Consolidation
2020-03-02,0.021013216610294025,0.01684401266161684,782963263,ETF,Medium_Vol,Sideways,Medium_Correlation,Consolidation
2020-03-03,0.022280867456626538,0.01739594721147763,1074568950,ETF,Medium_Vol,Sideways,Medium_Correlation,Consolidation
2020-03-04,0.019503409394779927,0.018381010681525756,590750913,ETF,Medium_Vol,Sideways,Medium_Correlation,Consolidation
2020-03-05,0.01996735767004826,0.018738046169449133,606961125,ETF,Medium_Vol,Sideways,Medium_Correlation,Consolidation
2020-03-06,0.02443276214480714,0.019431851941443312,799142050,ETF,Medium_Vol,Downtrend,Medium_Correlation,Transition_Regime
2020-03-09,0.06802379441261645,0.026550600314759646,962708363,ETF,High_Vol,Downtrend,Medium_Correlation,Transition_Regime
2020-03-10,0.03499601367161702,0.02910118501887387,913638375,ETF,High_Vol,Downtrend,Medium_Correlation,Transition_Regime
2020-03-11,0.01824197535221076,0.030100467192033555,833769088,ETF,Medium_Vol,Downtrend,Medium_Correlation,Transition_Regime
2020-03-12,0.026577150003612358,0.03500130627964505,1149967725,ETF,High_Vol,Downtrend,Medium_Correlation,Transition_Regime
2020-03-13,0.05081774832825776,0.04015457690932536,1073442613,ETF,High_Vol,Downtrend,Medium_Correlation,Transition_Regime
2020-03-16,0.0527864644285399,0.04526209366972231,909451613,ETF,High_Vol,Downtrend,High_Correlation,Crisis_Regime
2020-03-17,0.04044036895755747,0.047041954935487025,931225450,ETF,High_Vol,Downtrend,High_Correlation,Crisis_Regime
2020-03-18,0.042396905508177506,0.048327405916665685,1051112750,ETF,High_Vol,Downtrend,High_Correlation,Crisis_Regime
2020-03-19,0.038565274736113465,0.04943742770457295,960019600,ETF,High_Vol,Downtrend,Medium_Correlation,Transition_Regime
2020-03-20,0.030570085726252777,0.049727982941338615,1059197263,ETF,High_Vol,Downtrend,Medium_Correlation,Transition_Regime
2020-03-23,0.0352473202756447,0.05025252266043118,1033998388,ETF,High_Vol,Downtrend,Medium_Correlation,Transition_Regime
2020-03-24,0.041388011356718546,0.054623742322135335,860899113,ETF,High_Vol,Downtrend,Medium_Correlation,Transition_Regime
2020-03-25,0.015484922586357863,0.05504120869086286,918538263,ETF,High_Vol,Downtrend,Medium_Correlation,Transition_Regime
2020-03-26,0.033351120848345496,0.0559834205954648,803253400,ETF,High_Vol,Downtrend,Medium_Correlation,Transition_Regime
2020-03-27,0.022913090608235296,0.05610813214826659,666083650,ETF,High_Vol,Downtrend,Medium_Correlation,Transition_Regime
2020-03-30,0.02539175537483263,0.05569642817438601,573776275,ETF,High_Vol,Sideways,Medium_Correlation,Transition_Regime
2020-03-31,0.011427890146707401,0.05556087697566851,619953625,ETF,High_Vol,Sideways,Medium_Correlation,Transition_Regime
2020-04-01,0.030000043837315665,0.05547342572492808,585486350,ETF,High_Vol,Downtrend,High_Correlation,Crisis_Regime
2020-04-02,0.040695408008864904,0.056527324964137815,612358325,ETF,High_Vol,Sideways,Medium_Correlation,Transition_Regime
2020-04-03,0.042593859389924424,0.0568707707964594,523664725,ETF,High_Vol,Sideways,Medium_Correlation,Transition_Regime
2020-04-06,0.03921254880567035,0.0552629414087324,594140675,ETF,High_Vol,Sideways,Medium_Correlation,Transition_Regime
2020-04-07,0.01957328150434983,0.05429071714196044,645537675,ETF,High_Vol,Sideways,Medium_Correlation,Transition_Regime
2020-04-08,0.02221982406133511,0.05397004955138582,542702850,ETF,High_Vol,Sideways,Medium_Correlation,Transition_Regime
2020-04-09,0.02794583049227361,0.04996345307523008,765548050,ETF,High_Vol,Sideways,Medium_Correlation,Transition_Regime
2020-04-13,0.013046622361085773,0.04713855307443357,463991988,ETF,High_Vol,Sideways,Medium_Correlation,Transition_Regime
2020-04-14,0.023771066674496563,0.04009776155958265,527864600,ETF,High_Vol,Sideways,High_Correlation,Crisis_Regime
2020-04-15,0.01732015422857893,0.039326009684810405,442434550,ETF,High_Vol,Sideways,High_Correlation,Crisis_Regime
2020-04-16,0.015286287371826744,0.035623760570920246,517649338,ETF,Medium_Vol,Sideways,High_Correlation,Consolidation
2020-04-17,0.03353826257771588,0.03544415377764003,557072475,ETF,High_Vol,Sideways,Medium_Correlation,Transition_Regime
2020-04-20,0.02661739970462989,0.03493709877767184,519843525,ETF,High_Vol,Sideways,Medium_Correlation,Transition_Regime
2020-04-21,0.058105684358261904,0.035508160337327996,612363713,ETF,High_Vol,Sideways,Medium_Correlation,Transition_Regime
2020-04-22,0.03327536938098007,0.031183755069874957,405959513,ETF,High_Vol,Sideways,Medium_Correlation,Transition_Regime
2020-04-23,0.015183389194611785,0.03097180811210083,465223288,ETF,Medium_Vol,Sideways,Medium_Correlation,Consolidation
2020-04-24,0.012003591271865172,0.029423886795994107,322520450,ETF,Medium_Vol,Sideways,Medium_Correlation,Consolidation
2020-04-27,0.04211938216414817,0.02860257617488299,410653100,ETF,High_Vol,Sideways,Medium_Correlation,Transition_Regime
2020-04-28,0.013346279154575723,0.028294544233406774,391253350,ETF,Medium_Vol,Sideways,Medium_Correlation,Consolidation
2020-04-29,0.020491082938190172,0.028520879956416757,452110800,ETF,Medium_Vol,Sideways,Medium_Correlation,Consolidation
2020-04-30,0.021614304541302923,0.027027204002812857,472946300,ETF,Medium_Vol,Sideways,Medium_Correlation,Consolidation
2020-05-01,0.016383217014020193,0.0267882333578887,410267200,ETF,Medium_Vol,Sideways,Medium_Correlation,Consolidation
2020-05-04,0.014021591064094396,0.025865097033628052,350065400,ETF,Medium_Vol,Sideways,Medium_Correlation,Consolidation
2020-05-05,0.022625488180312278,0.023223612760815533,362155700,ETF,Medium_Vol,Sideways,Medium_Correlation,Consolidation
2020-05-06,0.010418787057679573,0.023323058260655907,331023700,ETF,Medium_Vol,Sideways,Medium_Correlation,Consolidation
2020-05-07,0.010803483610136024,0.022558151303372298,356463200,ETF,Medium_Vol,Sideways,Medium_Correlation,Consolidation
2020-05-08,0.015987241029974363,0.02226195875110078,321837500,ETF,Medium_Vol,Uptrend,Medium_Correlation,Transition_Regime
2020-05-11,0.0093145557186449,0.022073330705209133,335963300,ETF,Medium_Vol,Uptrend,Medium_Correlation,Transition_Regime
2020-05-12,0.011680155017980887,0.021840109020733554,394882200,ETF,Medium_Vol,Sideways,Medium_Correlation,Consolidation
2020-05-13,0.015085530750393965,0.021506584138764617,512692500,ETF,Medium_Vol,Sideways,Medium_Correlation,Consolidation
2020-05-14,0.010891580359618605,0.021548556480027417,514429100,ETF,Medium_Vol,Sideways,Medium_Correlation,Consolidation
2020-05-15,0.01606881737889257,0.020603459924751485,458766400,ETF,Medium_Vol,Sideways,Medium_Correlation,Consolidation
2020-05-18,0.027665476446590252,0.02160533331801097,479715800,ETF,Medium_Vol,Uptrend,Medium_Correlation,Transition_Regime
2020-05-19,0.013002019546134943,0.0192471408952839,372031500,ETF,Medium_Vol,Uptrend,Medium_Correlation,Transition_Regime
2020-05-20,0.01178797845315154,0.018656293043074666,362844800,ETF,Medium_Vol,Uptrend,Medium_Correlation,Transition_Regime
2020-05-21,0.016119098235090976,0.018874318689686424,369977900,ETF,Medium_Vol,Uptrend,Medium_Correlation,Transition_Regime
2020-05-22,0.011437619337782425,0.018825754603739493,272781100,ETF,Medium_Vol,Uptrend,Medium_Correlation,Transition_Regime
2020-05-26,0.01729741349457249,0.018020149472586254,436115800,ETF,Medium_Vol,Uptrend,Medium_Correlation,Transition_Regime
2020-05-27,0.014764088554092798,0.018006096919518027,518258200,ETF,Medium_Vol,Uptrend,Medium_Correlation,Transition_Regime
2020-05-28,0.010590821831905989,0.017120072769886287,432399400,ETF,Medium_Vol,Uptrend,Medium_Correlation,Transition_Regime
2020-05-29,0.012106028652359437,0.01672601822839284,503639400,ETF,Medium_Vol,Uptrend,Medium_Correlation,Transition_Regime
2020-06-01,0.009945643141131963,0.015535787774567171,300371600,ETF,Medium_Vol,Uptrend,Medium_Correlation,Transition_Regime
2020-06-02,0.011802112507841554,0.015542958886263324,328107100,ETF,Medium_Vol,Uptrend,Medium_Correlation,Transition_Regime
2020-06-03,0.016245742540379512,0.01552422639537608,409802700,ETF,Medium_Vol,Uptrend,Medium_Correlation,Transition_Regime
2020-06-04,0.008948869236135354,0.015313922639255254,368895700,ETF,Low_Vol,Uptrend,Medium_Correlation,Bull_Market
2020-06-05,0.02402085989093894,0.015964837730223252,585827300,ETF,Medium_Vol,Uptrend,Medium_Correlation,Transition_Regime
2020-06-08,0.013027206826409184,0.015841923494815002,384968500,ETF,Medium_Vol,Uptrend,Medium_Correlation,Transition_Regime
2020-06-09,0.011990916926348063,0.015995257393004787,381746400,ETF,Medium_Vol,Uptrend,Medium_Correlation,Transition_Regime
2020-06-10,0.020535073065124934,0.015751208065349857,490758200,ETF,Medium_Vol,Uptrend,Medium_Correlation,Transition_Regime
2020-06-11,0.02749245751325609,0.019996986775275682,836939500,ETF,Medium_Vol,Sideways,Medium_Correlation,Consolidation
2020-06-12,0.01080835331340627,0.020007823412267527,651260400,ETF,Medium_Vol,Sideways,Medium_Correlation,Consolidation
2020-06-15,0.007947540148434002,0.019810208279927778,486318700,ETF,Medium_Vol,Sideways,Medium_Correlation,Consolidation
2020-06-16,0.010460318536235094,0.018721217066631893,508951300,ETF,Medium_Vol,Sideways,Medium_Correlation,Consolidation
2020-06-17,0.010706038234616968,0.018580315920159216,313074200,ETF,Medium_Vol,Sideways,Medium_Correlation,Consolidation
2020-06-18,0.006968533192977752,0.01828212879025374,292553000,ETF,Low_Vol,Sideways,Medium_Correlation,Transition_Regime
2020-06-19,0.008689700662662227,0.01805188749964435,482338100,ETF,Medium_Vol,Sideways,Medium_Correlation,Consolidation
2020-06-22,0.008191144589759971,0.017953382711870254,289718100,ETF,Medium_Vol,Sideways,High_Correlation,Consolidation
2020-06-23,0.005392512956373073,0.017625336943993385,274041600,ETF,Low_Vol,Sideways,High_Correlation,Transition_Regime
2020-06-24,0.015549944685876256,0.018380617216693162,463913500,ETF,Medium_Vol,Sideways,High_Correlation,Consolidation
2020-06-25,0.008048042968800876,0.018451387757647954,390938600,ETF,Medium_Vol,Sideways,Medium_Correlation,Consolidation
2020-06-26,0.013761505152898722,0.018806824630105773,501818400,ETF,Medium_Vol,Sideways,Medium_Correlation,Consolidation
2020-06-29,0.009833344445465778,0.018832199492596225,316757000,ETF,Medium_Vol,Sideways,Medium_Correlation,Consolidation
2020-06-30,0.009704877480505258,0.018859272788557972,393721300,ETF,Medium_Vol,Sideways,Medium_Correlation,Consolidation
2020-07-01,0.010063205488382885,0.0185101622374095,336999000,ETF,Medium_Vol,Sideways,Medium_Correlation,Consolidation
2020-07-02,0.006675469044522681,0.01847136083183354,280016800,ETF,Low_Vol,Sideways,Medium_Correlation,Transition_Regime
2020-07-06,0.010969467595924766,0.01773032419566206,291088900,ETF,Medium_Vol,Uptrend,Medium_Correlation,Transition_Regime
2020-07-07,0.009350461886404236,0.0175231761951703,295651600,ETF,Medium_Vol,Sideways,Medium_Correlation,Consolidation
2020-07-08,0.008738030669013514,0.017591915677252264,283284000,ETF,Medium_Vol,Uptrend,Medium_Correlation,Transition_Regime
2020-07-09,0.014437392180748573,0.01741705951143621,373461400,ETF,Medium_Vol,Uptrend,Medium_Correlation,Transition_Regime
2020-07-10,0.012226369650462547,0.012945711801861269,317047800,ETF,Medium_Vol,Uptrend,Medium_Correlation,Transition_Regime
2020-07-13,0.01023104702831938,0.012958704752119958,471989000,ETF,Low_Vol,Sideways,Medium_Correlation,Transition_Regime
2020-07-14,0.008583544504379571,0.013064906142467003,444734200,ETF,Low_Vol,Uptrend,Medium_Correlation,Bull_Market
2020-07-15,0.00973497735729897,0.012866312270635654,411742300,ETF,Low_Vol,Uptrend,Medium_Correlation,Bull_Market
2020-07-16,0.005930515492484356,0.01294346997010065,313567500,ETF,Low_Vol,Uptrend,Medium_Correlation,Bull_Market
2020-07-17,0.006829437875062004,0.01291969691462871,268505500,ETF,Low_Vol,Uptrend,Medium_Correlation,Bull_Market
2020-07-20,0.01244062276432101,0.013040758086024846,272979100,ETF,Medium_Vol,Uptrend,Medium_Correlation,Transition_Regime
2020-07-21,0.021148553932709334,0.013552693583864286,354181900,ETF,Medium_Vol,Uptrend,Medium_Correlation,Transition_Regime
2020-07-22,0.02257728518730159,0.014026783137813853,369904400,ETF,Medium_Vol,Uptrend,Medium_Correlation,Transition_Regime
2020-07-23,0.009945570706454162,0.012839127773268094,403859700,ETF,Low_Vol,Uptrend,Medium_Correlation,Bull_Market
2020-07-24,0.006644374590857818,0.012787770406653208,332746800,ETF,Low_Vol,Sideways,Medium_Correlation,Transition_Regime
2020-07-27,0.01860474256575365,0.012114673894503285,328575700,ETF,Medium_Vol,Uptrend,Medium_Correlation,Transition_Regime
2020-07-28,0.006444126525156486,0.012013816086390072,321185900,ETF,Low_Vol,Sideways,Medium_Correlation,Transition_Regime
2020-07-29,0.007937700988743983,0.012020365914258873,311459000,ETF,Low_Vol,Uptrend,Medium_Correlation,Bull_Market
2020-07-30,0.013258660116443366,0.012355321274208289,348539500,ETF,Medium_Vol,Sideways,Medium_Correlation,Consolidation
2020-07-31,0.014318022079537697,0.01247761617251588,383781500,ETF,Medium_Vol,Uptrend,Medium_Correlation,Transition_Regime
2020-08-03,0.006875360228252994,0.012152370038839727,299525400,ETF,Low_Vol,Uptrend,Medium_Correlation,Bull_Market
2020-08-04,0.01691047998726911,0.01200730446665202,299763900,ETF,Medium_Vol,Uptrend,Medium_Correlation,Transition_Regime
2020-08-05,0.00858539629108881,0.011938303459884943,338008400,ETF,Low_Vol,Uptrend,Medium_Correlation,Bull_Market
2020-08-06,0.018559476682542715,0.011536783757544267,318782500,ETF,Medium_Vol,Uptrend,Low_Correlation,Transition_Regime
2020-08-07,0.012387677737182795,0.011596457495660854,404580000,ETF,Medium_Vol,Uptrend,Medium_Correlation,Transition_Regime
2020-08-10,0.010976117767245261,0.011349681777885689,319880900,ETF,Low_Vol,Uptrend,Medium_Correlation,Bull_Market
2020-08-11,0.03465658702900962,0.01266653290297034,520695400,ETF,Medium_Vol,Sideways,Medium_Correlation,Consolidation
2020-08-12,0.010162319281171601,0.01276972887431821,363974600,ETF,Low_Vol,Uptrend,Medium_Correlation,Bull_Market
2020-08-13,0.023626866429071122,0.012874277921273752,308542000,ETF,Medium_Vol,Uptrend,Medium_Correlation,Transition_Regime
2020-08-14,0.009139534967925923,0.012913976930896383,260318200,ETF,Low_Vol,Sideways,Medium_Correlation,Transition_Regime
2020-08-17,0.012604008386698371,0.012844004365198865,243352300,ETF,Medium_Vol,Uptrend,Medium_Correlation,Transition_Regime
2020-08-18,0.006514721113537459,0.01237621127581628,249281600,ETF,Low_Vol,Uptrend,Medium_Correlation,Bull_Market
2020-08-19,0.011381834933782198,0.012402476579347822,331562500,ETF,Medium_Vol,Sideways,Medium_Correlation,Consolidation
2020-08-20,0.01120604804286683,0.01208312125158801,257058800,ETF,Medium_Vol,Sideways,Medium_Correlation,Consolidation
2020-08-21,0.009392838889668749,0.01196846453933904,284791800,ETF,Low_Vol,Sideways,Medium_Correlation,Transition_Regime
2020-08-24,0.010199342995270817,0.011891132043055698,266421400,ETF,Low_Vol,Sideways,Medium_Correlation,Transition_Regime
2020-08-25,0.006778495785992041,0.011673190233366245,264210300,ETF,Low_Vol,Uptrend,Medium_Correlation,Bull_Market
2020-08-26,0.012711571724592148,0.011518764722450685,277819900,ETF,Medium_Vol,Uptrend,Medium_Correlation,Transition_Regime
2020-08-27,0.008019985587494522,0.011195648676789656,348288000,ETF,Low_Vol,Uptrend,Medium_Correlation,Bull_Market
2020-08-28,0.005783644460482041,0.011020842410933155,257435600,ETF,Low_Vol,Uptrend,Medium_Correlation,Bull_Market
2020-08-31,0.011102242868857382,0.011104980081473013,322011100,ETF,Low_Vol,Uptrend,Medium_Correlation,Bull_Market
2020-09-01,0.008683946969257167,0.011001985021055647,302812100,ETF,Low_Vol,Uptrend,Medium_Correlation,Bull_Market
2020-09-02,0.013516569697024864,0.011182439857729435,345435500,ETF,Medium_Vol,Uptrend,Medium_Correlation,Transition_Regime
2020-09-03,0.016991568710815978,0.013134545166329805,616680500,ETF,Medium_Vol,Sideways,Medium_Correlation,Consolidation
2020-09-04,0.011177341382835899,0.013199088559777127,608514600,ETF,Medium_Vol,Sideways,Medium_Correlation,Consolidation
2020-09-08,0.017879497401707193,0.01441991426070895,525168400,ETF,Medium_Vol,Sideways,Medium_Correlation,Consolidation
2020-09-09,0.009243209490203479,0.013743012217231773,371093700,ETF,Low_Vol,Sideways,Medium_Correlation,Transition_Regime
2020-09-10,0.009114811635975563,0.013795785754856023,408001100,ETF,Low_Vol,Sideways,Medium_Correlation,Transition_Regime
2020-09-11,0.005279322604816154,0.013323982806055039,382217600,ETF,Low_Vol,Sideways,Medium_Correlation,Transition_Regime
2020-09-14,0.008030724016795264,0.013583853830197877,285139300,ETF,Low_Vol,Sideways,Medium_Correlation,Transition_Regime
2020-09-15,0.00841772214530433,0.013400045250898602,270140900,ETF,Low_Vol,Sideways,Medium_Correlation,Transition_Regime
2020-09-16,0.016367299336958747,0.013792267580380073,347054800,ETF,Medium_Vol,Sideways,Medium_Correlation,Consolidation
2020-09-17,0.007689497328255982,0.013560648200427256,354946000,ETF,Low_Vol,Sideways,Medium_Correlation,Transition_Regime
2020-09-18,0.005429264070071573,0.013493061972323373,414662800,ETF,Low_Vol,Sideways,Medium_Correlation,Transition_Regime
2020-09-21,0.020142628337619366,0.014399945310890746,492346500,ETF,Medium_Vol,Sideways,Medium_Correlation,Consolidation
2020-09-22,0.009424087021098584,0.014231590739144118,324368900,ETF,Low_Vol,Sideways,Medium_Correlation,Transition_Regime
2020-09-23,0.017410002058350874,0.015036807046652063,433079100,ETF,Medium_Vol,Sideways,Medium_Correlation,Consolidation
2020-09-24,0.006293879419511718,0.014839999388240073,424612000,ETF,Low_Vol,Sideways,Medium_Correlation,Transition_Regime
2020-09-25,0.010951236606023863,0.015043024840014272,316999400,ETF,Medium_Vol,Sideways,Medium_Correlation,Consolidation
2020-09-28,0.008725455735073502,0.015437467287763318,315872700,ETF,Low_Vol,Sideways,Medium_Correlation,Transition_Regime
2020-09-29,0.012757330351077454,0.015442247574973431,275122000,ETF,Medium_Vol,Sideways,Medium_Correlation,Consolidation
2020-09-30,0.013613962080030347,0.015486820449896363,395584000,ETF,Medium_Vol,Sideways,Medium_Correlation,Consolidation
2020-10-01,0.01403766939730174,0.015449497760327254,381749900,ETF,Medium_Vol,Sideways,Medium_Correlation,Consolidation
2020-10-02,0.013873158401981629,0.014586552403469066,394581000,ETF,Medium_Vol,Sideways,Medium_Correlation,Consolidation
2020-10-05,0.01453408409061085,0.01519812227299782,260387800,ETF,Medium_Vol,Sideways,Medium_Correlation,Consolidation
2020-10-06,0.012096914316906137,0.014279347636251653,398486800,ETF,Medium_Vol,Sideways,Medium_Correlation,Consolidation
2020-10-07,0.008156162138075709,0.014100409842348869,259683900,ETF,Low_Vol,Sideways,Medium_Correlation,Transition_Regime
2020-10-08,0.009481905360621826,0.013812591390095557,272328700,ETF,Low_Vol,Sideways,High_Correlation,Transition_Regime
2020-10-09,0.015845938177757455,0.01410563807667065,291434600,ETF,Medium_Vol,Sideways,High_Correlation,Consolidation
2020-10-12,0.012464503863657607,0.014104574692147879,316354400,ETF,Medium_Vol,Sideways,Medium_Correlation,Consolidation
2020-10-13,0.010812395096764982,0.01425412544215744,345088700,ETF,Medium_Vol,Sideways,Medium_Correlation,Consolidation
2020-10-14,0.007100856738142283,0.014013539007369433,275148400,ETF,Low_Vol,Sideways,Medium_Correlation,Transition_Regime
2020-10-15,0.006513086247848255,0.013966115929936929,269143000,ETF,Low_Vol,Sideways,Medium_Correlation,Transition_Regime
2020-10-16,0.00693303454363268,0.013851651438702504,270519500,ETF,Low_Vol,Sideways,Medium_Correlation,Transition_Regime
2020-10-19,0.008322143558192106,0.013223754271508018,273415500,ETF,Low_Vol,Sideways,Medium_Correlation,Transition_Regime
2020-10-20,0.005882360459389971,0.013185413170919074,291751400,ETF,Low_Vol,Sideways,Medium_Correlation,Transition_Regime
2020-10-21,0.010110283901738305,0.011865843959067708,259430700,ETF,Low_Vol,Sideways,Medium_Correlation,Transition_Regime
2020-10-22,0.013432059260979418,0.012108631256018312,259603400,ETF,Medium_Vol,Sideways,Medium_Correlation,Consolidation
2020-10-23,0.006650079729877118,0.011903510267419311,229125500,ETF,Low_Vol,Sideways,Medium_Correlation,Transition_Regime
2020-10-26,0.01014470896216506,0.012163821346547895,320462000,ETF,Low_Vol,Sideways,Medium_Correlation,Transition_Regime
2020-10-27,0.009334260521619057,0.012100645237202069,263016400,ETF,Low_Vol,Sideways,Medium_Correlation,Transition_Regime
2020-10-28,0.013739220224460036,0.013702387398135053,474031900,ETF,Medium_Vol,Sideways,Medium_Correlation,Consolidation
2020-10-29,0.013060604553495243,0.013724538791285549,370816600,ETF,Medium_Vol,Sideways,Medium_Correlation,Consolidation
2020-10-30,0.010257576212919022,0.013645613028587673,438583200,ETF,Medium_Vol,Sideways,Medium_Correlation,Consolidation
2020-11-02,0.010920028421677332,0.013255733973355275,359276400,ETF,Medium_Vol,Sideways,Medium_Correlation,Consolidation
2020-11-03,0.01039656264689671,0.01342378050680594,373207100,ETF,Medium_Vol,Sideways,Medium_Correlation,Consolidation
2020-11-04,0.018160076461140047,0.014135104131726944,514138700,ETF,Medium_Vol,Sideways,Medium_Correlation,Consolidation
2020-11-05,0.01694809885064397,0.014766172162601834,406857900,ETF,Medium_Vol,Sideways,Medium_Correlation,Consolidation
2020-11-06,0.008913197424064377,0.014502311488375757,338572700,ETF,Low_Vol,Sideways,Medium_Correlation,Transition_Regime
2020-11-09,0.04788193215554645,0.016927140933859282,779604700,ETF,High_Vol,Sideways,Medium_Correlation,Transition_Regime
2020-11-10,0.014379489186876974,0.016879466538001636,459855200,ETF,Medium_Vol,Sideways,Medium_Correlation,Consolidation
2020-11-11,0.008900398049801564,0.016929387358913233,307487400,ETF,Medium_Vol,Sideways,Medium_Correlation,Consolidation
2020-11-12,0.009606968621035716,0.017120670105707815,313997500,ETF,Medium_Vol,Sideways,Medium_Correlation,Consolidation
2020-11-13,0.011433055499564186,0.017294124177688233,265527100,ETF,Medium_Vol,Sideways,Medium_Correlation,Consolidation
2020-11-16,0.016171786461831265,0.01727468890357683,338974100,ETF,Medium_Vol,Uptrend,Medium_Correlation,Transition_Regime
2020-11-17,0.005184371804714946,0.017278668076857233,293211700,ETF,Low_Vol,Uptrend,Medium_Correlation,Bull_Market
2020-11-18,0.00808773229665451,0.01737354568209542,310918800,ETF,Medium_Vol,Uptrend,Medium_Correlation,Transition_Regime
2020-11-19,0.004957485571191565,0.017256277522077812,256041400,ETF,Low_Vol,Uptrend,Medium_Correlation,Bull_Market
2020-11-20,0.005520167613055357,0.017276866144756653,252104600,ETF,Low_Vol,Uptrend,Medium_Correlation,Bull_Market
2020-11-23,0.020700041507705078,0.016925494445327382,302956700,ETF,Medium_Vol,Uptrend,Medium_Correlation,Transition_Regime
2020-11-24,0.018166458972296545,0.01709482292778629,345545300,ETF,Medium_Vol,Uptrend,Medium_Correlation,Transition_Regime
2020-11-25,0.008167991758646641,0.015095757935826798,250209600,ETF,Low_Vol,Uptrend,Medium_Correlation,Bull_Market
2020-11-27,0.010363847801930623,0.015071257601210692,159358000,ETF,Medium_Vol,Uptrend,Medium_Correlation,Transition_Regime
2020-11-30,0.015411055687996719,0.015228047927218925,366896700,ETF,Medium_Vol,Sideways,Medium_Correlation,Consolidation
2020-12-01,0.015441289018751655,0.015483118966830987,342344800,ETF,Medium_Vol,Uptrend,Medium_Correlation,Transition_Regime
2020-12-02,0.008512183818054358,0.015267286704098337,278638700,ETF,Low_Vol,Uptrend,Medium_Correlation,Bull_Market
2020-12-03,0.0039635430392269575,0.01420840638086876,274695000,ETF,Low_Vol,Uptrend,Medium_Correlation,Bull_Market
2020-12-04,0.01355781999412185,0.013463553439841916,288113800,ETF,Medium_Vol,Uptrend,Medium_Correlation,Transition_Regime
2020-12-07,0.008973571379095545,0.013453581196967906,242573100,ETF,Low_Vol,Uptrend,Medium_Correlation,Bull_Market
2020-12-08,0.004425230470927282,0.01107244729182565,209362700,ETF,Low_Vol,Uptrend,Low_Correlation,Bull_Market
2020-12-09,0.008604890309123477,0.011207904000782282,347503500,ETF,Low_Vol,Sideways,Medium_Correlation,Transition_Regime
2020-12-10,0.009448288813853964,0.011094381808867593,256926700,ETF,Low_Vol,Sideways,Medium_Correlation,Transition_Regime
2020-12-11,0.0037951834759147964,0.010757856949800079,255397000,ETF,Low_Vol,Sideways,Medium_Correlation,Transition_Regime
2020-12-14,0.009716096562927273,0.010545994225821448,281031500,ETF,Low_Vol,Sideways,Medium_Correlation,Transition_Regime
2020-12-15,0.007345426701735127,0.010516813360280063,254104300,ETF,Low_Vol,Uptrend,Medium_Correlation,Bull_Market
2020-12-16,0.009293000425132562,0.01057019240455895,290673200,ETF,Low_Vol,Uptrend,Medium_Correlation,Bull_Market
2020-12-17,0.006220030565469091,0.010233769357076485,270528500,ETF,Low_Vol,Uptrend,Medium_Correlation,Bull_Market
2020-12-18,0.005436933813992727,0.010324545575986346,400677600,ETF,Low_Vol,Uptrend,Medium_Correlation,Bull_Market
2020-12-21,0.010653434772115843,0.010498268507330499,393801200,ETF,Low_Vol,Sideways,Medium_Correlation,Transition_Regime
2020-12-22,0.011896144341654797,0.010307092470871497,271378200,ETF,Low_Vol,Sideways,Medium_Correlation,Transition_Regime
2020-12-23,0.009060219694971483,0.009595351923965443,247188700,ETF,Low_Vol,Sideways,Medium_Correlation,Transition_Regime
2020-12-24,0.003577713947399046,0.009523158339977609,116762500,ETF,Low_Vol,Sideways,Medium_Correlation,Transition_Regime
2020-12-28,0.0075045186451616775,0.009443436833223153,224205600,ETF,Low_Vol,Sideways,Medium_Correlation,Transition_Regime
2020-12-29,0.0069510483406051825,0.008917584796278315,234697600,ETF,Low_Vol,Sideways,Medium_Correlation,Transition_Regime
2020-12-30,0.005729377869759857,0.008274369455199358,194869800,ETF,Low_Vol,Sideways,Medium_Correlation,Transition_Regime
2020-12-31,0.005900855094068431,0.008257686349988042,254270300,ETF,Low_Vol,Sideways,Medium_Correlation,Transition_Regime
2021-01-04,0.014428798566866477,0.008818448041201597,445476700,ETF,Medium_Vol,Sideways,Low_Correlation,Consolidation
2021-01-05,0.014485183939179828,0.008936457996192724,335565100,ETF,Medium_Vol,Sideways,Medium_Correlation,Consolidation
2021-01-06,0.019352234392091088,0.009664713979044469,533208100,ETF,Medium_Vol,Sideways,Low_Correlation,Consolidation
2021-01-07,0.009413994833959612,0.010074426495811695,315878600,ETF,Low_Vol,Uptrend,Low_Correlation,Bull_Market
2021-01-08,0.022304845622715824,0.010358184144090742,425795200,ETF,Medium_Vol,Uptrend,Low_Correlation,Transition_Regime
2021-01-11,0.0077714368987326496,0.010475655873127142,297646800,ETF,Low_Vol,Sideways,Low_Correlation,Transition_Regime
2021-01-12,0.011570439604735994,0.010575422560198946,313682200,ETF,Low_Vol,Uptrend,Low_Correlation,Bull_Market
2021-01-13,0.0052635999715043204,0.010423675079192339,276886500,ETF,Low_Vol,Sideways,Low_Correlation,Transition_Regime
2021-01-14,0.010346418201109316,0.010225887946357488,309900300,ETF,Low_Vol,Sideways,Low_Correlation,Transition_Regime
2021-01-15,0.011447563343220227,0.010736498091638074,417509200,ETF,Low_Vol,Sideways,Low_Correlation,Transition_Regime
2021-01-19,0.005862141270964254,0.010816474121456159,312511400,ETF,Low_Vol,Sideways,Low_Correlation,Transition_Regime
2021-01-20,0.009187805455086353,0.011051840276566128,286903700,ETF,Low_Vol,Uptrend,Low_Correlation,Bull_Market
2021-01-21,0.010226162701645424,0.010948966112589524,250928800,ETF,Low_Vol,Uptrend,Low_Correlation,Bull_Market
2021-01-22,0.006866736322308089,0.010846616937971287,233642100,ETF,Low_Vol,Sideways,Low_Correlation,Transition_Regime
2021-01-25,0.005669475568384023,0.010773257134948857,338269100,ETF,Low_Vol,Uptrend,Low_Correlation,Bull_Market
2021-01-26,0.005809137610406716,0.010859613027819952,236434800,ETF,Low_Vol,Sideways,Low_Correlation,Transition_Regime
2021-01-27,0.011028790771080857,0.011952467578617725,481688700,ETF,Low_Vol,Sideways,Low_Correlation,Transition_Regime
2021-01-28,0.014158815031486888,0.01219573043652789,491417400,ETF,Medium_Vol,Sideways,Medium_Correlation,Consolidation
2021-01-29,0.011734838516623691,0.012807528803963901,554626300,ETF,Medium_Vol,Sideways,Medium_Correlation,Consolidation
2021-02-01,0.01652967237538518,0.013499901166991506,567902700,ETF,Medium_Vol,Sideways,Medium_Correlation,Consolidation
2021-02-02,0.025062493880131955,0.013693717414133432,395461100,ETF,Medium_Vol,Sideways,Medium_Correlation,Consolidation
2021-02-03,0.01200185463513095,0.013414423179174096,298485300,ETF,Medium_Vol,Sideways,Medium_Correlation,Consolidation
2021-02-04,0.012132306196851383,0.012999845867261061,292770900,ETF,Medium_Vol,Sideways,Medium_Correlation,Consolidation
2021-02-05,0.005864661684877819,0.012766104661932051,239414500,ETF,Low_Vol,Sideways,Medium_Correlation,Transition_Regime
2021-02-08,0.010581809613472416,0.01249121950433125,258755100,ETF,Low_Vol,Uptrend,Medium_Correlation,Bull_Market
2021-02-09,0.004807698083208848,0.012340628113234893,217527800,ETF,Low_Vol,Uptrend,Medium_Correlation,Bull_Market
2021-02-10,0.005877033123699552,0.012201648980260936,272533700,ETF,Low_Vol,Uptrend,Medium_Correlation,Bull_Market
2021-02-11,0.0068668648612621825,0.012212807139294941,223938500,ETF,Low_Vol,Uptrend,Medium_Correlation,Bull_Market
2021-02-12,0.006927326206393979,0.012162158994611712,223945700,ETF,Low_Vol,Uptrend,Medium_Correlation,Bull_Market
2021-02-16,0.010115691625602394,0.011770245761031849,328057300,ETF,Low_Vol,Uptrend,Medium_Correlation,Bull_Market
2021-02-17,0.00709112721108622,0.011710029330523588,300768100,ETF,Low_Vol,Sideways,Medium_Correlation,Transition_Regime
2021-02-18,0.00638610295520667,0.011639365175438631,272693000,ETF,Low_Vol,Sideways,Medium_Correlation,Transition_Regime
2021-02-19,0.009457953022075243,0.01164034281974783,334365500,ETF,Low_Vol,Sideways,Medium_Correlation,Transition_Regime
2021-02-22,0.02153760984113219,0.01214901737964782,361799600,ETF,Medium_Vol,Sideways,Medium_Correlation,Consolidation
2021-02-23,0.008045530664318012,0.012108690516069994,511430200,ETF,Low_Vol,Sideways,Medium_Correlation,Transition_Regime
2021-02-24,0.010736449692844752,0.01223411968842361,360990700,ETF,Low_Vol,Sideways,Medium_Correlation,Transition_Regime
2021-02-25,0.0100854405282269,0.012405397351125407,591825100,ETF,Low_Vol,Sideways,Medium_Correlation,Transition_Regime
2021-02-26,0.012732792584352195,0.012728848751136276,637896200,ETF,Medium_Vol,Sideways,Medium_Correlation,Consolidation
2021-03-01,0.01608229377319273,0.012875590532433917,407138900,ETF,Medium_Vol,Sideways,Medium_Correlation,Consolidation
2021-03-02,0.007760028529401745,0.012379776045577414,360639000,ETF,Low_Vol,Sideways,Medium_Correlation,Transition_Regime
2021-03-03,0.014364349719620886,0.011973852715074458,498991900,ETF,Medium_Vol,Sideways,Medium_Correlation,Consolidation
2021-03-04,0.019220137637279724,0.012444261252725786,752857800,ETF,Medium_Vol,Sideways,Medium_Correlation,Consolidation
2021-03-05,0.012261112417547178,0.012690042174933245,639419400,ETF,Medium_Vol,Sideways,Medium_Correlation,Consolidation
2021-03-08,0.011559465250485193,0.012842397084684674,509352000,ETF,Medium_Vol,Sideways,Medium_Correlation,Consolidation
2021-03-09,0.01596498545899208,0.013409012257864188,519059800,ETF,Medium_Vol,Sideways,Medium_Correlation,Consolidation
2021-03-10,0.008490220414949779,0.013482618045186712,437600400,ETF,Low_Vol,Sideways,Medium_Correlation,Transition_Regime
2021-03-11,0.010685489708230751,0.013797407469044927,329500000,ETF,Medium_Vol,Sideways,Medium_Correlation,Consolidation
2021-03-12,0.0068683638948960676,0.013750177160861151,344161200,ETF,Low_Vol,Sideways,Medium_Correlation,Transition_Regime
2021-03-15,0.006246973991883295,0.013809113692533157,314295700,ETF,Low_Vol,Sideways,Medium_Correlation,Transition_Regime
2021-03-16,0.00920208198767894,0.013890205788856845,347692000,ETF,Low_Vol,Sideways,High_Correlation,Transition_Regime
2021-03-17,0.0043092577783690866,0.013876191453051053,423255800,ETF,Low_Vol,Sideways,High_Correlation,Transition_Regime
2021-03-18,0.01997875479258941,0.014683242639007606,497086600,ETF,Medium_Vol,Sideways,Medium_Correlation,Consolidation
2021-03-19,0.009166128012170137,0.014685758550944884,469775200,ETF,Low_Vol,Sideways,Medium_Correlation,Transition_Regime
2021-03-22,0.010008804357202177,0.014270539099857246,337698900,ETF,Medium_Vol,Sideways,Medium_Correlation,Consolidation
2021-03-23,0.014988345756356151,0.01472874918578343,414603400,ETF,Medium_Vol,Sideways,Medium_Correlation,Consolidation
2021-03-24,0.01843947778641531,0.01474629822962954,409159600,ETF,Medium_Vol,Sideways,Medium_Correlation,Consolidation
2021-03-25,0.012677533549932516,0.014046536853955582,470096600,ETF,Medium_Vol,Sideways,Medium_Correlation,Consolidation
2021-03-26,0.011637663315005436,0.01403383775651202,385959600,ETF,Medium_Vol,Sideways,Medium_Correlation,Consolidation
2021-03-29,0.008596850975949628,0.013323339150403929,395862900,ETF,Low_Vol,Sideways,Medium_Correlation,Transition_Regime
2021-03-30,0.01072941887696652,0.013372670477432297,356677600,ETF,Medium_Vol,Sideways,Medium_Correlation,Consolidation
2021-03-31,0.009852483535777667,0.013141739274913624,380539600,ETF,Low_Vol,Sideways,Medium_Correlation,Transition_Regime
2021-04-01,0.008615128133232203,0.012775980818068917,368216500,ETF,Low_Vol,Sideways,Medium_Correlation,Transition_Regime
2021-04-05,0.015401144442988584,0.01252831044247063,329869900,ETF,Medium_Vol,Sideways,Medium_Correlation,Consolidation
2021-04-06,0.005497037895494728,0.012215100815538763,269770800,ETF,Low_Vol,Sideways,Medium_Correlation,Transition_Regime
2021-04-07,0.0061467592059172,0.011602215805172471,248032000,ETF,Low_Vol,Sideways,Medium_Correlation,Transition_Regime
2021-04-08,0.006623267406060246,0.011481158991370711,253492300,ETF,Low_Vol,Sideways,Medium_Correlation,Transition_Regime
2021-04-09,0.006931590232641893,0.01121029697778094,258013400,ETF,Low_Vol,Sideways,Medium_Correlation,Transition_Regime
2021-04-12,0.005314540829402302,0.011120726483627972,244921000,ETF,Low_Vol,Sideways,Medium_Correlation,Transition_Regime
2021-04-13,0.0067680570356519225,0.011175491907145936,244370000,ETF,Low_Vol,Sideways,Medium_Correlation,Transition_Regime
2021-04-14,0.01323224883734983,0.011315187437972763,278504800,ETF,Medium_Vol,Sideways,Medium_Correlation,Consolidation
2021-04-15,0.007299900340889411,0.01152834005966182,286729300,ETF,Low_Vol,Sideways,Medium_Correlation,Transition_Regime
2021-04-16,0.004150452866478916,0.01030750395934062,296621100,ETF,Low_Vol,Sideways,Medium_Correlation,Transition_Regime
2021-04-19,0.004024096180118964,0.01031211423583492,271107200,ETF,Low_Vol,Uptrend,Medium_Correlation,Bull_Market
2021-04-20,0.00904258157571805,0.010527685481594584,327660400,ETF,Low_Vol,Sideways,Medium_Correlation,Transition_Regime
2021-04-21,0.011272872833340187,0.010060350428013226,298409300,ETF,Low_Vol,Uptrend,Medium_Correlation,Bull_Market
2021-04-22,0.006500391278527148,0.00976232836988224,330991800,ETF,Low_Vol,Sideways,Medium_Correlation,Transition_Regime
2021-04-23,0.007110258554591666,0.009733847067408985,291737600,ETF,Low_Vol,Sideways,Medium_Correlation,Transition_Regime
2021-04-26,0.003762571441166546,0.009082568933464236,225580000,ETF,Low_Vol,Uptrend,Medium_Correlation,Bull_Market
2021-04-27,0.006461401691218066,0.008915262708819932,244365400,ETF,Low_Vol,Sideways,Medium_Correlation,Transition_Regime
2021-04-28,0.009466476370914238,0.008740470246820998,252577200,ETF,Low_Vol,Sideways,Medium_Correlation,Transition_Regime
2021-04-29,0.007316558373329272,0.008653575879391237,313507700,ETF,Low_Vol,Sideways,Medium_Correlation,Transition_Regime
2021-04-30,0.0074553576326438714,0.008639982943536057,304772800,ETF,Low_Vol,Sideways,Medium_Correlation,Transition_Regime
2021-05-03,0.011816562515474714,0.00844110952220858,273139900,ETF,Low_Vol,Sideways,Medium_Correlation,Transition_Regime
2021-05-04,0.010218116020046408,0.008698622873907318,408773900,ETF,Low_Vol,Sideways,Medium_Correlation,Transition_Regime
2021-05-05,0.008905760485908468,0.008727965393224624,276825300,ETF,Low_Vol,Sideways,Medium_Correlation,Transition_Regime
2021-05-06,0.008746666403613077,0.008814630454243426,330558500,ETF,Low_Vol,Sideways,Medium_Correlation,Transition_Regime
2021-05-07,0.004745562428388028,0.008810625395557783,340894800,ETF,Low_Vol,Sideways,Medium_Correlation,Transition_Regime
2021-05-10,0.010120480601139029,0.009193159174184453,366029200,ETF,Low_Vol,Sideways,Medium_Correlation,Transition_Regime
2021-05-11,0.009240484178119807,0.009368275628775851,477032400,ETF,Low_Vol,Sideways,Medium_Correlation,Transition_Regime
2021-05-12,0.012006362792824656,0.010018824425447728,535431800,ETF,Low_Vol,Sideways,Medium_Correlation,Transition_Regime
2021-05-13,0.012089851798554535,0.010031512632907191,427153000,ETF,Low_Vol,Sideways,Medium_Correlation,Transition_Regime
2021-05-14,0.007942612866272548,0.01060979913081708,308541500,ETF,Low_Vol,Sideways,Medium_Correlation,Transition_Regime
2021-05-17,0.010474723756021492,0.010680223377989103,302846300,ETF,Low_Vol,Sideways,Medium_Correlation,Transition_Regime
2021-05-18,0.008505772159799715,0.010563091967210034,284896000,ETF,Low_Vol,Sideways,Medium_Correlation,Transition_Regime
2021-05-19,0.009679076732509928,0.010451214825164703,454056800,ETF,Low_Vol,Sideways,Medium_Correlation,Transition_Regime
2021-05-20,0.009659684930399252,0.010573253548594555,325921000,ETF,Low_Vol,Sideways,Medium_Correlation,Transition_Regime
2021-05-21,0.008964471193892537,0.010402929147054459,308827300,ETF,Low_Vol,Sideways,Medium_Correlation,Transition_Regime
2021-05-24,0.007604516494490598,0.010610747686874521,219994800,ETF,Low_Vol,Sideways,Medium_Correlation,Transition_Regime
2021-05-25,0.007805031398733006,0.010676081922796872,255587400,ETF,Low_Vol,Sideways,Medium_Correlation,Transition_Regime
2021-05-26,0.006713208051416907,0.010671127225450274,220994200,ETF,Low_Vol,Sideways,Medium_Correlation,Transition_Regime
2021-05-27,0.004833803404686269,0.010599248070690367,239410600,ETF,Low_Vol,Sideways,Medium_Correlation,Transition_Regime
2021-05-28,0.002011448823069525,0.010291764958752368,251973000,ETF,Low_Vol,Sideways,Medium_Correlation,Transition_Regime
2021-06-01,0.012970223843691083,0.010297527345587693,279988500,ETF,Medium_Vol,Sideways,Medium_Correlation,Consolidation
2021-06-02,0.005453329014765962,0.010040096440796184,238443200,ETF,Low_Vol,Sideways,Medium_Correlation,Transition_Regime
2021-06-03,0.00812521446170708,0.010245467553360945,298159600,ETF,Low_Vol,Sideways,Medium_Correlation,Transition_Regime
2021-06-04,0.004752499919387953,0.010189917229967418,257696100,ETF,Low_Vol,Sideways,Medium_Correlation,Transition_Regime
2021-06-07,0.004568106200112009,0.010094709645422223,268934400,ETF,Low_Vol,Sideways,Medium_Correlation,Transition_Regime
2021-06-08,0.005897966774787225,0.009724958015262134,257194100,ETF,Low_Vol,Sideways,Medium_Correlation,Transition_Regime
2021-06-09,0.004936591914924659,0.00951875001828612,230999500,ETF,Low_Vol,Sideways,Medium_Correlation,Transition_Regime
2021-06-10,0.006616735198790635,0.008409950176575788,284147800,ETF,Low_Vol,Sideways,Medium_Correlation,Transition_Regime
2021-06-11,0.005516115566858954,0.00815001278250358,218137900,ETF,Low_Vol,Sideways,Medium_Correlation,Transition_Regime
2021-06-14,0.0053828188587567135,0.007515289355935256,228122300,ETF,Low_Vol,Sideways,Medium_Correlation,Transition_Regime
2021-06-15,0.00715883789034998,0.007364882269882732,265179700,ETF,Low_Vol,Sideways,Medium_Correlation,Transition_Regime
2021-06-16,0.004698579202324167,0.007293966328340279,399398400,ETF,Low_Vol,Sideways,Medium_Correlation,Transition_Regime
2021-06-17,0.018201152490738375,0.007845983085594192,511132400,ETF,Medium_Vol,Sideways,Low_Correlation,Consolidation
2021-06-18,0.010003178770422123,0.008125210177957202,580415800,ETF,Low_Vol,Sideways,Low_Correlation,Transition_Regime
2021-06-21,0.010867847924434784,0.00864980742411425,353275600,ETF,Low_Vol,Sideways,Low_Correlation,Transition_Regime
2021-06-22,0.005037801320321908,0.008378235702599992,242675300,ETF,Low_Vol,Sideways,Medium_Correlation,Transition_Regime
2021-06-23,0.003176563578399016,0.008242140278221684,240873000,ETF,Low_Vol,Sideways,Medium_Correlation,Transition_Regime
2021-06-24,0.004039844606211695,0.008285283332461249,243062800,ETF,Low_Vol,Sideways,Medium_Correlation,Transition_Regime
2021-06-25,0.003943597629934988,0.008283423842602408,260118200,ETF,Low_Vol,Sideways,Low_Correlation,Transition_Regime
2021-06-28,0.010743781159499964,0.008508632983124124,286633200,ETF,Low_Vol,Sideways,Low_Correlation,Transition_Regime
2021-06-29,0.00544997831689585,0.008144565585409982,238305100,ETF,Low_Vol,Sideways,Low_Correlation,Transition_Regime
2021-06-30,0.005459914133228198,0.008140941940562616,270324100,ETF,Low_Vol,Sideways,Low_Correlation,Transition_Regime
2021-07-01,0.006222387554729349,0.007988159333750808,244783100,ETF,Low_Vol,Sideways,Low_Correlation,Transition_Regime
2021-07-02,0.006734131310839671,0.007867084989227325,239152000,ETF,Low_Vol,Sideways,Low_Correlation,Transition_Regime
2021-07-06,0.011057485637317462,0.00817046129046248,315837100,ETF,Low_Vol,Sideways,Low_Correlation,Transition_Regime
2021-07-07,0.008534129524799693,0.008248620620536431,309125300,ETF,Low_Vol,Sideways,Medium_Correlation,Transition_Regime
2021-07-08,0.008839314728585197,0.008542971280439394,390757300,ETF,Low_Vol,Sideways,Medium_Correlation,Transition_Regime
2021-07-09,0.009034927121725371,0.008930910636347936,297532400,ETF,Low_Vol,Sideways,Medium_Correlation,Transition_Regime
2021-07-12,0.0029615009419978345,0.00889432874656745,246998400,ETF,Low_Vol,Sideways,Medium_Correlation,Transition_Regime
2021-07-13,0.007559434053050917,0.00897047050907177,269894600,ETF,Low_Vol,Sideways,Medium_Correlation,Transition_Regime
2021-07-14,0.012173147543889375,0.009115515534197888,315603100,ETF,Low_Vol,Sideways,Medium_Correlation,Transition_Regime
2021-07-15,0.00543396918607104,0.009046297168800987,310194900,ETF,Low_Vol,Sideways,Medium_Correlation,Transition_Regime
2021-07-16,0.008433545198645009,0.008575203669900397,343942800,ETF,Low_Vol,Sideways,Medium_Correlation,Transition_Regime
2021-07-19,0.017285334368499453,0.009149839505722977,559449500,ETF,Medium_Vol,Sideways,Medium_Correlation,Consolidation
2021-07-20,0.01011568123857029,0.009016400644369659,393167700,ETF,Low_Vol,Sideways,Medium_Correlation,Transition_Regime
2021-07-21,0.01191476537609084,0.00944864665228121,308893600,ETF,Low_Vol,Sideways,Medium_Correlation,Transition_Regime
2021-07-22,0.008282506560214889,0.009501886085167905,237393100,ETF,Low_Vol,Sideways,Medium_Correlation,Transition_Regime
2021-07-23,0.008039190093090145,0.009555524982548913,249784500,ETF,Low_Vol,Sideways,Medium_Correlation,Transition_Regime
2021-07-26,0.008494990611780422,0.009628742729061893,210882000,ETF,Low_Vol,Sideways,Medium_Correlation,Transition_Regime
2021-07-27,0.007334099985948709,0.009677610286527045,323806700,ETF,Low_Vol,Sideways,Medium_Correlation,Transition_Regime
2021-07-28,0.007562039857475943,0.009826906685540246,274936100,ETF,Low_Vol,Sideways,Medium_Correlation,Transition_Regime
2021-07-29,0.006790420603340748,0.009958263047613927,245065800,ETF,Low_Vol,Sideways,Medium_Correlation,Transition_Regime
2021-07-30,0.004541556612811272,0.00995350001036273,285698000,ETF,Low_Vol,Sideways,Medium_Correlation,Transition_Regime
2021-08-02,0.008125786830037668,0.009870618860766258,277230000,ETF,Low_Vol,Sideways,Medium_Correlation,Transition_Regime
2021-08-03,0.005840145516234715,0.009802111261306501,268226800,ETF,Low_Vol,Sideways,Medium_Correlation,Transition_Regime
2021-08-04,0.010263849804532939,0.009903847919839389,268373800,ETF,Low_Vol,Sideways,Medium_Correlation,Transition_Regime
2021-08-05,0.008340878398688096,0.009782401375661297,207508600,ETF,Low_Vol,Sideways,Medium_Correlation,Transition_Regime
2021-08-06,0.012482046799020239,0.00972915531900986,272953900,ETF,Low_Vol,Sideways,Medium_Correlation,Transition_Regime
2021-08-09,0.010574278083675382,0.009904599425474638,254534900,ETF,Low_Vol,Sideways,Low_Correlation,Transition_Regime
2021-08-10,0.008211839535208938,0.009899616052081275,236713100,ETF,Low_Vol,Sideways,Medium_Correlation,Transition_Regime
2021-08-11,0.00611623590197537,0.00980711790336036,256124300,ETF,Low_Vol,Sideways,Low_Correlation,Transition_Regime
2021-08-12,0.005478896960708879,0.009728449452751586,217139500,ETF,Low_Vol,Sideways,Low_Correlation,Transition_Regime
2021-08-13,0.009185228501606794,0.009606925847701125,205278200,ETF,Low_Vol,Sideways,Low_Correlation,Transition_Regime
2021-08-16,0.007290170338238736,0.008468027802253223,276228600,ETF,Low_Vol,Sideways,Low_Correlation,Transition_Regime
2021-08-17,0.006587820616814002,0.008249126737555484,340706400,ETF,Low_Vol,Sideways,Low_Correlation,Transition_Regime
2021-08-18,0.007726167342761965,0.008110638749773852,307784700,ETF,Low_Vol,Sideways,Low_Correlation,Transition_Regime
2021-08-19,0.009541139960423127,0.00814035309557181,375897700,ETF,Low_Vol,Sideways,Medium_Correlation,Transition_Regime
2021-08-20,0.010563858110771542,0.008169852818000959,279806000,ETF,Low_Vol,Sideways,Low_Correlation,Transition_Regime
2021-08-23,0.014414583571825615,0.008904335529784889,247819400,ETF,Medium_Vol,Sideways,Low_Correlation,Consolidation
2021-08-24,0.009988946359043516,0.00892094601214599,212717300,ETF,Low_Vol,Sideways,Low_Correlation,Transition_Regime
2021-08-25,0.004659190628515999,0.008773047062821584,218195400,ETF,Low_Vol,Sideways,Low_Correlation,Transition_Regime
2021-08-26,0.004213579309721351,0.008729339399154537,238376100,ETF,Low_Vol,Sideways,Low_Correlation,Transition_Regime
2021-08-27,0.008023181413302794,0.009106717027672824,296942400,ETF,Low_Vol,Sideways,Low_Correlation,Transition_Regime
2021-08-30,0.007046609503223427,0.009125675600359526,207323200,ETF,Low_Vol,Sideways,Medium_Correlation,Transition_Regime
2021-08-31,0.004520310908399749,0.00903004415878373,278378200,ETF,Low_Vol,Sideways,Medium_Correlation,Transition_Regime
2021-09-01,0.006365696451529203,0.008878023594073215,268771400,ETF,Low_Vol,Sideways,Medium_Correlation,Transition_Regime
2021-09-02,0.008889241075937238,0.00885942896808306,230349400,ETF,Low_Vol,Sideways,Medium_Correlation,Transition_Regime
2021-09-03,0.009538981289835937,0.00863945883141248,235568600,ETF,Low_Vol,Sideways,Medium_Correlation,Transition_Regime
2021-09-07,0.006683030762963966,0.008569259308622368,242178500,ETF,Low_Vol,Sideways,Medium_Correlation,Transition_Regime
2021-09-08,0.006911818470498572,0.008586880701484969,246895400,ETF,Low_Vol,Sideways,Medium_Correlation,Transition_Regime
2021-09-09,0.005997763737735649,0.008570329297455164,251053300,ETF,Low_Vol,Sideways,Medium_Correlation,Transition_Regime
2021-09-10,0.00789945918228296,0.008731918311508892,291559200,ETF,Low_Vol,Sideways,Medium_Correlation,Transition_Regime
2021-09-13,0.007934018165723398,0.008706544961216622,325507000,ETF,Low_Vol,Sideways,Medium_Correlation,Transition_Regime
2021-09-14,0.006344873566629002,0.008728980357997334,310539700,ETF,Low_Vol,Sideways,Medium_Correlation,Transition_Regime
2021-09-15,0.010936684737429207,0.008734914850871094,293955300,ETF,Low_Vol,Sideways,Medium_Correlation,Transition_Regime
2021-09-16,0.01031889978559644,0.00861159476036271,327010300,ETF,Low_Vol,Sideways,Medium_Correlation,Transition_Regime
2021-09-17,0.006733336906980929,0.008668275920549631,456086000,ETF,Low_Vol,Sideways,Medium_Correlation,Transition_Regime
2021-09-20,0.010875194197735525,0.009358988249396833,565431800,ETF,Low_Vol,Sideways,Medium_Correlation,Transition_Regime
2021-09-21,0.004101966020146611,0.008656247893999137,333046400,ETF,Low_Vol,Sideways,High_Correlation,Transition_Regime
2021-09-22,0.008446600780830737,0.008806785129607385,408718400,ETF,Low_Vol,Sideways,Medium_Correlation,Transition_Regime
2021-09-23,0.01192333305028722,0.00930740061690528,342928400,ETF,Low_Vol,Sideways,High_Correlation,Transition_Regime
2021-09-24,0.0057411445474401974,0.009239324037847335,277035700,ETF,Low_Vol,Sideways,High_Correlation,Transition_Regime
2021-09-27,0.012720600726293009,0.00903896284186537,311889900,ETF,Low_Vol,Sideways,Medium_Correlation,Transition_Regime
2021-09-28,0.009268130882243498,0.009740914381277289,562662900,ETF,Low_Vol,Sideways,Medium_Correlation,Transition_Regime
2021-09-29,0.01039714300655245,0.009851841924964643,387452300,ETF,Low_Vol,Sideways,Medium_Correlation,Transition_Regime
2021-09-30,0.012381088259633025,0.010058605769048254,533889900,ETF,Low_Vol,Sideways,Medium_Correlation,Transition_Regime
2021-10-01,0.008635227797313788,0.010307252477557018,475309700,ETF,Low_Vol,Sideways,Medium_Correlation,Transition_Regime
2021-10-04,0.013038678417813115,0.01040471032870785,508458400,ETF,Medium_Vol,Sideways,High_Correlation,Consolidation
2021-10-05,0.0077575501720776605,0.010526716217056132,368363400,ETF,Low_Vol,Sideways,High_Correlation,Transition_Regime
2021-10-06,0.008268167425986475,0.010628643950068944,439742900,ETF,Low_Vol,Sideways,Medium_Correlation,Transition_Regime
2021-10-07,0.007971762974906819,0.01081717020469149,318774400,ETF,Low_Vol,Sideways,Medium_Correlation,Transition_Regime
2021-10-08,0.00867756231364988,0.010765408292251288,310753800,ETF,Low_Vol,Sideways,Medium_Correlation,Transition_Regime
2021-10-11,0.005179624255780923,0.010741498354646743,273789600,ETF,Low_Vol,Sideways,Medium_Correlation,Transition_Regime
2021-10-12,0.003405193445543985,0.010646278334786805,316606200,ETF,Low_Vol,Sideways,Medium_Correlation,Transition_Regime
2021-10-13,0.006645628564258771,0.010630654511235968,342408000,ETF,Low_Vol,Sideways,Medium_Correlation,Transition_Regime
2021-10-14,0.007114224255084384,0.010809213535581135,288424600,ETF,Low_Vol,Sideways,Medium_Correlation,Transition_Regime
2021-10-15,0.007983812508468148,0.010747591127844193,296189200,ETF,Low_Vol,Sideways,Medium_Correlation,Transition_Regime
2021-10-18,0.004472308403051754,0.009905587190802083,279090000,ETF,Low_Vol,Sideways,Medium_Correlation,Transition_Regime
2021-10-19,0.00544189971947241,0.00997666726815618,239272600,ETF,Low_Vol,Sideways,Medium_Correlation,Transition_Regime
2021-10-20,0.007931309030501927,0.009899803822514593,261470200,ETF,Low_Vol,Sideways,Medium_Correlation,Transition_Regime
2021-10-21,0.006747314042659243,0.009673929342074325,222488100,ETF,Low_Vol,Sideways,Medium_Correlation,Transition_Regime
2021-10-22,0.006067157520903606,0.009666257398615197,272175500,ETF,Low_Vol,Sideways,Medium_Correlation,Transition_Regime
2021-10-25,0.004868425633037678,0.009467667655408988,223135300,ETF,Low_Vol,Sideways,Medium_Correlation,Transition_Regime
2021-10-26,0.006456675901320819,0.008501312625332519,272731200,ETF,Low_Vol,Sideways,Medium_Correlation,Transition_Regime
2021-10-27,0.010136591903171474,0.008713304299067018,331221700,ETF,Low_Vol,Sideways,Medium_Correlation,Transition_Regime
2021-10-28,0.0061773639682760955,0.008406950344941959,253667200,ETF,Low_Vol,Sideways,Medium_Correlation,Transition_Regime
2021-10-29,0.005917317530323048,0.008245441030466072,298252500,ETF,Low_Vol,Sideways,Medium_Correlation,Transition_Regime
2021-11-01,0.007369855022827376,0.007658326829693774,269352400,ETF,Low_Vol,Sideways,Medium_Correlation,Transition_Regime
2021-11-02,0.007192756552311621,0.007576928215151616,246788500,ETF,Low_Vol,Sideways,Medium_Correlation,Transition_Regime
2021-11-03,0.012408596856629445,0.007703950945586598,317915700,ETF,Low_Vol,Sideways,Medium_Correlation,Transition_Regime
2021-11-04,0.007686980659404756,0.0076299337075873,317680200,ETF,Low_Vol,Uptrend,Medium_Correlation,Bull_Market
2021-11-05,0.009107653477885981,0.007644433239696863,334555600,ETF,Low_Vol,Uptrend,Medium_Correlation,Bull_Market
2021-11-08,0.00470299237773055,0.007429017154607193,235323100,ETF,Low_Vol,Uptrend,Medium_Correlation,Bull_Market
2021-11-09,0.005722163908645538,0.007509190798690511,284176600,ETF,Low_Vol,Uptrend,Medium_Correlation,Bull_Market
2021-11-10,0.011654119811497766,0.00808551347007014,385008900,ETF,Low_Vol,Sideways,Medium_Correlation,Transition_Regime
2021-11-11,0.006670731170301045,0.007694560624479194,216457600,ETF,Low_Vol,Sideways,Medium_Correlation,Transition_Regime
2021-11-12,0.004640298542371649,0.007535342743873596,245836600,ETF,Low_Vol,Sideways,Medium_Correlation,Transition_Regime
2021-11-15,0.003631965433238106,0.007560081543093874,239621500,ETF,Low_Vol,Sideways,Medium_Correlation,Transition_Regime
2021-11-16,0.005344136533116744,0.007439364198138572,233376900,ETF,Low_Vol,Sideways,Medium_Correlation,Transition_Regime
2021-11-17,0.008342392039460555,0.0074120905668316915,264916400,ETF,Low_Vol,Sideways,Low_Correlation,Transition_Regime
2021-11-18,0.0065826183598161276,0.007418032334235428,275722700,ETF,Low_Vol,Sideways,Low_Correlation,Transition_Regime
2021-11-19,0.012363558849767675,0.007625244397756225,351285700,ETF,Low_Vol,Sideways,Low_Correlation,Transition_Regime
2021-11-22,0.010845356634626787,0.007998154230078214,397335600,ETF,Low_Vol,Sideways,Low_Correlation,Transition_Regime
2021-11-23,0.013244809192271716,0.008266972650330105,393027800,ETF,Low_Vol,Sideways,Low_Correlation,Transition_Regime
2021-11-24,0.004376428805096806,0.007956503282879607,278989600,ETF,Low_Vol,Sideways,Low_Correlation,Transition_Regime
2021-11-26,0.027308439821036624,0.010121017282867505,470093800,ETF,Medium_Vol,Sideways,Low_Correlation,Consolidation
2021-11-29,0.008857905156630957,0.010330814015932213,433631300,ETF,Low_Vol,Sideways,Medium_Correlation,Transition_Regime
2021-11-30,0.012232460377082303,0.010762349675979742,664635800,ETF,Medium_Vol,Sideways,Medium_Correlation,Consolidation
2021-12-01,0.008461269713689564,0.010929791433017358,600564500,ETF,Low_Vol,Sideways,Medium_Correlation,Transition_Regime
2021-12-02,0.011014959719796165,0.011398561655635662,590880600,ETF,Low_Vol,Sideways,Medium_Correlation,Transition_Regime
2021-12-03,0.009391998458240649,0.011486882749677643,606542800,ETF,Low_Vol,Sideways,Medium_Correlation,Transition_Regime
2021-12-06,0.013585065425465547,0.011701509626117549,433526800,ETF,Medium_Vol,Sideways,Medium_Correlation,Consolidation
2021-12-07,0.010715044906793664,0.01248343237399038,457960000,ETF,Low_Vol,Sideways,Medium_Correlation,Transition_Regime
2021-12-08,0.0052058911085266215,0.012495875252899092,326743200,ETF,Low_Vol,Sideways,Medium_Correlation,Transition_Regime
2021-12-09,0.008538593620181004,0.012336154150913266,331042800,ETF,Low_Vol,Sideways,Medium_Correlation,Transition_Regime
2021-12-10,0.0066577801763582365,0.012291828902477177,321786000,ETF,Low_Vol,Sideways,Medium_Correlation,Transition_Regime
2021-12-13,0.009855695387977339,0.012481412041807973,363525400,ETF,Low_Vol,Sideways,Medium_Correlation,Transition_Regime
2021-12-14,0.005394403221100898,0.012546040875827086,402628800,ETF,Low_Vol,Sideways,Medium_Correlation,Transition_Regime
2021-12-15,0.009842556503419036,0.012939303858132715,500612300,ETF,Low_Vol,Sideways,Medium_Correlation,Transition_Regime
2021-12-16,0.013739580244947308,0.013196229861512011,494901100,ETF,Medium_Vol,Sideways,Medium_Correlation,Consolidation
2021-12-17,0.00850347045825091,0.013314727867754079,550165800,ETF,Low_Vol,Sideways,Medium_Correlation,Transition_Regime
2021-12-20,0.005415682412081244,0.013266999270351614,481314500,ETF,Low_Vol,Sideways,Medium_Correlation,Transition_Regime
2021-12-21,0.0110206187445717,0.01364270745254784,351111200,ETF,Medium_Vol,Sideways,Medium_Correlation,Consolidation
2021-12-22,0.004663189404817457,0.013608897275160898,289717300,ETF,Low_Vol,Sideways,Medium_Correlation,Transition_Regime
2021-12-23,0.003581750103927674,0.013641499743116183,249067700,ETF,Low_Vol,Sideways,Medium_Correlation,Transition_Regime
2021-12-27,0.0077026315846540775,0.012076031570167291,257986100,ETF,Low_Vol,Sideways,Medium_Correlation,Transition_Regime
2021-12-28,0.002394571742297326,0.01196383512054197,241321000,ETF,Low_Vol,Sideways,Medium_Correlation,Transition_Regime
2021-12-29,0.0038935359868253216,0.01123524881607278,228313800,ETF,Low_Vol,Sideways,Medium_Correlation,Transition_Regime
2021-12-30,0.005536279205595369,0.010912460796076502,229968700,ETF,Low_Vol,Sideways,Medium_Correlation,Transition_Regime
2021-12-31,0.004963243557250031,0.010564180908451366,258071400,ETF,Low_Vol,Sideways,Medium_Correlation,Transition_Regime
2022-01-03,0.012035555850603077,0.010571118584014563,340925300,ETF,Low_Vol,Sideways,Medium_Correlation,Transition_Regime
2022-01-04,0.012988077919514222,0.010519626656995996,363756400,ETF,Medium_Vol,Sideways,Medium_Correlation,Consolidation
2022-01-05,0.01100499889113655,0.010508879662751056,466276500,ETF,Low_Vol,Sideways,Medium_Correlation,Transition_Regime
2022-01-06,0.01252596626366342,0.01071767326597802,421253000,ETF,Medium_Vol,Sideways,Medium_Correlation,Consolidation
2022-01-07,0.007525867099891931,0.010480633927547596,398051900,ETF,Low_Vol,Sideways,Medium_Correlation,Transition_Regime
2022-01-10,0.004928038694181114,0.010408397911222467,492301200,ETF,Low_Vol,Sideways,Medium_Correlation,Transition_Regime
2022-01-11,0.009436598750333897,0.010475811716229464,395491900,ETF,Low_Vol,Sideways,Medium_Correlation,Transition_Regime
2022-01-12,0.006901085059450081,0.01038673962922981,352584200,ETF,Low_Vol,Sideways,Medium_Correlation,Transition_Regime
2022-01-13,0.00805994075224804,0.010372551510686273,398540100,ETF,Low_Vol,Sideways,Medium_Correlation,Transition_Regime
2022-01-14,0.0105068492247492,0.010187138938274264,451513500,ETF,Low_Vol,Sideways,Medium_Correlation,Transition_Regime
2022-01-18,0.014928897244862046,0.010516962465908119,504936200,ETF,Medium_Vol,Sideways,Medium_Correlation,Consolidation
2022-01-19,0.012657406795433635,0.010509295553547052,507182700,ETF,Medium_Vol,Sideways,Medium_Correlation,Consolidation
2022-01-20,0.007681900424514149,0.009995599021018795,536672100,ETF,Low_Vol,Sideways,Medium_Correlation,Transition_Regime
2022-01-21,0.009802386077888534,0.010260220482201227,800755300,ETF,Low_Vol,Sideways,Medium_Correlation,Transition_Regime
2022-01-24,0.009367668695147076,0.010389516200158651,1045710500,ETF,Low_Vol,Sideways,Medium_Correlation,Transition_Regime
2022-01-25,0.015001985359355123,0.010097519619909836,704193500,ETF,Medium_Vol,Sideways,Medium_Correlation,Consolidation
2022-01-26,0.007299436467700221,0.010242347179740204,786213400,ETF,Low_Vol,Sideways,Medium_Correlation,Transition_Regime
2022-01-27,0.010524849433391577,0.010370323131617367,633997600,ETF,Low_Vol,Sideways,Medium_Correlation,Transition_Regime
2022-01-28,0.015715886400275374,0.011422270089136904,649963100,ETF,Medium_Vol,Downtrend,Medium_Correlation,Transition_Regime
2022-01-31,0.011348566188084731,0.012172340555571606,530944500,ETF,Medium_Vol,Sideways,Medium_Correlation,Consolidation
2022-02-01,0.00861415168011225,0.012096883202620375,495393400,ETF,Low_Vol,Sideways,Medium_Correlation,Transition_Regime
2022-02-02,0.005762947073882899,0.012025498293333738,429477800,ETF,Low_Vol,Sideways,Medium_Correlation,Transition_Regime
2022-02-03,0.013246240410930168,0.012081340244485662,466589500,ETF,Medium_Vol,Sideways,Medium_Correlation,Consolidation
2022-02-04,0.008054189999538662,0.012020961676980784,480823600,ETF,Low_Vol,Sideways,Medium_Correlation,Transition_Regime
2022-02-07,0.007744280521543692,0.01204004227429751,363201800,ETF,Low_Vol,Sideways,Medium_Correlation,Transition_Regime
2022-02-08,0.010597531843166247,0.012292178037039135,363896400,ETF,Low_Vol,Sideways,Medium_Correlation,Transition_Regime
2022-02-09,0.0070877324495614066,0.012179032937866015,376762600,ETF,Low_Vol,Sideways,Medium_Correlation,Transition_Regime
2022-02-10,0.006930590527062152,0.012400944269980743,550590900,ETF,Low_Vol,Sideways,Medium_Correlation,Transition_Regime
2022-02-11,0.02009271457204859,0.012784110546296468,614133500,ETF,Medium_Vol,Sideways,Medium_Correlation,Consolidation
2022-02-14,0.008170696613267019,0.01275111373898043,513164800,ETF,Low_Vol,Sideways,Medium_Correlation,Transition_Regime
2022-02-15,0.01769481634655412,0.013015727953161438,391286000,ETF,Medium_Vol,Sideways,Medium_Correlation,Consolidation
2022-02-16,0.005419479864345326,0.012786083672080171,372301800,ETF,Low_Vol,Sideways,Medium_Correlation,Transition_Regime
2022-02-17,0.014921769024430738,0.013216036204402459,425493800,ETF,Medium_Vol,Sideways,Medium_Correlation,Consolidation
2022-02-18,0.005731170126826324,0.012827283282632683,464470300,ETF,Low_Vol,Sideways,Medium_Correlation,Transition_Regime
2022-02-22,0.008421186625124344,0.012845151929952954,514838800,ETF,Low_Vol,Downtrend,Medium_Correlation,Bear_Market
2022-02-23,0.013416826405660286,0.012899739920271176,512463500,ETF,Medium_Vol,Downtrend,Medium_Correlation,Transition_Regime
2022-02-24,0.017524055166026023,0.013251674444138238,913959700,ETF,Medium_Vol,Downtrend,Medium_Correlation,Transition_Regime
2022-02-25,0.012593992150740824,0.013627808551654037,537903600,ETF,Medium_Vol,Sideways,Medium_Correlation,Consolidation
2022-02-28,0.011930606236901268,0.013300969898230737,604749700,ETF,Medium_Vol,Sideways,High_Correlation,Consolidation
2022-03-01,0.025650630584686984,0.013645921700960318,653398400,ETF,Medium_Vol,Sideways,Medium_Correlation,Consolidation
2022-03-02,0.016858674472254462,0.014184213550753357,548422100,ETF,Medium_Vol,Sideways,Medium_Correlation,Consolidation
2022-03-03,0.007651339948231758,0.014191405752090748,504402400,ETF,Low_Vol,Sideways,Medium_Correlation,Transition_Regime
2022-03-04,0.023240446573898604,0.014237071395893575,596788400,ETF,Medium_Vol,Sideways,Medium_Correlation,Consolidation
2022-03-07,0.02271500657070102,0.014998074794960547,680525300,ETF,Medium_Vol,Downtrend,Medium_Correlation,Transition_Regime
2022-03-08,0.01610883982422012,0.01521324125695284,879233600,ETF,Medium_Vol,Downtrend,Medium_Correlation,Transition_Regime
2022-03-09,0.041003035276567054,0.017269041775254606,615367700,ETF,High_Vol,Sideways,Medium_Correlation,Transition_Regime
2022-03-10,0.011789019435862727,0.017066490091184734,504824300,ETF,Medium_Vol,Sideways,Medium_Correlation,Consolidation
2022-03-11,0.012209291115203028,0.01698626885751908,468433100,ETF,Medium_Vol,Sideways,Medium_Correlation,Consolidation
2022-03-14,0.015211615383753097,0.01715074604827234,503179600,ETF,Medium_Vol,Downtrend,Medium_Correlation,Transition_Regime
2022-03-15,0.02477215158934451,0.01787793968577154,499893200,ETF,Medium_Vol,Sideways,Medium_Correlation,Consolidation
2022-03-16,0.021046928487830224,0.018605182548788617,602138000,ETF,Medium_Vol,Sideways,Medium_Correlation,Consolidation
2022-03-17,0.019358049401275362,0.01898357087299078,431988200,ETF,Medium_Vol,Sideways,Medium_Correlation,Consolidation
2022-03-18,0.009418271651026107,0.018707525626692176,485410700,ETF,Medium_Vol,Sideways,Medium_Correlation,Consolidation
2022-03-21,0.02047948976185536,0.0189113653012864,403798200,ETF,Medium_Vol,Sideways,Medium_Correlation,Consolidation
2022-03-22,0.011408917509534863,0.01894371103497133,375187200,ETF,Medium_Vol,Sideways,Medium_Correlation,Consolidation
2022-03-23,0.0175905531777376,0.018929695686717495,358919000,ETF,Medium_Vol,Sideways,Medium_Correlation,Consolidation
2022-03-24,0.012084590664908156,0.01876727479286514,321388600,ETF,Medium_Vol,Sideways,Medium_Correlation,Consolidation
2022-03-25,0.008454697599657907,0.01835141927725729,362649100,ETF,Medium_Vol,Sideways,Medium_Correlation,Consolidation
2022-03-28,0.022468400197646503,0.018637849401884506,343126200,ETF,Medium_Vol,Sideways,Medium_Correlation,Consolidation
2022-03-29,0.009106451053931793,0.01809114031041458,423904000,ETF,Medium_Vol,Sideways,Medium_Correlation,Consolidation
2022-03-30,0.01039366796750866,0.017823973552381325,371677600,ETF,Medium_Vol,Sideways,Medium_Correlation,Consolidation
2022-03-31,0.011701877251893093,0.01805774036597359,456258800,ETF,Medium_Vol,Sideways,Medium_Correlation,Consolidation
2022-04-01,0.0069469170844727295,0.0175652669137032,421862300,ETF,Low_Vol,Sideways,Medium_Correlation,Transition_Regime
2022-04-04,0.011420969442640563,0.016383974455313238,416237500,ETF,Medium_Vol,Sideways,Medium_Correlation,Consolidation
2022-04-05,0.007358031591835283,0.016372144431781078,389371300,ETF,Low_Vol,Sideways,Medium_Correlation,Transition_Regime
2022-04-06,0.011416296919429591,0.015111750921877727,474876600,ETF,Medium_Vol,Sideways,Medium_Correlation,Consolidation
2022-04-07,0.006364748980942981,0.014936630554713407,399893200,ETF,Low_Vol,Sideways,Medium_Correlation,Transition_Regime
2022-04-08,0.010548437960909757,0.014736207111107756,370191000,ETF,Medium_Vol,Sideways,Medium_Correlation,Consolidation
2022-04-11,0.01184986329204265,0.014702560321697157,409638200,ETF,Medium_Vol,Sideways,Medium_Correlation,Consolidation
2022-04-12,0.014936135629230265,0.014137845422175162,434788000,ETF,Medium_Vol,Sideways,Medium_Correlation,Consolidation
2022-04-13,0.00821853919160172,0.012927035501491421,360541600,ETF,Low_Vol,Sideways,Medium_Correlation,Transition_Regime
2022-04-14,0.009156412858838255,0.012653228328507082,415937000,ETF,Low_Vol,Sideways,Medium_Correlation,Transition_Regime
2022-04-18,0.006783499318202519,0.012406415393758233,366741400,ETF,Low_Vol,Sideways,High_Correlation,Transition_Regime
2022-04-19,0.018922171160292895,0.012605037177368387,354420000,ETF,Medium_Vol,Sideways,High_Correlation,Consolidation
2022-04-20,0.006435669595181949,0.012390903125339138,351180800,ETF,Low_Vol,Sideways,High_Correlation,Transition_Regime
2022-04-21,0.009758111612198543,0.012429243342008126,417673400,ETF,Low_Vol,Sideways,Medium_Correlation,Transition_Regime
2022-04-22,0.010474054527712709,0.0129531617986386,508535500,ETF,Low_Vol,Sideways,High_Correlation,Transition_Regime
2022-04-25,0.014271248244886795,0.013155435181063992,580945400,ETF,Medium_Vol,Sideways,Medium_Correlation,Consolidation
2022-04-26,0.018026206994926713,0.013335341049436863,543342600,ETF,Medium_Vol,Sideways,Medium_Correlation,Consolidation
2022-04-27,0.007283252390661579,0.012926190374007829,588620700,ETF,Low_Vol,Sideways,High_Correlation,Transition_Regime
2022-04-28,0.012813587771179387,0.013831147301440624,487020100,ETF,Medium_Vol,Sideways,High_Correlation,Consolidation
2022-04-29,0.015239495186202252,0.014448143006316463,544518700,ETF,Medium_Vol,Sideways,High_Correlation,Consolidation
2022-05-02,0.010479360638204283,0.01452366851209519,675678500,ETF,Medium_Vol,Sideways,Medium_Correlation,Consolidation
2022-05-03,0.009727401135846388,0.014437275798403232,473228100,ETF,Medium_Vol,Sideways,Medium_Correlation,Consolidation
2022-05-04,0.012208436800059829,0.015464133355142002,624901700,ETF,Medium_Vol,Sideways,Medium_Correlation,Consolidation
2022-05-05,0.015848778972257824,0.016456451459934886,701613500,ETF,Medium_Vol,Downtrend,High_Correlation,Transition_Regime
2022-05-06,0.012011051093175556,0.01644988864085061,665797100,ETF,Medium_Vol,Downtrend,High_Correlation,Transition_Regime
2022-05-09,0.0218973698151521,0.017863816743084238,653005400,ETF,Medium_Vol,Downtrend,High_Correlation,Transition_Regime
2022-05-10,0.011495407226648527,0.01779276766283492,704947100,ETF,Medium_Vol,Downtrend,High_Correlation,Transition_Regime
2022-05-11,0.020280557622829088,0.017922458004899448,700963000,ETF,Medium_Vol,Downtrend,High_Correlation,Transition_Regime
2022-05-12,0.012130341022571723,0.017686498722751787,630842700,ETF,Medium_Vol,Downtrend,High_Correlation,Transition_Regime
2022-05-13,0.014316823978191342,0.018584201404325998,450029500,ETF,Medium_Vol,Downtrend,High_Correlation,Transition_Regime
2022-05-16,0.012274500896765623,0.018729516206557627,365857300,ETF,Medium_Vol,Downtrend,High_Correlation,Transition_Regime
2022-05-17,0.01603856641031217,0.018924445144961135,369720100,ETF,Medium_Vol,Sideways,High_Correlation,Consolidation
2022-05-18,0.01707245691580463,0.01960107933488507,453717900,ETF,Medium_Vol,Downtrend,High_Correlation,Transition_Regime
2022-05-19,0.010742523060275374,0.019640272734060646,441127900,ETF,Medium_Vol,Downtrend,High_Correlation,Transition_Regime
2022-05-20,0.005587649091954423,0.019186177993093956,483533000,ETF,Low_Vol,Downtrend,High_Correlation,Bear_Market
2022-05-23,0.01048865494466293,0.01927877813569183,369332100,ETF,Medium_Vol,Sideways,High_Correlation,Consolidation
2022-05-24,0.01054708213223424,0.018885849624313382,399592200,ETF,Medium_Vol,Sideways,High_Correlation,Consolidation
2022-05-25,0.007254603979255925,0.018945823575334118,376576700,ETF,Medium_Vol,Sideways,High_Correlation,Consolidation
2022-05-26,0.010752121230991013,0.018777935088815357,329503700,ETF,Medium_Vol,Sideways,High_Correlation,Consolidation
2022-05-27,0.011064001118515535,0.018323138610824612,334462400,ETF,Medium_Vol,Sideways,Medium_Correlation,Consolidation
2022-05-31,0.00826710915578651,0.018370866281269847,423773900,ETF,Medium_Vol,Sideways,Medium_Correlation,Consolidation
2022-06-01,0.00904756117496755,0.018396893639765027,359820000,ETF,Medium_Vol,Sideways,Medium_Correlation,Consolidation
2022-06-02,0.009277416646936276,0.017921106163387775,328248600,ETF,Medium_Vol,Sideways,Medium_Correlation,Consolidation
2022-06-03,0.013278400068919814,0.01695809954526775,288045600,ETF,Medium_Vol,Sideways,Medium_Correlation,Consolidation
2022-06-06,0.005115998495521888,0.016854726027990666,263470400,ETF,Low_Vol,Sideways,Medium_Correlation,Transition_Regime
2022-06-07,0.006875894914708527,0.01465955276876955,261780100,ETF,Low_Vol,Sideways,Medium_Correlation,Transition_Regime
2022-06-08,0.009441924154516518,0.014654294399637537,260358000,ETF,Medium_Vol,Sideways,Medium_Correlation,Consolidation
2022-06-09,0.00901358038285564,0.01490610980792984,332307000,ETF,Low_Vol,Sideways,Medium_Correlation,Transition_Regime
2022-06-10,0.01576813106486542,0.015582213022318379,514188800,ETF,Medium_Vol,Downtrend,Medium_Correlation,Transition_Regime
2022-06-13,0.013850419926875492,0.01669861906210971,646226000,ETF,Medium_Vol,Downtrend,Medium_Correlation,Transition_Regime
2022-06-14,0.007842517157380354,0.01663011657017782,447228700,ETF,Low_Vol,Downtrend,Medium_Correlation,Bear_Market
2022-06-15,0.013346483313410169,0.016546225713544926,523941700,ETF,Medium_Vol,Downtrend,Medium_Correlation,Transition_Regime
2022-06-16,0.02238455497579522,0.016550117474058854,563671900,ETF,Medium_Vol,Downtrend,High_Correlation,Transition_Regime
2022-06-17,0.01927149851686161,0.016905158877541526,547092500,ETF,Medium_Vol,Downtrend,High_Correlation,Transition_Regime
2022-06-21,0.014907727653742658,0.017555220532123217,358310500,ETF,Medium_Vol,Downtrend,High_Correlation,Transition_Regime
2022-06-22,0.014920272860625795,0.017452575893534907,390043600,ETF,Medium_Vol,Downtrend,High_Correlation,Transition_Regime
2022-06-23,0.01594990291325298,0.01757104993572598,418531300,ETF,Medium_Vol,Downtrend,High_Correlation,Transition_Regime
2022-06-24,0.014186503592516959,0.018355170287684883,409627400,ETF,Medium_Vol,Sideways,High_Correlation,Consolidation
2022-06-27,0.009955734806673354,0.018066690651848294,327230000,ETF,Medium_Vol,Sideways,High_Correlation,Consolidation
2022-06-28,0.016361724558088642,0.01782075414439567,352687200,ETF,Medium_Vol,Downtrend,High_Correlation,Transition_Regime
2022-06-29,0.010765229315645768,0.017808430684222866,332465400,ETF,Medium_Vol,Downtrend,High_Correlation,Transition_Regime
2022-06-30,0.00970285592988925,0.017852281414009418,457380200,ETF,Medium_Vol,Downtrend,High_Correlation,Transition_Regime
2022-07-01,0.008794499685170444,0.017462659483696883,397700200,ETF,Medium_Vol,Sideways,High_Correlation,Consolidation
2022-07-05,0.025194519206592218,0.017869621486749646,403995500,ETF,Medium_Vol,Sideways,Medium_Correlation,Consolidation
2022-07-06,0.008156255390095055,0.0178782898814583,371719900,ETF,Medium_Vol,Sideways,Medium_Correlation,Consolidation
2022-07-07,0.012338043644065275,0.018191781701505105,304029700,ETF,Medium_Vol,Sideways,Medium_Correlation,Consolidation
2022-07-08,0.006867859865162307,0.018148877607527578,280875700,ETF,Low_Vol,Sideways,Medium_Correlation,Transition_Regime
2022-07-11,0.008336096026343352,0.01788650545486621,277231600,ETF,Medium_Vol,Sideways,Medium_Correlation,Consolidation
2022-07-12,0.01654164068298367,0.017363748494698194,306383900,ETF,Medium_Vol,Sideways,Medium_Correlation,Consolidation
2022-07-13,0.005967463417333407,0.015551867114329002,377421600,ETF,Low_Vol,Sideways,Medium_Correlation,Transition_Regime
2022-07-14,0.011172547961771766,0.015681958044735052,409624200,ETF,Medium_Vol,Sideways,Medium_Correlation,Consolidation
2022-07-15,0.009085189136567041,0.015646310477410195,377336100,ETF,Medium_Vol,Sideways,Medium_Correlation,Consolidation
2022-07-18,0.014513953121282766,0.014388774317051399,315472300,ETF,Medium_Vol,Sideways,Medium_Correlation,Consolidation
2022-07-19,0.012607709082908643,0.014905711736522541,322569800,ETF,Medium_Vol,Sideways,Medium_Correlation,Consolidation
2022-07-20,0.00887734926068901,0.014350336656496165,321208800,ETF,Low_Vol,Sideways,Medium_Correlation,Transition_Regime
2022-07-21,0.011956187226011775,0.014345329869449319,300497000,ETF,Medium_Vol,Sideways,Medium_Correlation,Consolidation
2022-07-22,0.007872882429993915,0.014345335001555104,292440800,ETF,Low_Vol,Sideways,Medium_Correlation,Transition_Regime
2022-07-25,0.011572672019337371,0.013393399433291313,242945300,ETF,Medium_Vol,Sideways,Medium_Correlation,Consolidation
2022-07-26,0.008386092103658547,0.013514138613602095,255105200,ETF,Low_Vol,Sideways,Medium_Correlation,Transition_Regime
2022-07-27,0.012289095669022192,0.01391489946724225,347663600,ETF,Medium_Vol,Sideways,Medium_Correlation,Consolidation
2022-07-28,0.011376279508108962,0.014110024099351071,320625500,ETF,Medium_Vol,Sideways,Medium_Correlation,Consolidation
2022-07-29,0.011459343991591642,0.014045642373226665,319635900,ETF,Medium_Vol,Sideways,Medium_Correlation,Consolidation
2022-08-01,0.010858252817334478,0.014081859884268548,296844100,ETF,Medium_Vol,Sideways,Medium_Correlation,Consolidation
2022-08-02,0.006755141755163293,0.01354631570001954,288175100,ETF,Low_Vol,Sideways,Medium_Correlation,Transition_Regime
2022-08-03,0.01625060440232526,0.013720190586745867,267849000,ETF,Medium_Vol,Sideways,Medium_Correlation,Consolidation
2022-08-04,0.013177056722733275,0.01352253636194636,230435800,ETF,Medium_Vol,Sideways,Medium_Correlation,Consolidation
2022-08-05,0.008937243378946084,0.013673874330751744,264971300,ETF,Low_Vol,Sideways,Medium_Correlation,Transition_Regime
2022-08-08,0.011691073439958675,0.013393010368816832,252139100,ETF,Medium_Vol,Sideways,Medium_Correlation,Consolidation
2022-08-09,0.0072481395768503425,0.013018259703177248,218976000,ETF,Low_Vol,Sideways,Medium_Correlation,Transition_Regime
2022-08-10,0.010543305222504925,0.01331395070858526,292698600,ETF,Medium_Vol,Uptrend,Medium_Correlation,Transition_Regime
2022-08-11,0.01250733729773641,0.013041818958033377,288937100,ETF,Medium_Vol,Uptrend,High_Correlation,Transition_Regime
2022-08-12,0.009996524798634868,0.012931754368595593,247346200,ETF,Low_Vol,Uptrend,High_Correlation,Bull_Market
2022-08-15,0.011612435606169268,0.012785274833550499,233680900,ETF,Medium_Vol,Uptrend,High_Correlation,Transition_Regime
2022-08-16,0.006259105657972545,0.012093277479051862,260324200,ETF,Low_Vol,Uptrend,High_Correlation,Bull_Market
2022-08-17,0.007359814290566536,0.01228746499651813,282569900,ETF,Low_Vol,Uptrend,Medium_Correlation,Bull_Market
2022-08-18,0.010775205284361112,0.012159963605866917,226640700,ETF,Low_Vol,Uptrend,Medium_Correlation,Bull_Market
2022-08-19,0.00828149566978459,0.012404457310545581,277867600,ETF,Low_Vol,Sideways,Medium_Correlation,Transition_Regime
2022-08-22,0.01049525630109226,0.012938792553607543,298182600,ETF,Low_Vol,Sideways,High_Correlation,Transition_Regime
2022-08-23,0.012338899315054377,0.012843387368617294,246866500,ETF,Medium_Vol,Sideways,Medium_Correlation,Consolidation
2022-08-24,0.004888427258535257,0.011841065223127344,218613000,ETF,Low_Vol,Sideways,Medium_Correlation,Transition_Regime
2022-08-25,0.009305087670893754,0.011800944977675365,219831000,ETF,Low_Vol,Sideways,Medium_Correlation,Transition_Regime
2022-08-26,0.013373594467312502,0.012919323968504062,338079900,ETF,Medium_Vol,Sideways,Medium_Correlation,Consolidation
2022-08-29,0.012226011698374138,0.012881266959452825,279285900,ETF,Medium_Vol,Sideways,High_Correlation,Consolidation
2022-08-30,0.01098842707205115,0.013122305741854868,334235100,ETF,Medium_Vol,Sideways,High_Correlation,Consolidation
2022-08-31,0.007605943567819353,0.012703377272269624,307006400,ETF,Low_Vol,Sideways,Medium_Correlation,Transition_Regime
2022-09-01,0.011146003562681934,0.012606286787024955,360244200,ETF,Medium_Vol,Sideways,Medium_Correlation,Consolidation
2022-09-02,0.01021194607684637,0.012633154538892357,354178500,ETF,Low_Vol,Sideways,Medium_Correlation,Transition_Regime
2022-09-06,0.0034500798971243067,0.01236495682281033,324113100,ETF,Low_Vol,Sideways,Medium_Correlation,Transition_Regime
2022-09-07,0.018991413323068175,0.013184811219897879,296076200,ETF,Medium_Vol,Sideways,Medium_Correlation,Consolidation
2022-09-08,0.006733895391847158,0.012555865825375523,319959300,ETF,Low_Vol,Sideways,Medium_Correlation,Transition_Regime
2022-09-09,0.01091836770127833,0.013103743703786521,288378900,ETF,Medium_Vol,Sideways,Medium_Correlation,Consolidation
2022-09-12,0.011320982227765853,0.013105649246312948,296941400,ETF,Medium_Vol,Sideways,High_Correlation,Consolidation
2022-09-13,0.016598044421528232,0.014695933639667844,432630400,ETF,Medium_Vol,Sideways,High_Correlation,Consolidation
2022-09-14,0.007266253439597351,0.014776662190645167,312454600,ETF,Low_Vol,Sideways,High_Correlation,Transition_Regime
2022-09-15,0.011614943319785551,0.015030647140703715,356512200,ETF,Medium_Vol,Sideways,High_Correlation,Consolidation
2022-09-16,0.009356796956817263,0.01496364473784579,425646200,ETF,Medium_Vol,Sideways,High_Correlation,Consolidation
2022-09-19,0.004655747681859061,0.014860043450655901,306744400,ETF,Low_Vol,Sideways,High_Correlation,Transition_Regime
2022-09-20,0.004154384862757472,0.014670127309958564,305104800,ETF,Low_Vol,Downtrend,High_Correlation,Bear_Market
2022-09-21,0.011228166345524319,0.014686459957626503,432173900,ETF,Medium_Vol,Downtrend,High_Correlation,Transition_Regime
2022-09-22,0.007525383508336679,0.014709175008100067,377398800,ETF,Low_Vol,Downtrend,High_Correlation,Bear_Market
2022-09-23,0.01801668575338609,0.015044187336528915,503905200,ETF,Medium_Vol,Downtrend,High_Correlation,Transition_Regime
2022-09-26,0.007327302063776383,0.01446155513338311,415302500,ETF,Low_Vol,Downtrend,Medium_Correlation,Bear_Market
2022-09-27,0.006491677489847651,0.014376483861572675,450643600,ETF,Low_Vol,Downtrend,Medium_Correlation,Bear_Market
2022-09-28,0.010076601769869145,0.015526079912764857,445307900,ETF,Medium_Vol,Downtrend,Medium_Correlation,Transition_Regime
2022-09-29,0.009455773456093898,0.015701483376627932,417721500,ETF,Medium_Vol,Downtrend,Medium_Correlation,Transition_Regime
2022-09-30,0.008117730815456883,0.01564188318582378,461101700,ETF,Low_Vol,Downtrend,Medium_Correlation,Bear_Market
2022-10-03,0.020044605479351704,0.017303039194752453,441194400,ETF,Medium_Vol,Downtrend,Medium_Correlation,Transition_Regime
2022-10-04,0.012678238144223806,0.018588646486753627,417920800,ETF,Medium_Vol,Sideways,Medium_Correlation,Consolidation
2022-10-05,0.010690035608305436,0.018150797764292025,348841700,ETF,Medium_Vol,Sideways,Medium_Correlation,Consolidation
2022-10-06,0.009523968283225001,0.018117309914745493,311413300,ETF,Medium_Vol,Sideways,Medium_Correlation,Consolidation
2022-10-07,0.016747044104236993,0.01823422950617358,378647800,ETF,Medium_Vol,Downtrend,Medium_Correlation,Transition_Regime
2022-10-10,0.006034932668573044,0.01793150483165648,312267700,ETF,Low_Vol,Downtrend,Medium_Correlation,Bear_Market
2022-10-11,0.008927061450869512,0.01667363190795992,389023200,ETF,Medium_Vol,Downtrend,Medium_Correlation,Transition_Regime
2022-10-12,0.004389453053987567,0.016564799765002337,321075200,ETF,Low_Vol,Downtrend,Medium_Correlation,Bear_Market
2022-10-13,0.01661213985366479,0.017259691295744922,571825000,ETF,Medium_Vol,Sideways,Medium_Correlation,Consolidation
2022-10-14,0.010261186639584986,0.017726333341085483,439699500,ETF,Medium_Vol,Downtrend,Medium_Correlation,Transition_Regime
2022-10-17,0.01166088334441196,0.01849124960440031,370015400,ETF,Medium_Vol,Sideways,Medium_Correlation,Consolidation
2022-10-18,0.008304375294613428,0.01853313548546465,364087100,ETF,Medium_Vol,Sideways,Medium_Correlation,Consolidation
2022-10-19,0.012915666365824027,0.018466490297166495,319471500,ETF,Medium_Vol,Sideways,Medium_Correlation,Consolidation
2022-10-20,0.006932654145904097,0.018416581837213508,332155500,ETF,Low_Vol,Sideways,High_Correlation,Transition_Regime
2022-10-21,0.009697616924251048,0.018025932052892612,447328300,ETF,Medium_Vol,Sideways,High_Correlation,Consolidation
2022-10-24,0.013497626177478862,0.017801164527726333,355912200,ETF,Medium_Vol,Sideways,Medium_Correlation,Consolidation
2022-10-25,0.0076060636744838895,0.018031493855054762,315794400,ETF,Medium_Vol,Sideways,Medium_Correlation,Consolidation
2022-10-26,0.013828707382906834,0.017507830375988284,358081900,ETF,Medium_Vol,Sideways,Medium_Correlation,Consolidation
2022-10-27,0.007325525785033454,0.017167507443251562,319364700,ETF,Low_Vol,Sideways,Medium_Correlation,Transition_Regime
2022-10-28,0.017373024409328475,0.01728461681539527,339359400,ETF,Medium_Vol,Sideways,Medium_Correlation,Consolidation
2022-10-31,0.005977743736774952,0.01593845703354429,349935600,ETF,Low_Vol,Sideways,Medium_Correlation,Transition_Regime
2022-11-01,0.010236672281998871,0.014919861216288768,335362100,ETF,Medium_Vol,Sideways,Medium_Correlation,Consolidation
2022-11-02,0.013508832277634254,0.015476263205585605,455342100,ETF,Medium_Vol,Sideways,Medium_Correlation,Consolidation
2022-11-03,0.011435991268773338,0.015513067643655985,365595400,ETF,Medium_Vol,Sideways,Medium_Correlation,Consolidation
2022-11-04,0.019445771377373782,0.015816477652452785,406555900,ETF,Medium_Vol,Sideways,Medium_Correlation,Consolidation
2022-11-07,0.007729372114032172,0.015582827817173203,276730800,ETF,Low_Vol,Sideways,Medium_Correlation,Transition_Regime
2022-11-08,0.01165275373636665,0.015495573380622496,342762900,ETF,Medium_Vol,Sideways,Medium_Correlation,Consolidation
2022-11-09,0.01293066112750271,0.01637815831147645,343826700,ETF,Medium_Vol,Sideways,Medium_Correlation,Consolidation
2022-11-10,0.021313134993126603,0.018545458470125325,494737900,ETF,Medium_Vol,Sideways,Medium_Correlation,Consolidation
2022-11-11,0.01122474920884046,0.017772512687334624,347735200,ETF,Medium_Vol,Sideways,Medium_Correlation,Consolidation
2022-11-14,0.009958408883578554,0.017642879181646226,320554800,ETF,Medium_Vol,Sideways,High_Correlation,Consolidation
2022-11-15,0.009059060549409411,0.0177150262247,389772800,ETF,Medium_Vol,Sideways,Medium_Correlation,Consolidation
2022-11-16,0.007991123215077382,0.017585778070346746,282081800,ETF,Medium_Vol,Uptrend,High_Correlation,Transition_Regime
2022-11-17,0.008357931454729947,0.01760379473952626,288091200,ETF,Medium_Vol,Uptrend,High_Correlation,Transition_Regime
2022-11-18,0.007040776698381708,0.0171940443178244,323124100,ETF,Low_Vol,Uptrend,High_Correlation,Bull_Market
2022-11-21,0.004720069222087788,0.0170187451908123,262788700,ETF,Low_Vol,Sideways,High_Correlation,Transition_Regime
2022-11-22,0.007136932141888432,0.016973159217313235,251689400,ETF,Low_Vol,Uptrend,High_Correlation,Bull_Market
2022-11-23,0.012288769747604823,0.01688666183110746,248075800,ETF,Medium_Vol,Uptrend,High_Correlation,Transition_Regime
2022-11-25,0.0038864534902673265,0.016796328185850133,113403300,ETF,Low_Vol,Uptrend,High_Correlation,Bull_Market
2022-11-28,0.008413848689620172,0.016722331626671832,279992900,ETF,Medium_Vol,Sideways,High_Correlation,Consolidation
2022-11-29,0.00967554162880445,0.016713988626942615,224873700,ETF,Medium_Vol,Sideways,High_Correlation,Consolidation
2022-11-30,0.013681577902339757,0.017527284476853172,439317700,ETF,Medium_Vol,Uptrend,High_Correlation,Transition_Regime
2022-12-01,0.008503336877849703,0.01679627468275692,350417100,ETF,Medium_Vol,Uptrend,Medium_Correlation,Transition_Regime
2022-12-02,0.005945750127557613,0.016538586011830923,313184600,ETF,Low_Vol,Uptrend,Medium_Correlation,Bull_Market
2022-12-05,0.009068363758132398,0.01642509425618292,319216500,ETF,Medium_Vol,Sideways,Medium_Correlation,Consolidation
2022-12-06,0.011666765410630537,0.016650012302612673,314313600,ETF,Medium_Vol,Sideways,Medium_Correlation,Consolidation
2022-12-07,0.01019679299224298,0.01659377194951743,287219000,ETF,Medium_Vol,Sideways,Medium_Correlation,Consolidation
2022-12-08,0.008112455026903286,0.015887288424042387,286540500,ETF,Low_Vol,Sideways,Medium_Correlation,Transition_Regime
2022-12-09,0.008756693172277615,0.012354054185783333,313808700,ETF,Low_Vol,Sideways,Medium_Correlation,Transition_Regime
2022-12-12,0.010516032402379605,0.012280853587071126,323010100,ETF,Low_Vol,Sideways,Medium_Correlation,Transition_Regime
2022-12-13,0.005879406974151096,0.012347663259669498,449031700,ETF,Low_Vol,Sideways,Medium_Correlation,Transition_Regime
2022-12-14,0.008292472138386305,0.012176370872244895,410860100,ETF,Low_Vol,Sideways,Medium_Correlation,Transition_Regime
2022-12-15,0.011283016151474503,0.013015777860815167,412302300,ETF,Medium_Vol,Sideways,Medium_Correlation,Consolidation
2022-12-16,0.007431199606630788,0.01303733813400462,414913600,ETF,Low_Vol,Sideways,Medium_Correlation,Transition_Regime
2022-12-19,0.00793067342228455,0.013092952011975944,306265700,ETF,Low_Vol,Sideways,Medium_Correlation,Transition_Regime
2022-12-20,0.014020819937428614,0.01331405452310835,313907900,ETF,Medium_Vol,Sideways,Medium_Correlation,Consolidation
2022-12-21,0.008698623690316242,0.013367705735414912,283493800,ETF,Low_Vol,Sideways,Medium_Correlation,Transition_Regime
2022-12-22,0.007998704975739042,0.013434474261253151,323964900,ETF,Low_Vol,Sideways,Medium_Correlation,Transition_Regime
2022-12-23,0.009350050871365468,0.0136124084852229,211043800,ETF,Low_Vol,Sideways,Medium_Correlation,Transition_Regime
2022-12-27,0.008505093312764906,0.013353064084610943,232820000,ETF,Low_Vol,Sideways,Medium_Correlation,Transition_Regime
2022-12-28,0.00655187570879322,0.013483436770510957,266064900,ETF,Low_Vol,Sideways,Medium_Correlation,Transition_Regime
2022-12-29,0.008071425420984948,0.012445298229751716,255304600,ETF,Low_Vol,Sideways,Medium_Correlation,Transition_Regime
2022-12-30,0.00783020122312502,0.012370636049184421,269288700,ETF,Low_Vol,Sideways,Medium_Correlation,Transition_Regime
2023-01-03,0.013449969955372539,0.012573196892847478,309623700,ETF,Medium_Vol,Sideways,Medium_Correlation,Consolidation
2023-01-04,0.016111610065858917,0.012298865447760217,317105600,ETF,Medium_Vol,Sideways,Medium_Correlation,Consolidation
2023-01-05,0.010123330739600889,0.012219725691939909,282973300,ETF,Low_Vol,Sideways,Medium_Correlation,Transition_Regime
2023-01-06,0.007781507855642664,0.012976051463776474,329680100,ETF,Low_Vol,Sideways,Medium_Correlation,Transition_Regime
2023-01-09,0.007562809297859058,0.012916270925576474,301718900,ETF,Low_Vol,Sideways,Medium_Correlation,Transition_Regime
2023-01-10,0.0049260740889007885,0.01282260021799211,241302500,ETF,Low_Vol,Sideways,Medium_Correlation,Transition_Regime
2023-01-11,0.009083061569248574,0.012763470896207144,263557300,ETF,Low_Vol,Sideways,Medium_Correlation,Transition_Regime
2023-01-12,0.005979413512809942,0.01270242714272605,346743100,ETF,Low_Vol,Sideways,Medium_Correlation,Transition_Regime
2023-01-13,0.006846725852307331,0.012701670877694408,289132000,ETF,Low_Vol,Sideways,Medium_Correlation,Transition_Regime
2023-01-17,0.0057286766821682805,0.011569148727004382,301626800,ETF,Low_Vol,Sideways,Medium_Correlation,Transition_Regime
2023-01-18,0.009505807077603005,0.01183696359209631,339019800,ETF,Low_Vol,Sideways,Medium_Correlation,Transition_Regime
2023-01-19,0.010597397128818548,0.011828050192311498,320206500,ETF,Low_Vol,Sideways,Medium_Correlation,Transition_Regime
2023-01-20,0.010127093406408516,0.011860199098201556,329672800,ETF,Low_Vol,Sideways,Medium_Correlation,Transition_Regime
2023-01-23,0.010481411118982277,0.011774606096831229,319937900,ETF,Low_Vol,Sideways,Medium_Correlation,Transition_Regime
2023-01-24,0.005790660743497806,0.011293593214150497,244650800,ETF,Low_Vol,Sideways,Medium_Correlation,Transition_Regime
2023-01-25,0.0033306497807470336,0.011152711824372552,274369800,ETF,Low_Vol,Sideways,Medium_Correlation,Transition_Regime
2023-01-26,0.009578749778018958,0.011163005511306431,270461700,ETF,Low_Vol,Sideways,Medium_Correlation,Transition_Regime
2023-01-27,0.008808247955495634,0.010764547889488331,273699800,ETF,Low_Vol,Sideways,Medium_Correlation,Transition_Regime
2023-01-30,0.007280546157651045,0.01091769446889147,259419000,ETF,Low_Vol,Sideways,Medium_Correlation,Transition_Regime
2023-01-31,0.006099365388016614,0.010997615657922686,284045800,ETF,Low_Vol,Sideways,High_Correlation,Transition_Regime
2023-02-01,0.013383470492913297,0.010930843593994634,393550700,ETF,Medium_Vol,Uptrend,High_Correlation,Transition_Regime
2023-02-02,0.017689980751167688,0.010991213462662953,381699000,ETF,Medium_Vol,Uptrend,High_Correlation,Transition_Regime
2023-02-03,0.011866784302145661,0.011322533993950583,385838800,ETF,Medium_Vol,Uptrend,High_Correlation,Transition_Regime
2023-02-06,0.007233631667669503,0.010793093724320543,250188100,ETF,Low_Vol,Sideways,Medium_Correlation,Transition_Regime
2023-02-07,0.01183381685597978,0.011045491164966573,322622300,ETF,Medium_Vol,Uptrend,Medium_Correlation,Transition_Regime
2023-02-08,0.008268426736672628,0.011262126126321494,263662400,ETF,Low_Vol,Sideways,Medium_Correlation,Transition_Regime
2023-02-09,0.004939699409248497,0.011245307798409137,283887500,ETF,Low_Vol,Sideways,Medium_Correlation,Transition_Regime
2023-02-10,0.012707613159004412,0.011307931832416695,240067400,ETF,Medium_Vol,Sideways,Medium_Correlation,Consolidation
2023-02-13,0.007351630304378415,0.011316970547867197,224654500,ETF,Low_Vol,Sideways,Medium_Correlation,Transition_Regime
2023-02-14,0.0034419700008010423,0.011287828582235178,296763600,ETF,Low_Vol,Sideways,Medium_Correlation,Transition_Regime
2023-02-15,0.007336445272628849,0.010783948607960938,234845300,ETF,Low_Vol,Sideways,Medium_Correlation,Transition_Regime
2023-02-16,0.005549185114975262,0.01078674762067483,275735500,ETF,Low_Vol,Sideways,Medium_Correlation,Transition_Regime
2023-02-17,0.011360095357074051,0.010603545382099103,299669000,ETF,Low_Vol,Sideways,Medium_Correlation,Transition_Regime
2023-02-21,0.008976251074072355,0.011052179195725112,293098400,ETF,Low_Vol,Sideways,Medium_Correlation,Transition_Regime
2023-02-22,0.007545981888719438,0.011055164915095282,287868900,ETF,Low_Vol,Sideways,Medium_Correlation,Transition_Regime
2023-02-23,0.006929334642115631,0.011154675697621429,325956500,ETF,Low_Vol,Sideways,Medium_Correlation,Transition_Regime
2023-02-24,0.008996040411627937,0.011203538213650902,370686200,ETF,Low_Vol,Sideways,Medium_Correlation,Transition_Regime
2023-02-27,0.005757440990289751,0.011218258194861769,275896100,ETF,Low_Vol,Sideways,Medium_Correlation,Transition_Regime
2023-02-28,0.007547845490418175,0.011024258404023605,292068300,ETF,Low_Vol,Sideways,Medium_Correlation,Transition_Regime
2023-03-01,0.008983685498176339,0.010804422798933377,319873000,ETF,Low_Vol,Sideways,Medium_Correlation,Transition_Regime
2023-03-02,0.004919864255425999,0.010362559016634257,287727200,ETF,Low_Vol,Sideways,Medium_Correlation,Transition_Regime
2023-03-03,0.004722275366549464,0.010421398258456472,309211900,ETF,Low_Vol,Sideways,Medium_Correlation,Transition_Regime
2023-03-06,0.0056319799596684745,0.00976430447909807,264465100,ETF,Low_Vol,Sideways,Medium_Correlation,Transition_Regime
2023-03-07,0.011157318979866326,0.010504443510878148,365726500,ETF,Low_Vol,Sideways,Medium_Correlation,Transition_Regime
2023-03-08,0.0053623437728595345,0.010012989659582264,292438600,ETF,Low_Vol,Sideways,Medium_Correlation,Transition_Regime
2023-03-09,0.012847354618343734,0.010515079720325029,419528100,ETF,Medium_Vol,Sideways,Medium_Correlation,Consolidation
2023-03-10,0.015864702152070538,0.010994566864598784,681118600,ETF,Medium_Vol,Sideways,Medium_Correlation,Consolidation
2023-03-13,0.02245611670838423,0.011401990450731635,699055600,ETF,Medium_Vol,Sideways,Medium_Correlation,Consolidation
2023-03-14,0.015642653290292036,0.011765595273093732,545365900,ETF,Medium_Vol,Sideways,Medium_Correlation,Consolidation
2023-03-15,0.019670798930958706,0.01238883415260543,680632000,ETF,Medium_Vol,Sideways,Medium_Correlation,Consolidation
2023-03-16,0.010431406178084015,0.012906631100740184,610679400,ETF,Low_Vol,Sideways,Medium_Correlation,Transition_Regime
2023-03-17,0.018280290197503768,0.013177219410688855,599316700,ETF,Medium_Vol,Sideways,Medium_Correlation,Consolidation
2023-03-20,0.007527084270139157,0.013330020963532389,380712800,ETF,Low_Vol,Sideways,Medium_Correlation,Transition_Regime
2023-03-21,0.013311424490265745,0.01337527136609921,396648700,ETF,Medium_Vol,Sideways,Medium_Correlation,Consolidation
2023-03-22,0.01611639731422587,0.013732005146218688,430157300,ETF,Medium_Vol,Sideways,Medium_Correlation,Consolidation
2023-03-23,0.008523010043613844,0.013655518108174964,444593800,ETF,Low_Vol,Sideways,Medium_Correlation,Transition_Regime
2023-03-24,0.005858591367958777,0.013367048495258039,388658000,ETF,Low_Vol,Sideways,Medium_Correlation,Transition_Regime
2023-03-27,0.01584788704319928,0.013779693686954699,332928900,ETF,Medium_Vol,Sideways,Medium_Correlation,Consolidation
2023-03-28,0.006565063238476844,0.013785186343036212,263265600,ETF,Low_Vol,Sideways,Medium_Correlation,Transition_Regime
2023-03-29,0.008419271335959985,0.013852848882539699,298402700,ETF,Low_Vol,Sideways,Medium_Correlation,Transition_Regime
2023-03-30,0.0067930469996106725,0.013910925859709345,277277700,ETF,Low_Vol,Sideways,Medium_Correlation,Transition_Regime
2023-03-31,0.0069799574026617435,0.013769678526094693,362749100,ETF,Low_Vol,Sideways,Medium_Correlation,Transition_Regime
2023-04-03,0.017036446971416458,0.014139193673984848,317961000,ETF,Medium_Vol,Sideways,Medium_Correlation,Consolidation
2023-04-04,0.014028466460726368,0.013541134647523224,319820300,ETF,Medium_Vol,Sideways,Medium_Correlation,Consolidation
2023-04-05,0.008187350649455739,0.013640097617340835,325170000,ETF,Low_Vol,Sideways,Medium_Correlation,Transition_Regime
2023-04-06,0.005539544303576008,0.013054734395885705,261907000,ETF,Low_Vol,Sideways,Medium_Correlation,Transition_Regime
2023-04-10,0.00511678894412581,0.012581903132770448,235284900,ETF,Low_Vol,Sideways,Medium_Correlation,Transition_Regime
2023-04-11,0.00664168525761497,0.011980089939284594,257328300,ETF,Low_Vol,Sideways,Medium_Correlation,Transition_Regime
2023-04-12,0.008113103910516938,0.011594613850338846,340822100,ETF,Low_Vol,Sideways,Medium_Correlation,Transition_Regime
2023-04-13,0.007510757314186737,0.010819250690307609,335559600,ETF,Low_Vol,Sideways,Medium_Correlation,Transition_Regime
2023-04-14,0.007005764822781324,0.010625571046759494,335839700,ETF,Low_Vol,Sideways,Medium_Correlation,Transition_Regime
2023-04-17,0.00833912803977597,0.009928614656896645,300031400,ETF,Low_Vol,Sideways,Medium_Correlation,Transition_Regime
2023-04-18,0.0032770916243904697,0.009832369841419691,260959800,ETF,Low_Vol,Sideways,Medium_Correlation,Transition_Regime
2023-04-19,0.005855241292080558,0.009474474035697912,239229500,ETF,Low_Vol,Sideways,Medium_Correlation,Transition_Regime
2023-04-20,0.006885284033890599,0.008755151657127749,283844500,ETF,Low_Vol,Sideways,Medium_Correlation,Transition_Regime
2023-04-21,0.0053804081537960026,0.008633541844750795,290240400,ETF,Low_Vol,Sideways,Medium_Correlation,Transition_Regime
2023-04-24,0.005580031966857741,0.00858045283210685,234966700,ETF,Low_Vol,Sideways,Medium_Correlation,Transition_Regime
2023-04-25,0.010390347558054692,0.009094182814775907,339425100,ETF,Low_Vol,Sideways,Medium_Correlation,Transition_Regime
2023-04-26,0.010638397554877369,0.009325963035434032,328271300,ETF,Low_Vol,Sideways,Medium_Correlation,Transition_Regime
2023-04-27,0.009539981376117227,0.009544965470549078,328000600,ETF,Low_Vol,Sideways,Medium_Correlation,Transition_Regime
2023-04-28,0.006001474963150915,0.009550900053242283,325690300,ETF,Low_Vol,Sideways,Medium_Correlation,Transition_Regime
2023-05-01,0.0052327485076407885,0.00936682546088601,272956900,ETF,Low_Vol,Sideways,Medium_Correlation,Transition_Regime
2023-05-02,0.019657925442811173,0.009668452003080577,418396800,ETF,Medium_Vol,Sideways,Medium_Correlation,Consolidation
2023-05-03,0.012436135717097993,0.009492976016545447,385996600,ETF,Low_Vol,Sideways,Medium_Correlation,Transition_Regime
2023-05-04,0.00911286815837773,0.009502386655142428,398300200,ETF,Low_Vol,Sideways,Medium_Correlation,Transition_Regime
2023-05-05,0.01549118670849171,0.010414597974287244,332368700,ETF,Medium_Vol,Sideways,Medium_Correlation,Consolidation
2023-05-08,0.005553611621139644,0.010404696240644395,241850100,ETF,Low_Vol,Sideways,Medium_Correlation,Transition_Regime
2023-05-09,0.004740491653560392,0.01035637357360184,221034000,ETF,Low_Vol,Sideways,Medium_Correlation,Transition_Regime
2023-05-10,0.00673021641232439,0.010306417427186286,326508600,ETF,Low_Vol,Sideways,Medium_Correlation,Transition_Regime
2023-05-11,0.012270314566086668,0.010210303799242617,307117600,ETF,Low_Vol,Sideways,Medium_Correlation,Transition_Regime
2023-05-12,0.004907769207672422,0.010103721068281833,281223600,ETF,Low_Vol,Sideways,Medium_Correlation,Transition_Regime
2023-05-15,0.005804882166410076,0.010177000296887328,239837500,ETF,Low_Vol,Sideways,Medium_Correlation,Transition_Regime
2023-05-16,0.006354420196266916,0.010332581492523116,255995300,ETF,Low_Vol,Sideways,Medium_Correlation,Transition_Regime
2023-05-17,0.01027094942940335,0.010711323102735024,325157700,ETF,Low_Vol,Sideways,Medium_Correlation,Transition_Regime
2023-05-18,0.01028266563283377,0.010823127759583833,332794100,ETF,Low_Vol,Sideways,Medium_Correlation,Transition_Regime
2023-05-19,0.005670461608211701,0.010853022572004328,340510300,ETF,Low_Vol,Sideways,Medium_Correlation,Transition_Regime
2023-05-22,0.00448422792070697,0.010782456101102613,254805000,ETF,Low_Vol,Sideways,Medium_Correlation,Transition_Regime
2023-05-23,0.009197453670690693,0.010450887149147731,308308600,ETF,Low_Vol,Sideways,Medium_Correlation,Transition_Regime
2023-05-24,0.0069180417869369355,0.010447819128985817,324762200,ETF,Low_Vol,Sideways,Medium_Correlation,Transition_Regime
2023-05-25,0.01557462580220766,0.010333428205349375,340454400,ETF,Medium_Vol,Sideways,Medium_Correlation,Consolidation
2023-05-26,0.009672100987977675,0.010544150871069429,312745100,ETF,Low_Vol,Sideways,Medium_Correlation,Transition_Regime
2023-05-30,0.011248284563861387,0.010619831369072357,329238200,ETF,Low_Vol,Sideways,Medium_Correlation,Transition_Regime
2023-05-31,0.009935837017554428,0.009985637805807879,404064700,ETF,Low_Vol,Sideways,Medium_Correlation,Transition_Regime
2023-06-01,0.006694634358401897,0.010034673435961598,334292500,ETF,Low_Vol,Sideways,Medium_Correlation,Transition_Regime
2023-06-02,0.014624283799771704,0.010440134557279507,374376500,ETF,Medium_Vol,Sideways,Medium_Correlation,Consolidation
2023-06-05,0.004504709710539117,0.009807943321538573,290145100,ETF,Low_Vol,Sideways,Medium_Correlation,Transition_Regime
2023-06-06,0.007812689029049621,0.009905601077478775,287551800,ETF,Low_Vol,Sideways,Medium_Correlation,Transition_Regime
2023-06-07,0.011944798955928865,0.010112008076711901,372398600,ETF,Low_Vol,Sideways,Medium_Correlation,Transition_Regime
2023-06-08,0.011463871814745284,0.010354379655491757,280043400,ETF,Low_Vol,Sideways,Medium_Correlation,Transition_Regime
2023-06-09,0.003996999860788378,0.010050128888770927,300721500,ETF,Low_Vol,Uptrend,Medium_Correlation,Bull_Market
2023-06-12,0.014216168521026142,0.010193996703150321,268134800,ETF,Medium_Vol,Uptrend,Medium_Correlation,Transition_Regime
2023-06-13,0.010167761210682951,0.010272605673374903,333324500,ETF,Low_Vol,Uptrend,Medium_Correlation,Bull_Market
2023-06-14,0.007003353647108564,0.010062437699153073,372244700,ETF,Low_Vol,Uptrend,Medium_Correlation,Bull_Market
2023-06-15,0.005586514366540094,0.010052268856966879,375844200,ETF,Low_Vol,Uptrend,Medium_Correlation,Bull_Market
2023-06-16,0.006096286495961098,0.009995957922766542,404287300,ETF,Low_Vol,Uptrend,Medium_Correlation,Bull_Market
2023-06-20,0.01083817192674352,0.010343839664824056,320684200,ETF,Low_Vol,Uptrend,Medium_Correlation,Bull_Market
2023-06-21,0.008822945498893177,0.010509300512254263,293246300,ETF,Low_Vol,Sideways,Medium_Correlation,Transition_Regime
2023-06-22,0.01196966467386763,0.010360041296657631,279233600,ETF,Low_Vol,Sideways,Medium_Correlation,Transition_Regime
2023-06-23,0.006506478949683634,0.010364362111484888,315353000,ETF,Low_Vol,Sideways,Low_Correlation,Transition_Regime
2023-06-26,0.007849526652617667,0.010130886401932809,271038200,ETF,Low_Vol,Sideways,Medium_Correlation,Transition_Regime
2023-06-27,0.010450841081237809,0.009943401480876388,271957700,ETF,Low_Vol,Sideways,Medium_Correlation,Transition_Regime
2023-06-28,0.006233143709797873,0.00976817625117881,268990200,ETF,Low_Vol,Sideways,Medium_Correlation,Transition_Regime
2023-06-29,0.007281575051631346,0.009586921799622065,280024300,ETF,Low_Vol,Sideways,Medium_Correlation,Transition_Regime
2023-06-30,0.003844711404958521,0.009484066576691834,333979600,ETF,Low_Vol,Sideways,Medium_Correlation,Transition_Regime
2023-07-03,0.00414439457778551,0.008821674499712072,140796700,ETF,Low_Vol,Sideways,Medium_Correlation,Transition_Regime
2023-07-05,0.007289632439900771,0.00886734207442015,246238000,ETF,Low_Vol,Sideways,Medium_Correlation,Transition_Regime
2023-07-06,0.006307697832609721,0.009123364240768074,311724100,ETF,Low_Vol,Sideways,Low_Correlation,Transition_Regime
2023-07-07,0.009802636748151152,0.009018908595429464,292070100,ETF,Low_Vol,Sideways,Low_Correlation,Transition_Regime
2023-07-10,0.004647139903425,0.00875885645739187,245816200,ETF,Low_Vol,Sideways,Low_Correlation,Transition_Regime
2023-07-11,0.006954661998875088,0.008917938857614693,238747900,ETF,Low_Vol,Sideways,Low_Correlation,Transition_Regime
2023-07-12,0.010060945303810543,0.009077802099199325,355325900,ETF,Low_Vol,Sideways,Low_Correlation,Transition_Regime
2023-07-13,0.007911168958627118,0.00913956497440662,288109800,ETF,Low_Vol,Uptrend,Low_Correlation,Bull_Market
2023-07-14,0.009620582251809966,0.009327866216314314,306800200,ETF,Low_Vol,Uptrend,Medium_Correlation,Bull_Market
2023-07-17,0.006513399282796382,0.009069358248637695,229467700,ETF,Low_Vol,Uptrend,Medium_Correlation,Bull_Market
2023-07-18,0.006042983601644198,0.009165695123667198,308404400,ETF,Low_Vol,Uptrend,Medium_Correlation,Bull_Market
2023-07-19,0.0028432852223621292,0.008697505731682594,290381600,ETF,Low_Vol,Uptrend,Medium_Correlation,Bull_Market
2023-07-20,0.010818558950128551,0.008908821061235127,334565800,ETF,Low_Vol,Uptrend,Medium_Correlation,Bull_Market
2023-07-21,0.005288444274778797,0.008563905348858593,281364000,ETF,Low_Vol,Sideways,Medium_Correlation,Transition_Regime
2023-07-24,0.008629975105414139,0.00835442358000735,233645300,ETF,Low_Vol,Uptrend,Medium_Correlation,Bull_Market
2023-07-25,0.004969688031667202,0.008262567164345109,225209000,ETF,Low_Vol,Uptrend,Medium_Correlation,Bull_Market
2023-07-26,0.006097740117077064,0.008042009727245586,275524300,ETF,Low_Vol,Sideways,Medium_Correlation,Transition_Regime
2023-07-27,0.009199391827290156,0.008517702340922254,337933600,ETF,Low_Vol,Sideways,Medium_Correlation,Transition_Regime
2023-07-28,0.005979119090001922,0.008635856550302579,271689200,ETF,Low_Vol,Sideways,Medium_Correlation,Transition_Regime
2023-07-31,0.007088661104202567,0.008507242842598944,249741700,ETF,Low_Vol,Uptrend,Medium_Correlation,Bull_Market
2023-08-01,0.00513125924024522,0.008692750481395324,242466800,ETF,Low_Vol,Sideways,Medium_Correlation,Transition_Regime
2023-08-02,0.008130788552197706,0.00936156797967531,362442300,ETF,Low_Vol,Sideways,Medium_Correlation,Transition_Regime
2023-08-03,0.0075662494642526135,0.008997531765307048,270963100,ETF,Low_Vol,Sideways,Medium_Correlation,Transition_Regime
2023-08-04,0.006010476293275408,0.008939070999513975,323947000,ETF,Low_Vol,Sideways,Medium_Correlation,Transition_Regime
2023-08-07,0.00816350663562493,0.009027467792382395,229752700,ETF,Low_Vol,Sideways,Medium_Correlation,Transition_Regime
2023-08-08,0.006341765280042349,0.008996025164656812,278097800,ETF,Low_Vol,Sideways,Medium_Correlation,Transition_Regime
2023-08-09,0.007539662512843095,0.008566973138356549,286488500,ETF,Low_Vol,Sideways,Medium_Correlation,Transition_Regime
2023-08-10,0.003939576172876342,0.008217331763700798,335961200,ETF,Low_Vol,Sideways,Medium_Correlation,Transition_Regime
2023-08-11,0.006431977664829547,0.007933298857489557,254914100,ETF,Low_Vol,Sideways,Medium_Correlation,Transition_Regime
2023-08-14,0.006256408235371121,0.00789805455625242,223669600,ETF,Low_Vol,Sideways,Medium_Correlation,Transition_Regime
2023-08-15,0.005896106739058303,0.008011040629794557,300832300,ETF,Low_Vol,Sideways,Medium_Correlation,Transition_Regime
2023-08-16,0.0038741305499612267,0.008119202050092988,289021000,ETF,Low_Vol,Sideways,Medium_Correlation,Transition_Regime
2023-08-17,0.007827783079131713,0.007979154066291402,335269400,ETF,Low_Vol,Sideways,Medium_Correlation,Transition_Regime
2023-08-18,0.004161722738522694,0.007975393060561027,329875500,ETF,Low_Vol,Sideways,Medium_Correlation,Transition_Regime
2023-08-21,0.008767924213835923,0.008065214992740205,264285500,ETF,Low_Vol,Sideways,Medium_Correlation,Transition_Regime
2023-08-22,0.003426492547662407,0.007972585791047771,256374900,ETF,Low_Vol,Sideways,Medium_Correlation,Transition_Regime
2023-08-23,0.010540542146000581,0.008547558557805687,277601600,ETF,Low_Vol,Sideways,Medium_Correlation,Transition_Regime
2023-08-24,0.007146764174496247,0.008499115822127094,312239800,ETF,Low_Vol,Sideways,Medium_Correlation,Transition_Regime
2023-08-25,0.004406592704565829,0.008215478259455337,351051200,ETF,Low_Vol,Sideways,Medium_Correlation,Transition_Regime
2023-08-28,0.0034597764162414657,0.008205185170468476,231637800,ETF,Low_Vol,Sideways,Medium_Correlation,Transition_Regime
2023-08-29,0.005492285990728771,0.008685347616634984,309151600,ETF,Low_Vol,Sideways,Medium_Correlation,Transition_Regime
2023-08-30,0.0036738679610554465,0.008093292145025872,251539900,ETF,Low_Vol,Sideways,High_Correlation,Transition_Regime
2023-08-31,0.007159254460475899,0.008075478165898623,231689600,ETF,Low_Vol,Sideways,High_Correlation,Transition_Regime
2023-09-01,0.009099293873124204,0.00821596881884988,257901400,ETF,Low_Vol,Sideways,High_Correlation,Transition_Regime
2023-09-05,0.00911649901989175,0.00829745355345909,256172300,ETF,Low_Vol,Sideways,High_Correlation,Transition_Regime
2023-09-06,0.005630495354816849,0.008263697680021354,281785900,ETF,Low_Vol,Sideways,Medium_Correlation,Transition_Regime
2023-09-07,0.005438118950609391,0.008242630640293583,276707700,ETF,Low_Vol,Sideways,Medium_Correlation,Transition_Regime
2023-09-08,0.0027752412634873156,0.00819396830195191,236103000,ETF,Low_Vol,Sideways,Medium_Correlation,Transition_Regime
2023-09-11,0.006195682588024746,0.008249702332785712,221332200,ETF,Low_Vol,Sideways,Medium_Correlation,Transition_Regime
2023-09-12,0.009900162579436914,0.008373815573780948,265340300,ETF,Low_Vol,Sideways,Medium_Correlation,Transition_Regime
2023-09-13,0.0037379809748745536,0.007957641744426721,242372400,ETF,Low_Vol,Sideways,Medium_Correlation,Transition_Regime
2023-09-14,0.006955883913604249,0.00788145723308031,321526400,ETF,Low_Vol,Sideways,Medium_Correlation,Transition_Regime
2023-09-15,0.00954751478714805,0.008081959276876006,380738800,ETF,Low_Vol,Sideways,Medium_Correlation,Transition_Regime
2023-09-18,0.004102448784748428,0.008086223665403507,227423900,ETF,Low_Vol,Sideways,Medium_Correlation,Transition_Regime
2023-09-19,0.002466843800347786,0.00793026650434098,246795400,ETF,Low_Vol,Sideways,Medium_Correlation,Transition_Regime
2023-09-20,0.006160847917569586,0.008122054201737793,286769300,ETF,Low_Vol,Sideways,Medium_Correlation,Transition_Regime
2023-09-21,0.007254312571679872,0.008026910576608672,363780700,ETF,Low_Vol,Sideways,Medium_Correlation,Transition_Regime
2023-09-22,0.004493656661306129,0.0077737594861030474,320895100,ETF,Low_Vol,Sideways,Medium_Correlation,Transition_Regime
2023-09-25,0.00724439261110605,0.007810405421079673,281926500,ETF,Low_Vol,Sideways,Medium_Correlation,Transition_Regime
2023-09-26,0.006505447912241724,0.008000715258523108,345598100,ETF,Low_Vol,Sideways,Medium_Correlation,Transition_Regime
2023-09-27,0.010541291886516826,0.00747124355127759,373340800,ETF,Low_Vol,Sideways,Medium_Correlation,Transition_Regime
2023-09-28,0.006276397212764634,0.007662050784416178,362584600,ETF,Low_Vol,Sideways,Medium_Correlation,Transition_Regime
2023-09-29,0.006809499157562221,0.007725292834021329,422099200,ETF,Low_Vol,Sideways,Medium_Correlation,Transition_Regime
2023-10-02,0.013145696195408145,0.007938714222825629,389359200,ETF,Low_Vol,Sideways,Medium_Correlation,Transition_Regime
2023-10-03,0.007270927546768452,0.008069496694844955,409044400,ETF,Low_Vol,Sideways,Medium_Correlation,Transition_Regime
2023-10-04,0.017569531352332503,0.008699903744451207,371649600,ETF,Medium_Vol,Downtrend,Medium_Correlation,Transition_Regime
2023-10-05,0.006625912872460668,0.008719204386446262,304456300,ETF,Low_Vol,Downtrend,Medium_Correlation,Bear_Market
2023-10-06,0.007550710347336254,0.009203897895432897,417623300,ETF,Low_Vol,Sideways,Medium_Correlation,Transition_Regime
2023-10-09,0.01203563884339986,0.009617039297950923,320823300,ETF,Low_Vol,Sideways,Medium_Correlation,Transition_Regime
2023-10-10,0.006010729913456832,0.009631572833839764,321067200,ETF,Low_Vol,Sideways,Medium_Correlation,Transition_Regime
2023-10-11,0.006940626971014633,0.009735820743060513,292628200,ETF,Low_Vol,Sideways,Medium_Correlation,Transition_Regime
2023-10-12,0.005514708962692245,0.009642965763641457,321993000,ETF,Low_Vol,Sideways,Low_Correlation,Transition_Regime
2023-10-13,0.01926138989828323,0.010127081305349539,372464400,ETF,Medium_Vol,Sideways,Medium_Correlation,Consolidation
2023-10-16,0.007786657212503693,0.010372749067348228,300241200,ETF,Low_Vol,Sideways,Low_Correlation,Transition_Regime
2023-10-17,0.006038524777727064,0.010449651308764438,318285000,ETF,Low_Vol,Sideways,Medium_Correlation,Transition_Regime
2023-10-18,0.011191119104056521,0.010686740512476372,357190000,ETF,Low_Vol,Sideways,Medium_Correlation,Transition_Regime
2023-10-19,0.010066937902764904,0.010441157748553503,470748500,ETF,Low_Vol,Sideways,Medium_Correlation,Transition_Regime
2023-10-20,0.009120037935389869,0.010694708308871793,455547700,ETF,Low_Vol,Sideways,Medium_Correlation,Transition_Regime
2023-10-23,0.0077362284839215785,0.010693986462887975,387089800,ETF,Low_Vol,Sideways,Medium_Correlation,Transition_Regime
2023-10-24,0.009509785133657859,0.010571324399007384,302211700,ETF,Low_Vol,Sideways,Medium_Correlation,Transition_Regime
2023-10-25,0.00997438704918951,0.010726931245094032,385310200,ETF,Low_Vol,Sideways,Medium_Correlation,Transition_Regime
2023-10-26,0.008634388645141836,0.01081730657678973,438943900,ETF,Low_Vol,Downtrend,Medium_Correlation,Bear_Market
2023-10-27,0.011996408293727426,0.010920717830145324,424869500,ETF,Medium_Vol,Downtrend,Medium_Correlation,Transition_Regime
2023-10-30,0.011227044102208348,0.010834964305275079,349558600,ETF,Low_Vol,Sideways,Medium_Correlation,Transition_Regime
2023-10-31,0.007873757227375345,0.010660374034940277,323979000,ETF,Low_Vol,Sideways,Medium_Correlation,Transition_Regime
2023-11-01,0.006910441849625959,0.010500512375021311,398055400,ETF,Low_Vol,Sideways,Medium_Correlation,Transition_Regime
2023-11-02,0.009172950677961174,0.011203472043314714,366147700,ETF,Low_Vol,Sideways,Medium_Correlation,Transition_Regime
2023-11-03,0.010466749993256147,0.0112431003358822,397728000,ETF,Low_Vol,Sideways,Medium_Correlation,Transition_Regime
2023-11-06,0.00591915731392145,0.010934481935254016,279625600,ETF,Low_Vol,Sideways,Medium_Correlation,Transition_Regime
2023-11-07,0.013333570809808501,0.011088043470651473,282968500,ETF,Medium_Vol,Sideways,Medium_Correlation,Consolidation
2023-11-08,0.00731076202092277,0.01110581178186128,280990900,ETF,Low_Vol,Sideways,Medium_Correlation,Transition_Regime
2023-11-09,0.006272112226979487,0.011108736200626468,321949200,ETF,Low_Vol,Sideways,Medium_Correlation,Transition_Regime
2023-11-10,0.01145616067525505,0.01074212181436174,310910100,ETF,Low_Vol,Sideways,Medium_Correlation,Transition_Regime
2023-11-13,0.005068245605262253,0.010634087102778461,235913600,ETF,Low_Vol,Sideways,Medium_Correlation,Transition_Regime
2023-11-14,0.013211637604582391,0.011620324131359536,419571500,ETF,Medium_Vol,Sideways,Medium_Correlation,Consolidation
2023-11-15,0.006829938470260442,0.01119646018273792,340946400,ETF,Low_Vol,Sideways,Medium_Correlation,Transition_Regime
2023-11-16,0.014701420546035886,0.01113483564202586,307476500,ETF,Medium_Vol,Sideways,Medium_Correlation,Consolidation
2023-11-17,0.010946218366536031,0.010985947259351031,314079200,ETF,Low_Vol,Sideways,Medium_Correlation,Transition_Regime
2023-11-20,0.0075604027884867,0.010949138286779639,265940500,ETF,Low_Vol,Sideways,Medium_Correlation,Transition_Regime
2023-11-21,0.00673611522950612,0.011035657017296748,239509500,ETF,Low_Vol,Sideways,Medium_Correlation,Transition_Regime
2023-11-22,0.004936804416663545,0.01047723209932645,249736700,ETF,Low_Vol,Sideways,Medium_Correlation,Transition_Regime
2023-11-24,0.008243680593249205,0.010130542312641681,118553300,ETF,Low_Vol,Sideways,Low_Correlation,Transition_Regime
2023-11-27,0.005983376234161874,0.009822880546232515,248869200,ETF,Low_Vol,Uptrend,Low_Correlation,Bull_Market
2023-11-28,0.006728540126746325,0.009799882746859988,263378700,ETF,Low_Vol,Uptrend,Medium_Correlation,Bull_Market
2023-11-29,0.005729221049237239,0.00978588059716547,278205500,ETF,Low_Vol,Uptrend,Medium_Correlation,Bull_Market
2023-11-30,0.010422979567097078,0.009785079277094075,322918400,ETF,Low_Vol,Uptrend,Medium_Correlation,Bull_Market
2023-12-01,0.008462505377403022,0.009235779535517779,377787400,ETF,Low_Vol,Uptrend,Medium_Correlation,Bull_Market
2023-12-04,0.010483543058168166,0.009461314533028871,350746600,ETF,Low_Vol,Sideways,Medium_Correlation,Transition_Regime
2023-12-05,0.007647930249599793,0.00951015775838198,300608800,ETF,Low_Vol,Sideways,Low_Correlation,Transition_Regime
2023-12-06,0.010870330894189066,0.009470579050181371,311160600,ETF,Low_Vol,Sideways,Low_Correlation,Transition_Regime
2023-12-07,0.005847967439669096,0.009447480915979833,284140600,ETF,Low_Vol,Sideways,Medium_Correlation,Transition_Regime
2023-12-08,0.011767216794057896,0.009290574947073013,308127300,ETF,Low_Vol,Sideways,Medium_Correlation,Transition_Regime
2023-12-11,0.005452780560031352,0.008886206272433103,306792600,ETF,Low_Vol,Sideways,Low_Correlation,Transition_Regime
2023-12-12,0.011268383072825707,0.00892366747731002,288595200,ETF,Low_Vol,Sideways,Medium_Correlation,Transition_Regime
2023-12-13,0.00927345664602171,0.008462535984921356,426047700,ETF,Low_Vol,Uptrend,Low_Correlation,Bull_Market
2023-12-14,0.010706965737617452,0.00877566598657355,474131800,ETF,Low_Vol,Uptrend,Low_Correlation,Bull_Market
2023-12-15,0.0053253050053672256,0.008652778398084036,468375100,ETF,Low_Vol,Uptrend,Low_Correlation,Bull_Market
2023-12-18,0.004183701631861753,0.008468129897779944,308283900,ETF,Low_Vol,Uptrend,Low_Correlation,Bull_Market
2023-12-19,0.005093308110428676,0.008430983905522316,275152600,ETF,Low_Vol,Uptrend,Low_Correlation,Bull_Market
2023-12-20,0.007700692796637179,0.009098246836355997,391171400,ETF,Low_Vol,Sideways,Low_Correlation,Transition_Regime
2023-12-21,0.0057348919317226936,0.009358481652587895,301179900,ETF,Low_Vol,Uptrend,Low_Correlation,Bull_Market
2023-12-22,0.004181097197854987,0.009258978579177086,274796900,ETF,Low_Vol,Uptrend,Medium_Correlation,Bull_Market
2023-12-26,0.00514441746730107,0.009225021501266762,203252200,ETF,Low_Vol,Uptrend,Medium_Correlation,Bull_Market
2023-12-27,0.005983785263349543,0.00915444693961851,256918100,ETF,Low_Vol,Uptrend,Low_Correlation,Bull_Market
2023-12-28,0.007810108840087573,0.009216285134483315,252711800,ETF,Low_Vol,Uptrend,Low_Correlation,Bull_Market
2023-12-29,0.004478363185303841,0.009182028838510606,325105800,ETF,Low_Vol,Sideways,Medium_Correlation,Transition_Regime
